vehicle,generation,ecu,role,diag_addr,did,service,service_type,job_arg,description_en,description_de,n_result_fields,n_arg_fields,single_result_type,single_result_unit,sources,only_in_2012_sgbd
BMW i3 / i3s (I01),Gen3 BEV (2013-2022),SME,HV battery management,0x07,0x6334,22,read,ALTERUNG_INNENWIDERSTAND_TS,"Aging of the internal resistance in percent: Internal resistance of the storage tank when new is related to the current value of the internal resistance (R_neu / R_akt) * 100 (100% = new condition, decreases with aging)","Alterung des Innenwiderstands in Prozent: Innenwiderstand des Speichers im Neuzustand auf den aktuellen Wert des Innenwiderstands bezogen  (R_neu /R_akt) *100   (100% = Neuzustand, sinkt mit Alterung)",1,0,unsigned long,%,"sme_i1.prg (OVMS dump, GPL-3.0) | sme_i1.prg rev 0.911 (2012)",
BMW i3 / i3s (I01),Gen3 BEV (2013-2022),SME,HV battery management,0x07,0x6335,22,read,ALTERUNG_KAPAZITAET_TS,Remaining capacity of the memory,Restkapazitaet des Speichers,1,0,unsigned long,%,"sme_i1.prg (OVMS dump, GPL-3.0) | sme_i1.prg rev 0.911 (2012)",
BMW i3 / i3s (I01),Gen3 BEV (2013-2022),SME,HV battery management,0x07,0x6500,2E,write,_SOC_GRENZEN,State of charge limit values,State of Charge Grenzwerte,0,2,,,"sme_i1.prg (OVMS dump, GPL-3.0) | sme_i1.prg rev 0.911 (2012)",
BMW i3 / i3s (I01),Gen3 BEV (2013-2022),SME,HV battery management,0x07,0x6501,2E,write,_ISOLATION,Insulation monitoring,Isolationsüberwachung,0,2,,,"sme_i1.prg (OVMS dump, GPL-3.0) | sme_i1.prg rev 0.911 (2012)",
BMW i3 / i3s (I01),Gen3 BEV (2013-2022),SME,HV battery management,0x07,0x6502,2E,write,_UEBERLAST_SCHWELLE,Charge and discharge current limits,Lade- und Entladestromgrenzen,0,2,,,"sme_i1.prg (OVMS dump, GPL-3.0) | sme_i1.prg rev 0.911 (2012)",
BMW i3 / i3s (I01),Gen3 BEV (2013-2022),SME,HV battery management,0x07,0x6503,2E,write,_KURZSCHLUSS_STROMGRENZE,Short circuit current limit,Kurzschluss Stromgrenze,0,2,,,"sme_i1.prg (OVMS dump, GPL-3.0) | sme_i1.prg rev 0.911 (2012)",
BMW i3 / i3s (I01),Gen3 BEV (2013-2022),SME,HV battery management,0x07,0x6504,2E,write,_LADE_SPANNUNGSGRENZE,Load voltage limit,Lade Spannungsgrenze,0,2,,,"sme_i1.prg (OVMS dump, GPL-3.0) | sme_i1.prg rev 0.911 (2012)",
BMW i3 / i3s (I01),Gen3 BEV (2013-2022),SME,HV battery management,0x07,0x6506,2E,write,_SCHUETZ_K1,K1 contactor,K1 Schütz,0,2,,,"sme_i1.prg (OVMS dump, GPL-3.0) | sme_i1.prg rev 0.911 (2012)",
BMW i3 / i3s (I01),Gen3 BEV (2013-2022),SME,HV battery management,0x07,0x6507,2E,write,_SCHUETZ_K2,K2 contactor,K2 Schütz,0,2,,,"sme_i1.prg (OVMS dump, GPL-3.0) | sme_i1.prg rev 0.911 (2012)",
BMW i3 / i3s (I01),Gen3 BEV (2013-2022),SME,HV battery management,0x07,0x6508,2E,write,_SCHUETZ_K3,K3 contactor,K3 Schütz,0,2,,,"sme_i1.prg (OVMS dump, GPL-3.0) | sme_i1.prg rev 0.911 (2012)",
BMW i3 / i3s (I01),Gen3 BEV (2013-2022),SME,HV battery management,0x07,0x650B,2E,write,_ENTLADE_SPANNUNGSGRENZE,Discharge voltage limit,Entlade-Spannungsgrenze,0,2,,,"sme_i1.prg (OVMS dump, GPL-3.0) | sme_i1.prg rev 0.911 (2012)",
BMW i3 / i3s (I01),Gen3 BEV (2013-2022),SME,HV battery management,0x07,0x6511,2E,write,_SYM_MODUS,Symmetry mode of the SEM,Symmetriemodus der SEM,0,2,,,"sme_i1.prg (OVMS dump, GPL-3.0) | sme_i1.prg rev 0.911 (2012)",
BMW i3 / i3s (I01),Gen3 BEV (2013-2022),SME,HV battery management,0x07,0x6512,2E,write,_MESSBOTSCHAFTEN,Switch measurement messages on / off,Messbotschaften ein/ausschalten,0,2,,,"sme_i1.prg (OVMS dump, GPL-3.0) | sme_i1.prg rev 0.911 (2012)",
BMW i3 / i3s (I01),Gen3 BEV (2013-2022),SME,HV battery management,0x07,0x6516,22,read,_ST_SYM_MODUS,Status of the balancing,Status der Symmetrierung,1,0,unsigned char,0-n,"sme_i1.prg (OVMS dump, GPL-3.0) | sme_i1.prg rev 0.911 (2012)",
BMW i3 / i3s (I01),Gen3 BEV (2013-2022),SME,HV battery management,0x07,0x6519,2E,write,_CSC_STANDBY,Put CSCs in standby mode,CSCs in Standby-Mode setzen,0,2,,,"sme_i1.prg (OVMS dump, GPL-3.0) | sme_i1.prg rev 0.911 (2012)",
BMW i3 / i3s (I01),Gen3 BEV (2013-2022),SME,HV battery management,0x07,0x651B,2E,write,_ANFORDERUNG_SCHUETZE_SCHLIESSEN,Close contactor,Schütze schließen,0,2,,,"sme_i1.prg (OVMS dump, GPL-3.0) | sme_i1.prg rev 0.911 (2012)",
BMW i3 / i3s (I01),Gen3 BEV (2013-2022),SME,HV battery management,0x07,0x651C,2E,write,_STEUERN_PRUEFSTANDSMODUS,"Open the operating limits of SOC, current, voltage and temperature up to the safety limits and deactivate the ISO monitor","Betriebsgrenzen von SOC, Strom, Spannung und Temperatur bis auf die Sicherheitsgrenzen öffnen und ISO-Wächter deaktivieren",0,2,,,"sme_i1.prg (OVMS dump, GPL-3.0) | sme_i1.prg rev 0.911 (2012)",
BMW i3 / i3s (I01),Gen3 BEV (2013-2022),SME,HV battery management,0x07,0x651D,22,read,_UEBERLAST_ZAHELER,Diagnostic job to read out the overload failures that have occurred for warranty returns,Diagnosejob zum Auslesen der aufgetretenen Überlastausfälle für Gewährleistungs-Rückläufer,8,0,,,"sme_i1.prg (OVMS dump, GPL-3.0)",
BMW i3 / i3s (I01),Gen3 BEV (2013-2022),SME,HV battery management,0x07,0x651F,2E,write,_NV_DATA_RESET,Reset NV data of the SME to the initial state,NV-Daten der SME auf Initialzustand zurücksetzen,0,2,,,"sme_i1.prg (OVMS dump, GPL-3.0)",
BMW i3 / i3s (I01),Gen3 BEV (2013-2022),SME,HV battery management,0x07,0x6525,2E,write,_STEUERN_UEBERNAHME_KAPATEST_NV,Diagnostic switch to control the transfer of the result of a capacity test to the SoH_C estimator,Diagnoseschalter um Übernahme vom Ergebnis eines Kapazitätstests in den SoH_C-Schätzer zu steuern,0,2,,,"sme_i1.prg (OVMS dump, GPL-3.0)",
BMW i3 / i3s (I01),Gen3 BEV (2013-2022),SME,HV battery management,0x07,0x6526,22,read,_STATUS_UEBERNAHME_KAPATEST_NV,"Current setting of the transfer of the results of a capacity test to the SoH_C estimator (0: no transfer, 1: transfer (standard))","Aktuelle Einstellung der Ergebnisübertragung eines Kapazitätstests in den SoH_C-Schätzer (0: keine Übernahme, 1: Übernahme (standard))",1,0,unsigned char,0-n,"sme_i1.prg (OVMS dump, GPL-3.0)",
BMW i3 / i3s (I01),Gen3 BEV (2013-2022),SME,HV battery management,0x07,0x6527,2E,write,_ADRESSBEREICH,'' This control job can be used to activate a switchover of the SME to one of 16 predefined CAN address areas in conjunction with one of 16 predefined diagnostic addresses that deviate from the standard SME addresses.,"'Mit diesem Steuernjob kann eine Umschaltung der SME auf einen von 16 vordefinierten CAN-Adressbereichen in Verbindung mit einer von 16 vordefinierten Diagnoseadressen aktiviert werden, die von den standardmäßigen SME-Adressen abweichen.",0,2,,,"sme_i1.prg (OVMS dump, GPL-3.0)",
BMW i3 / i3s (I01),Gen3 BEV (2013-2022),SME,HV battery management,0x07,0x6528,2E,write,_DEM_TEST,Activate fault memory test,Fehlerspeicher Test aktivieren,0,2,,,"sme_i1.prg (OVMS dump, GPL-3.0)",
BMW i3 / i3s (I01),Gen3 BEV (2013-2022),SME,HV battery management,0x07,0x6529,2E,write,_DEM_TEST_EINTRAG,Set fault memory entry in test mode,Fehlerspeichereintrag im Test Modus setzen,0,2,,,"sme_i1.prg (OVMS dump, GPL-3.0)",
BMW i3 / i3s (I01),Gen3 BEV (2013-2022),SME,HV battery management,0x07,0xAD5E,31,routine,ISOLATIONSWIDERSTAND_KOMMUNIKATION,JOB CANCELED Activation of the BN signal AVL_ISRE on the vehicle bus.,JOB ENTFALLEN  Aktivieren des BN-Signal AVL_ISRE auf dem Fahrzeugbus.,1,0,unsigned char,0-n,"sme_i1.prg (OVMS dump, GPL-3.0)",
BMW i3 / i3s (I01),Gen3 BEV (2013-2022),SME,HV battery management,0x07,0xAD61,31,routine,ISOLATION,Isolation test result,Ergebnis Isolationstest,2,0,,,"sme_i1.prg (OVMS dump, GPL-3.0) | sme_i1.prg rev 0.911 (2012)",
BMW i3 / i3s (I01),Gen3 BEV (2013-2022),SME,HV battery management,0x07,0xAD66,31,routine,KAPAZITAET_BESTIMMUNG,Determination of the capacity,Bestimmung der Kapazität,2,0,,,"sme_i1.prg (OVMS dump, GPL-3.0) | sme_i1.prg rev 0.911 (2012)",
BMW i3 / i3s (I01),Gen3 BEV (2013-2022),SME,HV battery management,0x07,0xAD6A,31,routine,HEIZUNG,Activation and reading of the heating in the HV battery,Aktivieren und Auslesen der Heizung in HV-Batterie,1,0,unsigned char,0-n,"sme_i1.prg (OVMS dump, GPL-3.0) | sme_i1.prg rev 0.911 (2012)",
BMW i3 / i3s (I01),Gen3 BEV (2013-2022),SME,HV battery management,0x07,0xAD6B,31,routine,SYMMETRIERUNG,Activate balancing,Symmetrierung ansteueren,1,0,unsigned char,0-n,"sme_i1.prg (OVMS dump, GPL-3.0) | sme_i1.prg rev 0.911 (2012)",
BMW i3 / i3s (I01),Gen3 BEV (2013-2022),SME,HV battery management,0x07,0xAD6C,31,routine,ZELLSPANNUNG_UNPLAUSIBEL_LESEN,"Returns the module number of the CSCs in which an implausible voltage value was detected (linked to DTC). The return value is a component vector length 8) with the assignment 0 = no error, 1 = error detected.","Liefert die Modulnummer der CSCs zurück, in der ein unplausibler Spannungswert detektiert wurde (verknüpft mit DTC). Rückgabewert ist ein Komponentenvektor Länge 8) mit der Belegung 0 = kein Fehler, 1 = Fehler erkannt.",1,1,unsigned char,0/1,"sme_i1.prg (OVMS dump, GPL-3.0) | sme_i1.prg rev 0.911 (2012)",
BMW i3 / i3s (I01),Gen3 BEV (2013-2022),SME,HV battery management,0x07,0xAD6D,31,routine,MODULTEMPERATUREN_LESEN,Currently measured temperature from the selected module,Aktuell gemessene Temperatur vom ausgewählten Modul,1,1,signed int,°C,"sme_i1.prg (OVMS dump, GPL-3.0) | sme_i1.prg rev 0.911 (2012)",
BMW i3 / i3s (I01),Gen3 BEV (2013-2022),SME,HV battery management,0x07,0xAD6E,31,routine,ZELLSPANNUNG_LESEN,Cell whose voltage is to be determined,Zelle deren Spannung ermittelt werden soll,1,1,unsigned int,V,"sme_i1.prg (OVMS dump, GPL-3.0) | sme_i1.prg rev 0.911 (2012)",
BMW i3 / i3s (I01),Gen3 BEV (2013-2022),SME,HV battery management,0x07,0xAD6F,31,routine,HIS_TEMP_MOD_LESEN,Time (minutes with HVON and 100ms with NO_OP) in various temperature classes of the maximum and minimum cell temperature of individual modules (storage in operation) and the mean cell temperature of the individual modules (storage out of operation). ATTENTION: The correct unit of the output value STAT_HIS_TEMP_NO_OP_MOD_MEAN_X_WERT is [100ms] and not [min] as entered in the UNIT box. The counter can start again from zero around 13.2 years from the beginning of the logging process due to integer overflow.,"Zeit (Minuten bei HVON und 100ms bei NO_OP) in verschiedenen Temperaturklassen der maximalen und minimalen Zelltemperatur von einzelnen Modulen (Speicher in Betrieb) und der mittleren Zelltemperatur der einzelnen Module (Speicher außer Betrieb). ACHTUNG: Die korrekte Einheit des Ausgangwerts STAT_HIS_TEMP_NO_OP_MOD_MEAN_X_WERT ist [100ms] und nicht [min] wie im Kasten EINHEIT eingetragen ist.  Der Counter kann ab ca. 13,2 Jahre von Logging-Anfgang aufgrund von Integer-overflow wieder von null anfangen.",26,1,,,"sme_i1.prg (OVMS dump, GPL-3.0) | sme_i1.prg rev 0.911 (2012)",
BMW i3 / i3s (I01),Gen3 BEV (2013-2022),SME,HV battery management,0x07,0xAD70,31,routine,HIS_ERR_LIM_SPANNUNG_MOD_LESEN,"Output of the dwell time in voltage fault limit classes of individual modules. At temperatures <-10 ° C, the voltage error limit changes depending on the temperature. (Samsung)",Ausgabe der Verweildauer in Spannungsfehlergrenzklassen von einzelnen Modulen. Bei Temperaturen < -10°C verändert sich die Spannungsfehlergrenze temperaturabhängig. (Samsung),6,1,,,"sme_i1.prg (OVMS dump, GPL-3.0) | sme_i1.prg rev 0.911 (2012)",
BMW i3 / i3s (I01),Gen3 BEV (2013-2022),SME,HV battery management,0x07,0xAD71,31,routine,HIS_SPANNUNG_MOD_LESEN,Time in minutes in different voltage classes of individual modules,Zeit in Minuten in verschiedenen Spannungsklassen von einzelnen Modulen,6,1,,,"sme_i1.prg (OVMS dump, GPL-3.0) | sme_i1.prg rev 0.911 (2012)",
BMW i3 / i3s (I01),Gen3 BEV (2013-2022),SME,HV battery management,0x07,0xAD73,31,routine,HEIZUNG_FUNKTION,Execution of the functional diagnosis heating,Ausführen der funktionale Diagnose Heizung,1,0,unsigned char,0-n,"sme_i1.prg (OVMS dump, GPL-3.0) | sme_i1.prg rev 0.911 (2012)",
BMW i3 / i3s (I01),Gen3 BEV (2013-2022),SME,HV battery management,0x07,0xAD74,31,routine,HIS_ZELL_DSOCS_LESEN,"Reading out the totaled Delta_SOC values of all individual cells over X_end driving cycles (X_end = 30, can be calibrated).","Auslesen der aufsummierten Delta_SOC-Werte alle Einzelzellen über X_end Fahrzyklen(X_end=30, kalibrierbar).",2,1,,,"sme_i1.prg (OVMS dump, GPL-3.0) | sme_i1.prg rev 0.911 (2012)",
BMW i3 / i3s (I01),Gen3 BEV (2013-2022),SME,HV battery management,0x07,0xAD75,31,routine,SYMMETRIERUNG_FIXSPG,Triggering the voltage-controlled balancing by means of the target voltage specification,Anstoßen der spannungsgesteuerte Symmetrierung per Zielspannungsvorgabe,1,1,unsigned char,0-n,"sme_i1.prg (OVMS dump, GPL-3.0) | sme_i1.prg rev 0.911 (2012)",
BMW i3 / i3s (I01),Gen3 BEV (2013-2022),SME,HV battery management,0x07,0xAD76,31,routine,CSC_IDS_LESEN,Enter the CSC number to read out the DMC from CSC x,Eingabe der CSC-Nummer zum Auslesen des DMC  von CSC x,1,1,string[28],TEXT,"sme_i1.prg (OVMS dump, GPL-3.0) | sme_i1.prg rev 0.911 (2012)",
BMW i3 / i3s (I01),Gen3 BEV (2013-2022),SME,HV battery management,0x07,0xAD77,31,routine,STEUERN_MIN_KAPAZITAET_MOD_LESEN,"Reading out the current minimum capacity of module x, based on the capacity quotient (capacity quotient = (C_akt / C_nenn (new)) * 100 (100% = corresponds to nominal capacity; capacity quotient> 100% corresponds to cell capacity> nominal capacity, capacity quotient <100% corresponds to cell capacity <nominal capacity) .","Auslesen der aktuellen minimalen Kapazität des Modul x, bezogen auf Kapazitätsquotient (Kapazitätsquotient  = (C_akt /C_nenn(neu)) *100   (100% = entspricht Nennkapazitaet; Kapazitaetsquotient > 100%  entspricht Zellkapazitaet > Nennkapazitaet, Kapazitaetsquotient < 100%  entspricht Zellkapazitaet < Nennkapazitaet).",1,1,unsigned char,%,"sme_i1.prg (OVMS dump, GPL-3.0)",
BMW i3 / i3s (I01),Gen3 BEV (2013-2022),SME,HV battery management,0x07,0xAD78,31,routine,MAX_INNENWIDERSTANDSFAKTOR_MOD_LESEN,"Reading out the current maximum internal resistance factor of module x, (factor = 0-5 with two decimal places; factor &lt;1 corresponds to a reduced cell internal resistance compared to the average, factor&gt; 1 corresponds to an increased cell resistance compared to the average)","Auslesen des aktuellen maximalen Innenwiderstandsfaktors des Modul x, (Faktor= 0-5 mit zwei Nachkommastellen; Faktor < 1 entspricht reduziertem Zellinnenwiderstand gegenüber den Durschnitt, Faktor >1  entspricht einem erhöhten Zellwiderstand gegenüber dem Durchschnitt )",1,1,unsigned int,,"sme_i1.prg (OVMS dump, GPL-3.0)",
BMW i3 / i3s (I01),Gen3 BEV (2013-2022),SME,HV battery management,0x07,0xAD79,31,routine,ZELLPACK_STATUS_LESEN,"Reading out the aging status (e.g. defect, etc.) of module x",Auslesen des Alterungsstatus (z.B Defekt usw.) des Modul x,1,1,unsigned char,0-n,"sme_i1.prg (OVMS dump, GPL-3.0)",
BMW i3 / i3s (I01),Gen3 BEV (2013-2022),SME,HV battery management,0x07,0xAD7A,31,routine,SBOX_ANZAHL_TAUSCH_LESEN,Incrementing and reading of the SBOX replacement counter. The counter will be incremented every time the SBOX is replaced by a diagnostic job.,Inkrementieren und Auslesen des SBOX -Tausch Zählers. Der Zähler wird bei jedem Tausch der SBOX per Diagnosejob inkrementiert werden.,1,1,unsigned char,,"sme_i1.prg (OVMS dump, GPL-3.0)",
BMW i3 / i3s (I01),Gen3 BEV (2013-2022),SME,HV battery management,0x07,0xAD7C,31,routine,HIS_SPANNUNG_NOP_MOD_LESEN,Time in 100ms in different voltage classes of individual modules while the memory is not in operation ATTENTION: The correct unit of the output value STAT_HIS_SPANNUNG_NOP_MOD_X_WERT is [100ms] and not [min] as entered in the UNIT box. The counter can start again from zero around 13.2 years from the beginning of the logging process due to integer overflow.,"Zeit in 100ms in verschiedenen Spannungsklassen von einzelnen Modulen während Speicher nicht im Betrieb ACHTUNG: Die korrekte Einheit des Ausgangwerts STAT_HIS_SPANNUNG_NOP_MOD_X_WERT ist [100ms] und nicht [min] wie im Kasten EINHEIT eingetragen ist. Der Counter kann ab ca. 13,2 Jahre von Logging-Anfgang aufgrund von Integer-overflow wieder von null anfangen.",6,1,,,"sme_i1.prg (OVMS dump, GPL-3.0)",
BMW i3 / i3s (I01),Gen3 BEV (2013-2022),SME,HV battery management,0x07,0xAD7D,31,routine,ZELLPACK_DMC_LESEN,This job reads out the DMC from cell pack x.,Dieser Job liest den DMC von Zellpack x aus.,1,1,string[28],TEXT,"sme_i1.prg (OVMS dump, GPL-3.0)",
BMW i3 / i3s (I01),Gen3 BEV (2013-2022),SME,HV battery management,0x07,0xD4C5,22,read,RB_SOC_REKALIBRIERUNG,Reading out the battery status BEFORE and AFTER the last 5 SOC recalibrations,Auslesen des Betteriezustandes VOR und NACH der letzten 5 SOC Rekalibrierungen,125,0,,,"sme_i1.prg (OVMS dump, GPL-3.0)",
BMW i3 / i3s (I01),Gen3 BEV (2013-2022),SME,HV battery management,0x07,0xD4C6,22,read,RB_SOH_ADAPTION,This job is no longer requested and is no longer supported (all returns deliver '0'),Dieser Job ist nicht mehr angefordert und wird nicht mehr unterstützt (Alle Rückgaben liefern '0'),120,0,,,"sme_i1.prg (OVMS dump, GPL-3.0)",
BMW i3 / i3s (I01),Gen3 BEV (2013-2022),SME,HV battery management,0x07,0xD4C7,22,read,SOC_GUETE,"Reading out the current SOC quality value based on the SOC estimate (1 == best quality,> 30 == worst quality)","Auslesen des aktuellen SOC Gütewertes auf Basis der SOC Schätzung (1 == beste Güte,  >30 == schlechteste Güte )",1,0,unsigned char,,"sme_i1.prg (OVMS dump, GPL-3.0)",
BMW i3 / i3s (I01),Gen3 BEV (2013-2022),SME,HV battery management,0x07,0xD4C8,22,read,HIS_SOC_GUETE,Reading out the length of stay in 5 classes of the SOC quality value based on the SOC estimate,Auslesen der Aufenthaltsdauer in 5 Klassen des SOC Gütewertes auf Basis der SOC Schätzung,5,0,,,"sme_i1.prg (OVMS dump, GPL-3.0)",
BMW i3 / i3s (I01),Gen3 BEV (2013-2022),SME,HV battery management,0x07,0xD4C9,22,read,ANZAHL_OCV_SOC_REKAL,Number of OCV-SOC recalibrations,Anzahl der OCV-SOC Rekalibrierungen,1,0,unsigned long,,"sme_i1.prg (OVMS dump, GPL-3.0)",
BMW i3 / i3s (I01),Gen3 BEV (2013-2022),SME,HV battery management,0x07,0xD4CA,22,read,ANZAHL_LADEENDE_REKAL,Number of SoC recalibrations at the end of charging,Anzahl der SoC Rekalibrierungen am Ladeende,1,0,unsigned long,,"sme_i1.prg (OVMS dump, GPL-3.0)",
BMW i3 / i3s (I01),Gen3 BEV (2013-2022),SME,HV battery management,0x07,0xD4CB,22,read,RB_SOC_VOLLADEENDE,Reading out different SOCs of the last 5 full charges,Auslesen verschiedener SOCs der letzten 5 Vollladevorgänge,30,0,,,"sme_i1.prg (OVMS dump, GPL-3.0)",
BMW i3 / i3s (I01),Gen3 BEV (2013-2022),SME,HV battery management,0x07,0xD4CC,22,read,KUEHLDAUER_HVB,Job is not relevant for SME_03 // Replacement is STATUS_KUEHLDAUER Cooling time of the HV battery,Job ist nicht für SME_03 relevant // Ersatz ist STATUS_KUEHLDAUER  Kühldauer der HV-Batterie,5,0,,,"sme_i1.prg (OVMS dump, GPL-3.0)",
BMW i3 / i3s (I01),Gen3 BEV (2013-2022),SME,HV battery management,0x07,0xD67F,22,read,LADUNGSVERLUST_ZELLE,Ring memory for the loss of charge in the cells,Ringspeicher zum Ladungsverlust der Zellen,12,0,,,"sme_i1.prg (OVMS dump, GPL-3.0)",
BMW i3 / i3s (I01),Gen3 BEV (2013-2022),SME,HV battery management,0x07,0xD681,22,read,STATUS_MIN_KAPAZITAET_MOD,"Reading of the current minimum capacity of ALL modules, based on the capacity quotient.","Auslesen der aktuellen minimalen Kapazität ALLER Module, bezogen auf Kapazitätsquotient.",12,0,,,"sme_i1.prg (OVMS dump, GPL-3.0)",
BMW i3 / i3s (I01),Gen3 BEV (2013-2022),SME,HV battery management,0x07,0xD6C7,22,read,RB_ISO_MESS_TRG,Return of the R_iso including quality of the last 5 follow-up measurements,Rückgabe der R_iso incl. Qual. der letzten 5 Nachlaufmessungen,10,0,,,"sme_i1.prg (OVMS dump, GPL-3.0)",
BMW i3 / i3s (I01),Gen3 BEV (2013-2022),SME,HV battery management,0x07,0xD6C8,22,read,RB_ISO_MESS_STD_IO_NIO,Return of the last 10 events of the R_iso standard measurement when the error threshold is undershot / exceeded,Rückgabe der letzten 10 Ereignisse der R_iso Standard Messung bei Fehlerschwellenunter-/-überschreitung,30,0,,,"sme_i1.prg (OVMS dump, GPL-3.0)",
BMW i3 / i3s (I01),Gen3 BEV (2013-2022),SME,HV battery management,0x07,0xD6C9,22,read,RB_ISO_MESS_TRG_IO_NIO,Return of the last 10 events of the triggered follow-up ISO measurement when the error threshold is undershot / exceeded,Rückgabe der letzten 10 Ereignisse der getriggerten Nachlauf-ISO-Messung bei Fehlerschwellenunter-/-überschreitung,30,0,,,"sme_i1.prg (OVMS dump, GPL-3.0)",
BMW i3 / i3s (I01),Gen3 BEV (2013-2022),SME,HV battery management,0x07,0xD6CA,22,read,ISODIAG_INPUT_ISTWERTE,Return of input signals of the R_ISO calculation formula,Rückgabe von Inputsignalen der R_ISO Berechnungsformel,10,0,,,"sme_i1.prg (OVMS dump, GPL-3.0)",
BMW i3 / i3s (I01),Gen3 BEV (2013-2022),SME,HV battery management,0x07,0xD6CB,22,read,ISO_ERR_STD_FZ1_2,Return of input signals and result values of the standard ISO measurement at error time 1 and 2,Rückgabe von Inputsignalen und Ergebniswerten der Standard-ISO-Messung zu Fehlerzeitpunkt 1 und 2,33,0,,,"sme_i1.prg (OVMS dump, GPL-3.0)",
BMW i3 / i3s (I01),Gen3 BEV (2013-2022),SME,HV battery management,0x07,0xD6CC,22,read,RB_SOH_KAPATEST,Return of the results of the last 3 HVS offboard capacity tests (ring memory),Rückgabe der Ergebnisse der letzten 3 HVS-Offboard-Kapatests (Ringspeicher),24,0,,,"sme_i1.prg (OVMS dump, GPL-3.0)",
BMW i3 / i3s (I01),Gen3 BEV (2013-2022),SME,HV battery management,0x07,0xD6CD,22,read,REKU_VOLTAGE_LIFT,Return of the duration and frequency in which the increased recuperation is made available when the HVS is almost full,"Rückgabe der Dauer und Häufigkeit, in der erhöhte Rekuperationsleistung zur Verfügung gestellt wird bei fast vollem HVS",2,0,,,"sme_i1.prg (OVMS dump, GPL-3.0)",
BMW i3 / i3s (I01),Gen3 BEV (2013-2022),SME,HV battery management,0x07,0xD6CE,22,read,RB_ALTERUNG_KAPA,Return of the results of the last 5 SoH_C adaptations including capacity tests (ring memory),Rückgabe der Ergebnisse der letzten 5 SoH_C-Adaptionen incl. Kapatests  (Ringspeicher),113,0,,,"sme_i1.prg (OVMS dump, GPL-3.0)",
BMW i3 / i3s (I01),Gen3 BEV (2013-2022),SME,HV battery management,0x07,0xD6CF,22,read,CSC_TEMPERATUREN,"Return of the current temperature measured values of all CSC sensors (max 3 * 12, without HW-RL)","Rückgabe der aktuellen Temperaturmesswerte aller CSC-Sensoren (max 3*12, ohne HW-RL)",24,0,,,"sme_i1.prg (OVMS dump, GPL-3.0)",
BMW i3 / i3s (I01),Gen3 BEV (2013-2022),SME,HV battery management,0x07,0xD6D1,22,read,ISO_ERR_TRG_FZ1_2,Return of input signals and result values of the triggered follow-up ISO measurement at error time 1 and 2,Rückgabe von Inputsignalen und Ergebniswerten der getriggerte Nachlauf-ISO-Messung zu Fehlerzeitpunkt 1 und 2,33,0,,,"sme_i1.prg (OVMS dump, GPL-3.0)",
BMW i3 / i3s (I01),Gen3 BEV (2013-2022),SME,HV battery management,0x07,0xDD60,22,read,SCHUETZ_SCHALTER,"Contactor switch status: closed, open, welded contacts or not defined. For results see table TAB_SCHUETZ_SCHALTER","Status der Schützschalter: geschlossen, offen, verschweißte Kontakte oder nicht definiert. Ergebnisse siehe Tabelle TAB_SCHUETZ_SCHALTER",1,0,unsigned char,0-n,"sme_i1.prg (OVMS dump, GPL-3.0) | sme_i1.prg rev 0.911 (2012)",
BMW i3 / i3s (I01),Gen3 BEV (2013-2022),SME,HV battery management,0x07,0xDD61,2E;22,read/write,SCHUETZ_FREIGABE,Writes or reads the bit to enable or disable the contactor switch. Job is clamp-safe,Schreibt bzw. liest das Bit zur Freigabe oder Sperrung der Schützschalter. Job ist Klemmensicher,1,1,unsigned char,0-n,"sme_i1.prg (OVMS dump, GPL-3.0) | sme_i1.prg rev 0.911 (2012)",
BMW i3 / i3s (I01),Gen3 BEV (2013-2022),SME,HV battery management,0x07,0xDD63,22,read,SCHUETZSCHALTUNGEN_ANZAHL,Number of switchings of the contactor switch (currentless and under load),Anzahl der Schaltungen der Schützschalter (stromlos und unter Last),2,0,,,"sme_i1.prg (OVMS dump, GPL-3.0) | sme_i1.prg rev 0.911 (2012)",
BMW i3 / i3s (I01),Gen3 BEV (2013-2022),SME,HV battery management,0x07,0xDD64,22,read,HVIL,HVIL test result,Ergebnis HVIL-Prüfung,1,0,unsigned char,0-n,"sme_i1.prg (OVMS dump, GPL-3.0) | sme_i1.prg rev 0.911 (2012)",
BMW i3 / i3s (I01),Gen3 BEV (2013-2022),SME,HV battery management,0x07,0xDD66,22,read,HV_SPANNUNG,"Intermediate circuit voltage to the HV connection plug, depending on the contactor status","Zwischenkreisspannung zum HV-Anschlussstecker, abhängig vom Schützzustand",1,0,unsigned int,V,"sme_i1.prg (OVMS dump, GPL-3.0) | sme_i1.prg rev 0.911 (2012)",
BMW i3 / i3s (I01),Gen3 BEV (2013-2022),SME,HV battery management,0x07,0xDD67,22,read,ANZAHL_KUEHLANFORDERUNG_DRINGEND,Number of consecutive wake cycles with urgent cooling requirements (service life max. Value),Anzahl aufeinanderfolgenender Wachzyklen mit dringender Kühlanforderung (Lebensdauer-Max.wert),1,0,unsigned char,,"sme_i1.prg (OVMS dump, GPL-3.0) | sme_i1.prg rev 0.911 (2012)",
BMW i3 / i3s (I01),Gen3 BEV (2013-2022),SME,HV battery management,0x07,0xDD68,22,read,HV_SPANNUNG_BERECHNET,"Battery voltage behind the contactors, regardless of the contactor status","Batteriespannung hinter den Schützen, unabhängig vom Schützzustand",1,0,unsigned int,V,"sme_i1.prg (OVMS dump, GPL-3.0) | sme_i1.prg rev 0.911 (2012)",
BMW i3 / i3s (I01),Gen3 BEV (2013-2022),SME,HV battery management,0x07,0xDD69,22,read,HV_STROM,HV current in A,HV-Strom in A,1,0,signed long,A,"sme_i1.prg (OVMS dump, GPL-3.0) | sme_i1.prg rev 0.911 (2012)",
BMW i3 / i3s (I01),Gen3 BEV (2013-2022),SME,HV battery management,0x07,0xDD6A,22,read,ISOLATIONSWIDERSTAND,Reading out the currently applied insulation resistance,Auslesen des aktuell anliegenden Isolationswiderstands,6,0,,,"sme_i1.prg (OVMS dump, GPL-3.0) | sme_i1.prg rev 0.911 (2012)",
BMW i3 / i3s (I01),Gen3 BEV (2013-2022),SME,HV battery management,0x07,0xDD6C,22,read,KUEHLKREISLAUF_TEMP,Temperature of the cooling medium in ° C (327.67 = implausible),"Temperatur des Kühlmediums in °C (327,67 = unplausibel)",1,0,signed int,°C,"sme_i1.prg (OVMS dump, GPL-3.0) | sme_i1.prg rev 0.911 (2012)",
BMW i3 / i3s (I01),Gen3 BEV (2013-2022),SME,HV battery management,0x07,0xDD6E,2E,write,SCHUETZE_MAX_SOC_SICHERHEITABFRAGE,NO JOB Main contactors switch when the SOC is greater than 90%. Caution: This job must be secured with a security query in all subsequent tools. - This job is NO longer supported!,JOB ENTFALLEN Hauptschütze schalten bei SOC grösser 90 %. Achtung!Dieser Job muss in allen Folgetools mit Security Abfrage gesichert sein. -- Dieser Job wird NICHT mehr untersützt!!,0,2,,,"sme_i1.prg (OVMS dump, GPL-3.0) | sme_i1.prg rev 0.911 (2012)",
BMW i3 / i3s (I01),Gen3 BEV (2013-2022),SME,HV battery management,0x07,0xDD6F,2E;22,read/write,KUEHLKREISLAUF_VENTIL,Status / control coolant valve: Closed or open / close or open,Status / Steuern Kühlmittel-Ventil: Geschlossen oder offen / schliessen oder öffnen,1,1,unsigned char,0-n,"sme_i1.prg (OVMS dump, GPL-3.0)",
BMW i3 / i3s (I01),Gen3 BEV (2013-2022),SME,HV battery management,0x07,0xDD72,22,read,AUFSTART_VERHINDERER,Reason for not starting the HV system,Grund für nicht Aufstarten des HV-Systems,1,0,unsigned char,0-n,"sme_i1.prg (OVMS dump, GPL-3.0) | sme_i1.prg rev 0.911 (2012)",
BMW i3 / i3s (I01),Gen3 BEV (2013-2022),SME,HV battery management,0x07,0xDD73,22,read,CUMULATIVE_LADUNG,The accumulated charge for charges in Ah,Die kumulierte Ladung für Ladevorgänge in Ah,1,0,unsigned long,Ah,"sme_i1.prg (OVMS dump, GPL-3.0) | sme_i1.prg rev 0.911 (2012)",
BMW i3 / i3s (I01),Gen3 BEV (2013-2022),SME,HV battery management,0x07,0xDD74,22,read,CUMULATIVE_ENTLADUNG,The accumulated charge for discharges in Ah,Die kumulierte Ladung für Entladevorgänge in Ah,1,0,unsigned long,Ah,"sme_i1.prg (OVMS dump, GPL-3.0) | sme_i1.prg rev 0.911 (2012)",
BMW i3 / i3s (I01),Gen3 BEV (2013-2022),SME,HV battery management,0x07,0xDD76,22,read,STATUS_KL30C_SPANNUNG,Voltage terminal 30C in V,Spannung Klemme 30C in V,1,0,unsigned char,V,"sme_i1.prg (OVMS dump, GPL-3.0) | sme_i1.prg rev 0.911 (2012)",
BMW i3 / i3s (I01),Gen3 BEV (2013-2022),SME,HV battery management,0x07,0xDD78,2E,write,SOC_REKALIBRIERUNG,"Recalibration of the SoC estimator in order to obtain the current SoC after a long storage period. ## Job may only be carried out with OPEN shooters! ATTENTION with SE07: With BEV vehicles, the job also resets a recognized end of the journey (completely discharged / defective cell)!","Rekalibrierung des SoC Schätzers, um nach langer Lagerzeit den aktuellen SoC zu erhalten. ## Job darf nur bei GEÖFFNETEN Schützen durchgeführt werden! ACHTUNG bei SE07: Durch den Job wird bei BEV-Fahrzeugen zudem ein erkanntes Fahrtende (komplett entladene/defekte Zelle) zurückgesetzt!",0,1,,,"sme_i1.prg (OVMS dump, GPL-3.0) | sme_i1.prg rev 0.911 (2012)",
BMW i3 / i3s (I01),Gen3 BEV (2013-2022),SME,HV battery management,0x07,0xDD79,2E,write,SCHUETZE_MIN_SOC_SICHERHEITABFRAGE,JOB CANNOTED Main contactors switch at min SOC (less than 5% SOC). Caution: This job must be secured with a security query in all subsequent tools. Cannot be executed while driving. - This job is NO longer supported!,JOB ENTFALLEN Hauptschütze schalten bei min SOC (kleiner 5% SOC). Achtung!Dieser Job muss in allen Folgetools mit Security Abfrage gesichert sein. Ausführen nicht möglich während Fahrt. -- Dieser Job wird NICHT mehr untersützt!!,0,2,,,"sme_i1.prg (OVMS dump, GPL-3.0) | sme_i1.prg rev 0.911 (2012)",
BMW i3 / i3s (I01),Gen3 BEV (2013-2022),SME,HV battery management,0x07,0xDD7B,22,read,ALTERUNG_KAPAZITAET,Readout of the battery capacity adjustment,Auslesen der Justierung Kapazität Batterie,1,0,unsigned char,%,"sme_i1.prg (OVMS dump, GPL-3.0) | sme_i1.prg rev 0.911 (2012)",
BMW i3 / i3s (I01),Gen3 BEV (2013-2022),SME,HV battery management,0x07,0xDD7C,22,read,GW_INFO,Warranty data,Gewährleistungsdaten,27,0,,,"sme_i1.prg (OVMS dump, GPL-3.0) | sme_i1.prg rev 0.911 (2012)",
BMW i3 / i3s (I01),Gen3 BEV (2013-2022),SME,HV battery management,0x07,0xDD7D,22,read,STROMGRENZEN,Current limits,Stromgrenzen,2,0,,,"sme_i1.prg (OVMS dump, GPL-3.0) | sme_i1.prg rev 0.911 (2012)",
BMW i3 / i3s (I01),Gen3 BEV (2013-2022),SME,HV battery management,0x07,0xDD7E,22,read,SPANNUNGSGRENZEN,Voltage limits,Spannungsgrenzen,2,0,,,"sme_i1.prg (OVMS dump, GPL-3.0) | sme_i1.prg rev 0.911 (2012)",
BMW i3 / i3s (I01),Gen3 BEV (2013-2022),SME,HV battery management,0x07,0xDD8E,22,read,HVB_HISTORIE_ZYKLEN,Output of the current load (current histogram),Ausgabe der Strombelastung (Stromhistogramm),30,0,,,"sme_i1.prg (OVMS dump, GPL-3.0) | sme_i1.prg rev 0.911 (2012)",
BMW i3 / i3s (I01),Gen3 BEV (2013-2022),SME,HV battery management,0x07,0xDD90,22,read,ZEIT_TEMP_HISTOGRAMM,"Time in different temperature classes and control unit states (SG awake, SG asleep) of the averaged calculated temperature over all cell nuclei","Zeit in verschiedenen Temperaturklassen und Steuergerätezuständen (SG wach, SG schläft) der gemittelten berechneten Temperatur über alle Zellkerne",28,0,,,"sme_i1.prg (OVMS dump, GPL-3.0) | sme_i1.prg rev 0.911 (2012)",
BMW i3 / i3s (I01),Gen3 BEV (2013-2022),SME,HV battery management,0x07,0xDD91,22,read,ZEIT_SOC_KLASSE,Returns the length of stay of the SoC in SoC classes over the service life - SE03 from 11/13 total duration (sleep + awake) - up to 11/13 only operating time (awake),Liefert die Aufenthaltsdauer des SoC in SoC-Klassen über Lebensdauer - SE03 ab 11/13 Gesamtdauer (schlafen + wach) - bis 11/13 nur Betriebsdauer (wach),12,0,,,"sme_i1.prg (OVMS dump, GPL-3.0) | sme_i1.prg rev 0.911 (2012)",
BMW i3 / i3s (I01),Gen3 BEV (2013-2022),SME,HV battery management,0x07,0xDD94,22,read,HV_BATT_HIST_SOC_T1_1,Duration at temperature less than 0 ° C and with different values of current and SOC - part 1,Dauer bei Temperatur kleiner als 0°C und bei unterschiedlichen Werten von Strom und SOC - Teil 1,40,0,,,"sme_i1.prg (OVMS dump, GPL-3.0) | sme_i1.prg rev 0.911 (2012)",
BMW i3 / i3s (I01),Gen3 BEV (2013-2022),SME,HV battery management,0x07,0xDD95,22,read,HV_BATT_HIST_SOC_T2_1,Duration at 0 ° C less than temperature less than 10 ° C and with different values of current and SOC - part 1,Dauer bei 0°C kleiner als Temperatur kleiner als 10 °C und bei unterschiedlichen Werten von Strom und SOC - Teil 1,40,0,,,"sme_i1.prg (OVMS dump, GPL-3.0) | sme_i1.prg rev 0.911 (2012)",
BMW i3 / i3s (I01),Gen3 BEV (2013-2022),SME,HV battery management,0x07,0xDD96,22,read,HV_BATT_HIST_SOC_T3_1,Duration at 10 ° C less than temperature less than 20 ° C and with different values of current and SOC - part 1,Dauer bei 10°C kleiner als Temperatur kleiner als 20 °C und bei unterschiedlichen Werten von Strom und SOC - Teil 1,40,0,,,"sme_i1.prg (OVMS dump, GPL-3.0) | sme_i1.prg rev 0.911 (2012)",
BMW i3 / i3s (I01),Gen3 BEV (2013-2022),SME,HV battery management,0x07,0xDD97,22,read,HV_BATT_HIST_SOC_T4_1,Duration at 20 ° C less than temperature less than 27.5 ° C and with different values of current and SOC - part 1,"Dauer bei 20°C kleiner als Temperatur kleiner als 27,5 °C und bei unterschiedlichen Werten von Strom und SOC - Teil 1",40,0,,,"sme_i1.prg (OVMS dump, GPL-3.0) | sme_i1.prg rev 0.911 (2012)",
BMW i3 / i3s (I01),Gen3 BEV (2013-2022),SME,HV battery management,0x07,0xDD98,22,read,HV_BATT_HIST_SOC_T5_1,Duration at 27.5 ° C less than temperature less than 32.5 ° C and with different values of current and SOC - part 1,"Dauer bei 27,5°C kleiner als Temperatur kleiner als 32,5 °C und bei unterschiedlichen Werten von Strom und SOC - Teil 1",40,0,,,"sme_i1.prg (OVMS dump, GPL-3.0) | sme_i1.prg rev 0.911 (2012)",
BMW i3 / i3s (I01),Gen3 BEV (2013-2022),SME,HV battery management,0x07,0xDD99,22,read,HV_BATT_HIST_SOC_T6_1,Duration at 32.5 ° C less than temperature less than 40 ° C and with different values of current and SOC - part 1,"Dauer bei 32,5°C kleiner als Temperatur kleiner als 40 °C und bei unterschiedlichen Werten von Strom und SOC - Teil 1",40,0,,,"sme_i1.prg (OVMS dump, GPL-3.0) | sme_i1.prg rev 0.911 (2012)",
BMW i3 / i3s (I01),Gen3 BEV (2013-2022),SME,HV battery management,0x07,0xDD9A,22,read,HV_BATT_HIST_SOC_T7_1,Duration at 40 ° C less than temperature and with different values of current and SOC - part 1,Dauer bei 40 °C kleiner als Temperatur und bei unterschiedlichen Werten von Strom und SOC - Teil 1,40,0,,,"sme_i1.prg (OVMS dump, GPL-3.0) | sme_i1.prg rev 0.911 (2012)",
BMW i3 / i3s (I01),Gen3 BEV (2013-2022),SME,HV battery management,0x07,0xDDAB,22,read,LADEZIELSPANNUNG_TAUSCH,Output of the charging target voltage for module replacement before installing the module in the vehicle,Ausgabe der Ladezielspannung für Modultausch vor Einbau des Moduls ins Fahrzeug,1,0,unsigned int,V,"sme_i1.prg (OVMS dump, GPL-3.0) | sme_i1.prg rev 0.911 (2012)",
BMW i3 / i3s (I01),Gen3 BEV (2013-2022),SME,HV battery management,0x07,0xDDB4,22,read,HV_SPANNUNG_BATTERIE,"Battery voltage behind the contactors, regardless of the contactor status","Batteriespannung hinter den Schützen, unabhängig vom Schützzustand",1,0,unsigned int,V,"sme_i1.prg (OVMS dump, GPL-3.0) | sme_i1.prg rev 0.911 (2012)",
BMW i3 / i3s (I01),Gen3 BEV (2013-2022),SME,HV battery management,0x07,0xDDB6,22,read,ALTERUNG_INNENWIDERSTAND,"Aging of the internal resistance in percent: Internal resistance of the storage tank when new is related to the current value of the internal resistance (R_neu / R_akt) * 100 (100% = new condition, decreases with aging)","Alterung des Innenwiderstands in Prozent: Innenwiderstand des Speichers im Neuzustand auf den aktuellen Wert des Innenwiderstands bezogen  (R_neu /R_akt) *100   (100% = Neuzustand, sinkt mit Alterung)",1,0,unsigned int,%,"sme_i1.prg (OVMS dump, GPL-3.0) | sme_i1.prg rev 0.911 (2012)",
BMW i3 / i3s (I01),Gen3 BEV (2013-2022),SME,HV battery management,0x07,0xDDB7,2E;22,read/write,REFERENZ_KAPAZITAET,"Remaining capacity of the memory, percentage value: (C_akt / C_nenn (new)) * 100, 100 = new state. Raw estimate of the onboard capacity estimate of total storage","Restkapazität des Speichers, prozentualer Wert: ( C_akt/C_nenn(neu) ) * 100, 100 = Neuzustand. Roh-Schätzwert des Onboard-Kapazitätsschätzers des Gesamtspeichers",1,1,unsigned char,%,"sme_i1.prg (OVMS dump, GPL-3.0) | sme_i1.prg rev 0.911 (2012)",
BMW i3 / i3s (I01),Gen3 BEV (2013-2022),SME,HV battery management,0x07,0xDDBC,22,read,ANZEIGE_SOC,current advertisement Soc,aktueller Anzeige Soc,3,0,,,"sme_i1.prg (OVMS dump, GPL-3.0) | sme_i1.prg rev 0.911 (2012)",
BMW i3 / i3s (I01),Gen3 BEV (2013-2022),SME,HV battery management,0x07,0xDDBD,22,read,SERVICE_DISCONNECT,"Status Service Disconnect (0 = open, 1 = closed)","Status Service Disconnect (0 = offen, 1 = geschlossen)",1,0,unsigned char,0/1,"sme_i1.prg (OVMS dump, GPL-3.0) | sme_i1.prg rev 0.911 (2012)",
BMW i3 / i3s (I01),Gen3 BEV (2013-2022),SME,HV battery management,0x07,0xDDBE,22,read,VORLADUNG,"Info about time, current and temperatures during pre-charging","Info über Zeit, Strom und Temperaturen bei Vorladung",10,0,,,"sme_i1.prg (OVMS dump, GPL-3.0) | sme_i1.prg rev 0.911 (2012)",
BMW i3 / i3s (I01),Gen3 BEV (2013-2022),SME,HV battery management,0x07,0xDDBF,22,read,ZELLSPANNUNGEN_MIN_MAX,minimum and maximum single cell voltages are output,minimale und maximale Einzelzellspannungen werden ausgegeben,2,0,,,"sme_i1.prg (OVMS dump, GPL-3.0) | sme_i1.prg rev 0.911 (2012)",
BMW i3 / i3s (I01),Gen3 BEV (2013-2022),SME,HV battery management,0x07,0xDDC0,22,read,TEMPERATUREN,"Output of the calculated cell core temperatures (minimum, maximum and average)","Ausgabe der berechneten Zellkerntemperaturen (minimale, maximale und durchschnittliche)",3,0,,,"sme_i1.prg (OVMS dump, GPL-3.0) | sme_i1.prg rev 0.911 (2012)",
BMW i3 / i3s (I01),Gen3 BEV (2013-2022),SME,HV battery management,0x07,0xDDC2,22,read,ALTERUNG_PARAMETER,Correction factor of the serial and parallel ohmic resistance as well as the parallel capacitance (1.5 = increase in resistance by 50%),"Korrekturfaktor des seriellen und parallelen ohmschen Widerstands sowie der parallelen Kapazität (1,5 = Eröhung des Widerstands um 50%)",3,0,,,"sme_i1.prg (OVMS dump, GPL-3.0) | sme_i1.prg rev 0.911 (2012)",
BMW i3 / i3s (I01),Gen3 BEV (2013-2022),SME,HV battery management,0x07,0xDDC4,2E;22,read/write,SOC,Read out SOC value (in%) and plausibility or specification of the SOC value (0-100%),Auslesen SOC Wert (in %) und Plausibilität oder Vorgabe des SOC Werts (0-100%),2,2,,,"sme_i1.prg (OVMS dump, GPL-3.0) | sme_i1.prg rev 0.911 (2012)",
BMW i3 / i3s (I01),Gen3 BEV (2013-2022),SME,HV battery management,0x07,0xDDC6,22,read,HISTO_SYM_DAUER,Reading out the number of balancing processes in the respective time classes (actual time in which the balancing resistors were active),Auslesen der Anzahl von Symmetriervorgängen in den jeweiligen Zeitklassen (Ist-Zeit in der die Symmetrierwiderstände aktiv waren),9,0,,,"sme_i1.prg (OVMS dump, GPL-3.0) | sme_i1.prg rev 0.911 (2012)",
BMW i3 / i3s (I01),Gen3 BEV (2013-2022),SME,HV battery management,0x07,0xDDC7,22,read,HISTO_SYM_ZELLANZAHL,Frequency over the lifetime of the number of cells that were instructed for balancing. Increment if symmetry is required when falling asleep after FIRST cyclical waking up.,"Häufigkeit über Lebensdauer der Zellenanzahl, die zur Symmetrierung angewiesen wurden. Inkrementieren falls Symmertrierbedarf bei Einschlafen nach ERSTEM zyklischen Aufwachen.",8,0,,,"sme_i1.prg (OVMS dump, GPL-3.0) | sme_i1.prg rev 0.911 (2012)",
BMW i3 / i3s (I01),Gen3 BEV (2013-2022),SME,HV battery management,0x07,0xDDC8,22,read,SYM_DELTASOC,Maximum SoC difference in% over the entire HVS. Ring memory of the last 5 trips,Maximale SoC-Differenz in % über den gesamten HVS. Ringspeicher der letzten 5 Fahrten,5,0,,,"sme_i1.prg (OVMS dump, GPL-3.0) | sme_i1.prg rev 0.911 (2012)",
BMW i3 / i3s (I01),Gen3 BEV (2013-2022),SME,HV battery management,0x07,0xDDC9,22,read,MAX_SYM_DAUER,Maximum symmetry duration of the last symmetrization process,Maximale Symmetriedauer des letzten Symmetriervorgangs,15,0,,,"sme_i1.prg (OVMS dump, GPL-3.0) | sme_i1.prg rev 0.911 (2012)",
BMW i3 / i3s (I01),Gen3 BEV (2013-2022),SME,HV battery management,0x07,0xDDCA,22,read,SERIENNUMMER_ECU,Serial number of the SME control unit,Seriennummer des SME Steuergeräts,1,0,string[10],TEXT,"sme_i1.prg (OVMS dump, GPL-3.0) | sme_i1.prg rev 0.911 (2012)",
BMW i3 / i3s (I01),Gen3 BEV (2013-2022),SME,HV battery management,0x07,0xDDCB,22,read,SOC_GRENZEN,Reading and changing the SOC limits,Auslesen und Ändern der SOC Grenzen,2,0,,,"sme_i1.prg (OVMS dump, GPL-3.0) | sme_i1.prg rev 0.911 (2012)",
BMW i3 / i3s (I01),Gen3 BEV (2013-2022),SME,HV battery management,0x07,0xDDCC,2E;22,read/write,SCHUETZ_RESTZAEHLER,"Read out or reset (0 = no reset; 1 = reset) of the counter for the possible switching of contactors K1, K2, K3","Auslesen oder Rücksetzen (0 = kein Reset; 1 = Reset) des Zählers für die noch möglichen Schaltungen der Schütze K1, K2, K3",3,1,,,"sme_i1.prg (OVMS dump, GPL-3.0) | sme_i1.prg rev 0.911 (2012)",
BMW i3 / i3s (I01),Gen3 BEV (2013-2022),SME,HV battery management,0x07,0xDDCD,2E,write,CC_MELDUNG,Activation / deactivation of the sending of CC messages (0 = sending not active; 1 = sending active),Aktivieren / Deaktivierung des Sendens von CC-Meldung (0 = Senden nicht aktiv; 1 = Senden aktiv),0,1,,,"sme_i1.prg (OVMS dump, GPL-3.0) | sme_i1.prg rev 0.911 (2012)",
BMW i3 / i3s (I01),Gen3 BEV (2013-2022),SME,HV battery management,0x07,0xDDCF,22,read,DIFFERENZ_SPANNUNGEN,Differential voltage: total voltage HV battery - total cell voltage (static determination),Differenzspannung: Gesamtspannung HV-Batterie - Summenzellspannung (statische Ermittlung),1,0,signed int,V,"sme_i1.prg (OVMS dump, GPL-3.0) | sme_i1.prg rev 0.911 (2012)",
BMW i3 / i3s (I01),Gen3 BEV (2013-2022),SME,HV battery management,0x07,0xDDE8,22,read,ALTERUNG_KAPAZITAET_DEGRADATION,Number of age-related stress degradations,Anzahl der alterungsbedingten Spannungsdegradationen,2,0,,,"sme_i1.prg (OVMS dump, GPL-3.0) | sme_i1.prg rev 0.911 (2012)",
BMW i3 / i3s (I01),Gen3 BEV (2013-2022),SME,HV battery management,0x07,0xDDE9,22,read,ALTERUNG_KAPAZITAET_HISTOGRAMM_SOC_HUB,Histogram with the frequency of individual SoC strokes that occurred during the operating period,Histogramm mit Häufigkeit einzelner aufgetretener SoC-Hübe im Betriebszeitraum,24,0,,,"sme_i1.prg (OVMS dump, GPL-3.0) | sme_i1.prg rev 0.911 (2012)",
BMW i3 / i3s (I01),Gen3 BEV (2013-2022),SME,HV battery management,0x07,0xDDEA,2E,write,RESET_SBOX_ANZAHL_TAUSCH,Resetting the SBOX exchange counter,Zurücksetzen des SBOX Tausch-Zählers,0,2,,,"sme_i1.prg (OVMS dump, GPL-3.0)",
BMW i3 / i3s (I01),Gen3 BEV (2013-2022),SME,HV battery management,0x07,0xDDEB,22,read,RINGPUFFER_LADEVORGAENGE,"Return of measured variables of the last 5 completed charging processes: - Start SOC - Available charging power - Actual end SOC - Reason charging end (no charging end detected 0, target SOC reached 1, U / I full charge detection 2, external cancellation 3, error SME 4 ) - Start temperature - End temperature - Charging time forecast at the beginning in min - Actual charging time in min - Relative time (continuous combination system time from ACAN with start in the factory)","Rückgabe von Messgrößen der letzten 5 abgeschlossenen Ladevorgänge: - Start-SOC - Verfügbare Ladeleistung - Tatsächlicher End-SOC - Grund Ladeende (Kein Ladeende detektiert 0, Ziel-SOC erreicht 1, U/I-Volladeerkennung 2, Abbruch extern 3, Fehler SME 4) - Start Temperatur  - End-Temperatur  - Zu Beginn prognostizierte Ladezeit in min  - Tatsächliche Ladezeit in min - Relativzeit (fortlaufende Kombi-System-Zeit v. ACAN mit Start im Werk)",45,0,,,"sme_i1.prg (OVMS dump, GPL-3.0)",
BMW i3 / i3s (I01),Gen3 BEV (2013-2022),SME,HV battery management,0x07,0xDDEC,22,read,HIS_PROG_LADEZEIT,Representation of the frequency of a relative deviation of the charging time forecast from the real value (fact = (t_prog-t_ist) / t_ist * 100%). t_prog = predicted value at the beginning of the charging phase. t_ist = time actually required to reach the loading target.,Darstellung der Häufigkeit einer relative Abweichung der Ladezeitprognose vom realen Wert (fact = (t_prog-t_ist) / t_ist * 100%). t_prog =  zu Beginn der Ladephase prognostizierte Wert. t_ist =  tatsächlich bis zum Erreichen des Ladeziels benötigte Zeit.,7,0,,,"sme_i1.prg (OVMS dump, GPL-3.0)",
BMW i3 / i3s (I01),Gen3 BEV (2013-2022),SME,HV battery management,0x07,0xDDED,2E,write,CSC_IDS_ZUORDNEN,Assign indices / installation position of the individual CSCs,Indizes/Verbauposition der einzelnen CSCs vergeben,0,2,,,"sme_i1.prg (OVMS dump, GPL-3.0)",
BMW i3 / i3s (I01),Gen3 BEV (2013-2022),SME,HV battery management,0x07,0xDDEE,2E,write,CSC_IDS_UEBERNEHMEN,Take over indices / installation position of the individual CSCs in SME,Indizes/Verbauposition der einzelnen CSCs in SME übernehmen,0,1,,,"sme_i1.prg (OVMS dump, GPL-3.0)",
BMW i3 / i3s (I01),Gen3 BEV (2013-2022),SME,HV battery management,0x07,0xDDEF,22,read,HV_SPANNUNG_QUER,"SBox, high-voltage transverse (same as battery voltage when K1 or K3 is closed)","SBox, Hochvolt-Spannung Quer (gleich Batteriespannung wenn K1 oder K3 geschlossen ist)",1,0,unsigned int,V,"sme_i1.prg (OVMS dump, GPL-3.0)",
BMW i3 / i3s (I01),Gen3 BEV (2013-2022),SME,HV battery management,0x07,0xDE37,22,read,ALPHA_INITIAL_ALTERUNG,Initial value of the SOH_R calculation,Initialwert der SOH_R-Berechnung,1,0,unsigned int,,"sme_i1.prg (OVMS dump, GPL-3.0)",
BMW i3 / i3s (I01),Gen3 BEV (2013-2022),SME,HV battery management,0x07,0xDF60,22,read,BETRIEBSSTUNDEN,Time for closed main switch and total battery life (closed and open time of main switch),Zeit für geschlossene Hauptschalter und gesamte Batterielebensdauer (geschlossene und geöffnete Zeit der Hauptschalter),2,0,,,"sme_i1.prg (OVMS dump, GPL-3.0) | sme_i1.prg rev 0.911 (2012)",
BMW i3 / i3s (I01),Gen3 BEV (2013-2022),SME,HV battery management,0x07,0xDF62,22,read,COOL_DOWN,Number of CoolDown scenarios (departure with hot HV storage),Anzahl der CoolDown Szenarios (Abfahrt mit heißem HV-Speicher),1,0,unsigned int,,"sme_i1.prg (OVMS dump, GPL-3.0) | sme_i1.prg rev 0.911 (2012)",
BMW i3 / i3s (I01),Gen3 BEV (2013-2022),SME,HV battery management,0x07,0xDF63,22,read,KLEMMENZYKLEN,Number of terminal cycles,Anzahl der Klemmenzyklen,1,0,unsigned long,,"sme_i1.prg (OVMS dump, GPL-3.0) | sme_i1.prg rev 0.911 (2012)",
BMW i3 / i3s (I01),Gen3 BEV (2013-2022),SME,HV battery management,0x07,0xDF64,22,read,KUEHLDAUER,HV battery cooling time,Kühldauer der HV-Batterie,5,0,,,"sme_i1.prg (OVMS dump, GPL-3.0) | sme_i1.prg rev 0.911 (2012)",
BMW i3 / i3s (I01),Gen3 BEV (2013-2022),SME,HV battery management,0x07,0xDF65,22,read,TEMP_SPREIZUNG_SYSTEM,Time in different dT classes with active cooling,Zeit in verschiedenen dT-Klassen bei aktiver Kühlung,7,0,,,"sme_i1.prg (OVMS dump, GPL-3.0) | sme_i1.prg rev 0.911 (2012)",
BMW i3 / i3s (I01),Gen3 BEV (2013-2022),SME,HV battery management,0x07,0xDF66,22,read,TEMP_KUEHLMITTEL,Time in different temperature classes of the coolant,Zeit in verschiedenen Temperaturklassen des Kühlmittels,7,0,,,"sme_i1.prg (OVMS dump, GPL-3.0) | sme_i1.prg rev 0.911 (2012)",
BMW i3 / i3s (I01),Gen3 BEV (2013-2022),SME,HV battery management,0x07,0xDF67,22,read,LADUNG_KUEHLUNG,Amount of charge and discharge with the cooling switched on,Ladungs- und Entladungsmenge bei eingeschalteter Kühlung,2,0,,,"sme_i1.prg (OVMS dump, GPL-3.0) | sme_i1.prg rev 0.911 (2012)",
BMW i3 / i3s (I01),Gen3 BEV (2013-2022),SME,HV battery management,0x07,0xDF68,22,read,HV_BATT_HIST_SOC_T1_2,Duration at temperature less than 0 ° C and with different values of current and SOC - part 2,Dauer bei Temperatur kleiner als 0°C und bei unterschiedlichen Werten von Strom und SOC - Teil 2,30,0,,,"sme_i1.prg (OVMS dump, GPL-3.0) | sme_i1.prg rev 0.911 (2012)",
BMW i3 / i3s (I01),Gen3 BEV (2013-2022),SME,HV battery management,0x07,0xDF69,22,read,HV_BATT_HIST_SOC_T4_2,Duration at 20 ° C less than temperature less than 27.5 ° C and with different values of current and SOC - part 2,"Dauer bei 20°C kleiner als Temperatur kleiner als 27,5 °C und bei unterschiedlichen Werten von Strom und SOC - Teil 2",30,0,,,"sme_i1.prg (OVMS dump, GPL-3.0) | sme_i1.prg rev 0.911 (2012)",
BMW i3 / i3s (I01),Gen3 BEV (2013-2022),SME,HV battery management,0x07,0xDF6A,22,read,HV_BATT_HIST_SOC_T3_2,Duration at 10 ° C less than temperature less than 20 ° C and with different values of current and SOC - Part 2,Dauer bei 10°C kleiner als Temperatur kleiner als 20 °C und bei unterschiedlichen Werten von Strom und SOC - Teil 2,30,0,,,"sme_i1.prg (OVMS dump, GPL-3.0) | sme_i1.prg rev 0.911 (2012)",
BMW i3 / i3s (I01),Gen3 BEV (2013-2022),SME,HV battery management,0x07,0xDF6B,22,read,HV_BATT_HIST_SOC_T5_2,Duration at 27.5 ° C less than temperature less than 32.5 ° C and with different values of current and SOC - part 2,"Dauer bei 27,5°C kleiner als Temperatur kleiner als 32,5 °C und bei unterschiedlichen Werten von Strom und SOC - Teil 2",30,0,,,"sme_i1.prg (OVMS dump, GPL-3.0) | sme_i1.prg rev 0.911 (2012)",
BMW i3 / i3s (I01),Gen3 BEV (2013-2022),SME,HV battery management,0x07,0xDF6C,22,read,HV_BATT_HIST_SOC_T2_2,Duration at 0 ° C less than temperature less than 10 ° C and with different values of current and SOC - part 2,Dauer bei 0°C kleiner als Temperatur kleiner als 10 °C und bei unterschiedlichen Werten von Strom und SOC - Teil 2,30,0,,,"sme_i1.prg (OVMS dump, GPL-3.0) | sme_i1.prg rev 0.911 (2012)",
BMW i3 / i3s (I01),Gen3 BEV (2013-2022),SME,HV battery management,0x07,0xDF6D,22,read,HV_BATT_HIST_SOC_T7_2,Duration at 40 ° C less than temperature and with different values of current and SOC - part 2,Dauer bei 40 °C kleiner als Temperatur und bei unterschiedlichen Werten von Strom und SOC - Teil 2,30,0,,,"sme_i1.prg (OVMS dump, GPL-3.0) | sme_i1.prg rev 0.911 (2012)",
BMW i3 / i3s (I01),Gen3 BEV (2013-2022),SME,HV battery management,0x07,0xDF6E,22,read,HV_BATT_HIST_SOC_T6_2,Duration at 32.5 ° C less than temperature less than 40 ° C and with different values of current and SOC - part 2,"Dauer bei 32,5°C kleiner als Temperatur kleiner als 40 °C und bei unterschiedlichen Werten von Strom und SOC - Teil 2",30,0,,,"sme_i1.prg (OVMS dump, GPL-3.0) | sme_i1.prg rev 0.911 (2012)",
BMW i3 / i3s (I01),Gen3 BEV (2013-2022),SME,HV battery management,0x07,0xDF6F,22,read,HIS_ERR_LIM_STROM,Time in minutes in different current error limit classes separately for charging and discharging over all temperatures,Zeit in Minuten in verschiedenen Stromfehlergrenzenklassen getrennt für Laden und Entladen über alle Temperaturen,6,0,,,"sme_i1.prg (OVMS dump, GPL-3.0) | sme_i1.prg rev 0.911 (2012)",
BMW i3 / i3s (I01),Gen3 BEV (2013-2022),SME,HV battery management,0x07,0xDF70,22,read,HIS_EFF_STROM,Time in minutes in different effective current value classes separately for charging and discharging,Zeit in Minuten in verschiedenen effektiven Stromwertklassen getrennt für Laden und Entladen,12,0,,,"sme_i1.prg (OVMS dump, GPL-3.0) | sme_i1.prg rev 0.911 (2012)",
BMW i3 / i3s (I01),Gen3 BEV (2013-2022),SME,HV battery management,0x07,0xDF71,22,read,PROJEKT_PARAMETER,Reading out the project-specific parameters,Auslesen der projektspezifischen Parametern,4,0,,,"sme_i1.prg (OVMS dump, GPL-3.0) | sme_i1.prg rev 0.911 (2012)",
BMW i3 / i3s (I01),Gen3 BEV (2013-2022),SME,HV battery management,0x07,0xDF72,22,read,KURZSCHLUESSE,Number of short circuits that occurred,Anzahl der vorgekommenen Kurschlüsse,1,0,unsigned char,,"sme_i1.prg (OVMS dump, GPL-3.0) | sme_i1.prg rev 0.911 (2012)",
BMW i3 / i3s (I01),Gen3 BEV (2013-2022),SME,HV battery management,0x07,0xDF73,22,read,HEIZUNG_VERBAUT,Status heating installed (0 = no / 1 = yes),Status Heizung verbaut (0=nein/ 1=ja),1,0,unsigned char,0/1,"sme_i1.prg (OVMS dump, GPL-3.0) | sme_i1.prg rev 0.911 (2012)",
BMW i3 / i3s (I01),Gen3 BEV (2013-2022),SME,HV battery management,0x07,0xDF74,22,read,VOKO_HEIZ_DAUER,Number of preconditioning heating cycles,Anzahl der Vorkonditionierungs-Heizdauervorgängen,7,0,,,"sme_i1.prg (OVMS dump, GPL-3.0) | sme_i1.prg rev 0.911 (2012)",
BMW i3 / i3s (I01),Gen3 BEV (2013-2022),SME,HV battery management,0x07,0xDF75,22,read,LADE_KOND_HEIZ_DAUER,Number of heating conditioning processes during charging,Anzahl der Heizkonditionierungsvorgängen beim Laden,7,0,,,"sme_i1.prg (OVMS dump, GPL-3.0) | sme_i1.prg rev 0.911 (2012)",
BMW i3 / i3s (I01),Gen3 BEV (2013-2022),SME,HV battery management,0x07,0xDF76,22,read,VOKO_KUEHL_DAUER,Number of pre-conditioning cooling cycles,Anzahl der Vorkonditionierungs-Kühldauervorgängen,7,0,,,"sme_i1.prg (OVMS dump, GPL-3.0) | sme_i1.prg rev 0.911 (2012)",
BMW i3 / i3s (I01),Gen3 BEV (2013-2022),SME,HV battery management,0x07,0xDF77,22,read,LADE_DAUER,Number of charging processes in charging duration classes,Anzahl der Ladevorgänge in Ladedauerklassen,7,0,,,"sme_i1.prg (OVMS dump, GPL-3.0) | sme_i1.prg rev 0.911 (2012)",
BMW i3 / i3s (I01),Gen3 BEV (2013-2022),SME,HV battery management,0x07,0xDF78,2E,write,RESET_HIS_TEMP_MOD,Reset the temperature histogram of the selected module,Zurücksetzen des Temperaturhistogramms von den ausgewählten Modul,0,1,,,"sme_i1.prg (OVMS dump, GPL-3.0) | sme_i1.prg rev 0.911 (2012)",
BMW i3 / i3s (I01),Gen3 BEV (2013-2022),SME,HV battery management,0x07,0xDF79,2E,write,RESET_HIS_ERR_LIM_SPANNUNG_MOD,Reset the voltage error limit histogram of the selected module,Zurücksetzen des Spannungsfehlergrenzenhistogramms von den ausgewählten Modul,0,1,,,"sme_i1.prg (OVMS dump, GPL-3.0) | sme_i1.prg rev 0.911 (2012)",
BMW i3 / i3s (I01),Gen3 BEV (2013-2022),SME,HV battery management,0x07,0xDF7A,2E,write,RESET_HIS_SPANNUNG_MOD,Reset the voltage histogram of the selected module,Zurücksetzen des Spannungshistogramms von den ausgewählten Modul,0,1,,,"sme_i1.prg (OVMS dump, GPL-3.0) | sme_i1.prg rev 0.911 (2012)",
BMW i3 / i3s (I01),Gen3 BEV (2013-2022),SME,HV battery management,0x07,0xDF7B,2E,write,RESET_ISOLATIONSMESSWERTE,Resetting the insulation resistance readings,Zurücksetzen der Isolationswiderstandsmesswerte,0,2,,,"sme_i1.prg (OVMS dump, GPL-3.0) | sme_i1.prg rev 0.911 (2012)",
BMW i3 / i3s (I01),Gen3 BEV (2013-2022),SME,HV battery management,0x07,0xDF7C,2E,write,ENTLADESPANNUNGSGRENZE_UNTEN,Set the discharge voltage limit down to enable connection in the event of cell undervoltage,Entladespannungsgrenze runter setzen um bei Zellunterspannungen Zuschaltung zu ermöglichen,0,2,,,"sme_i1.prg (OVMS dump, GPL-3.0) | sme_i1.prg rev 0.911 (2012)",
BMW i3 / i3s (I01),Gen3 BEV (2013-2022),SME,HV battery management,0x07,0xDF7D,2E,write,RESET_ZELLKAPAZITAETEN,Resetting the stored single cell capacities,Zurücksetzen der gespeicherten Einzelzellkapazitäten,0,1,,,"sme_i1.prg (OVMS dump, GPL-3.0) | sme_i1.prg rev 0.911 (2012)",
BMW i3 / i3s (I01),Gen3 BEV (2013-2022),SME,HV battery management,0x07,0xDF7E,2E,write,RESET_ZELL_DSOCS,Job has not been requested for SME_03 since I001_14-03-490 and has been replaced by STEUERN_SOC_REKALIBRIERUNG Resetting the stored Delta SOCs,Job ist für SME_03 seit I001_14-03-490 nicht angefordert und wurde ersetzt durch STEUERN_SOC_REKALIBRIERUNG  Zurücksetzen der gespeicherten Delta SOCs,0,1,,,"sme_i1.prg (OVMS dump, GPL-3.0) | sme_i1.prg rev 0.911 (2012)",
BMW i3 / i3s (I01),Gen3 BEV (2013-2022),SME,HV battery management,0x07,0xDF7F,2E,write,ZELLKAPAZITAETEN,Setting the capacity of module x or all modules to a certain value,Setzen der Kapazität von Modul x bzw. aller Module auf einem bestimmten Wert,0,2,,,"sme_i1.prg (OVMS dump, GPL-3.0) | sme_i1.prg rev 0.911 (2012)",
BMW i3 / i3s (I01),Gen3 BEV (2013-2022),SME,HV battery management,0x07,0xDF80,2E,write,SERIENNUMMER_SCHREIBEN,Writing the HV storage serial number,Schreiben der HV-Speicher Seriennummer,0,2,,,"sme_i1.prg (OVMS dump, GPL-3.0) | sme_i1.prg rev 0.911 (2012)",
BMW i3 / i3s (I01),Gen3 BEV (2013-2022),SME,HV battery management,0x07,0xDF81,22,read,HIS_SOC_WARN_GRENZEN,Operating time in minutes in the lower and upper SOC warning limits,Betriebszeit in Minuten in unteren und oberen SOC-Warngrenzen,9,0,,,"sme_i1.prg (OVMS dump, GPL-3.0) | sme_i1.prg rev 0.911 (2012)",
BMW i3 / i3s (I01),Gen3 BEV (2013-2022),SME,HV battery management,0x07,0xDF83,22,read,ID_SBOX,Reading out the identification parameters of the SBOX,Auslesen Identifiationsparameter der SBOX,5,0,,,"sme_i1.prg (OVMS dump, GPL-3.0) | sme_i1.prg rev 0.911 (2012)",
BMW i3 / i3s (I01),Gen3 BEV (2013-2022),SME,HV battery management,0x07,0xDF84,2E,write,PUFFER_ZELLSPANNUNGEN,Holding the cell voltage for a time step,Festhalten der Zellspannugen für einen Zeitschritt,0,1,,,"sme_i1.prg (OVMS dump, GPL-3.0)",
BMW i3 / i3s (I01),Gen3 BEV (2013-2022),SME,HV battery management,0x07,0xDF86,22,read,SOC_HISTORIE,Reading out the SOC history data,Auslesen der SOC-Historie Daten,13,0,,,"sme_i1.prg (OVMS dump, GPL-3.0)",
BMW i3 / i3s (I01),Gen3 BEV (2013-2022),SME,HV battery management,0x07,0xDF87,2E,write,ZELLPACK_IDS_ZUORDNEN,Assign indices / installation position of the individual cell packs,Indizes/Verbauposition der einzelnen Zellpacks vergeben,0,2,,,"sme_i1.prg (OVMS dump, GPL-3.0)",
BMW i3 / i3s (I01),Gen3 BEV (2013-2022),SME,HV battery management,0x07,0xDF88,2E,write,ZELLPACK_IDS_UEBERNEHMEN,Transfer indices / installation position of the individual cell packs in SME,Indizes/Verbauposition der einzelnen Zellpacks in SME übernehmen,0,1,,,"sme_i1.prg (OVMS dump, GPL-3.0)",
BMW i3 / i3s (I01),Gen3 BEV (2013-2022),SME,HV battery management,0x07,0xDF89,22,read,KL30C,"Reading out the logical status of the KL30C> not for I01 and I12, use STATUS_KL30C_SPANNUNG here","Auslesen des logischen Status der KL30C > nicht für I01 und I12, hier STATUS_KL30C_SPANNUNG verwenden",1,0,unsigned char,0-n,"sme_i1.prg (OVMS dump, GPL-3.0)",
BMW i3 / i3s (I01),Gen3 BEV (2013-2022),SME,HV battery management,0x07,0xDF8A,22,read,HIS_EFF_STROM_TMIN,At T <-10: time in minutes in different percentage value classes for the ratio of effective current to current limit separately for charging and discharging (SBL),Bei T < -10: Zeit in Minuten in verschiedenen Prozentwertklassen für das Verhältnis effektiver Strom zu Stromgrenze getrennt für Laden und Entladen (SBL),12,0,,,"sme_i1.prg (OVMS dump, GPL-3.0)",
BMW i3 / i3s (I01),Gen3 BEV (2013-2022),SME,HV battery management,0x07,0xDF8B,22,read,HIS_EFF_STROM_TLOW,At -10 <= T <5: time in minutes in various percentage value classes for the ratio of effective current to current limit separately for charging and discharging (SBL),Bei -10 <= T < 5: Zeit in Minuten in verschiedenen Prozentwertklassen für das Verhältnis effektiver Strom zu Stromgrenze getrennt für Laden und Entladen (SBL),12,0,,,"sme_i1.prg (OVMS dump, GPL-3.0)",
BMW i3 / i3s (I01),Gen3 BEV (2013-2022),SME,HV battery management,0x07,0xDF8C,22,read,HIS_EFF_STROM_TMID,At 5 <= T <25 (40 SP01): Time in minutes in various percentage value classes for the ratio of effective current to current limit separately for charging and discharging (SBL),Bei 5 <= T < 25 (40 SP01): Zeit in Minuten in verschiedenen Prozentwertklassen für das Verhältnis effektiver Strom zu Stromgrenze getrennt für Laden und Entladen (SBL),12,0,,,"sme_i1.prg (OVMS dump, GPL-3.0)",
BMW i3 / i3s (I01),Gen3 BEV (2013-2022),SME,HV battery management,0x07,0xDF8D,22,read,HIS_EFF_STROM_THIGH,ONLY SE03 !!! At 25 <= T <40: Time in minutes in different percentage classes for the ratio of effective current to current limit separately for charging and discharging (SBL),NUR SE03!!! Bei 25 <= T < 40: Zeit in Minuten in verschiedenen Prozentwertklassen für das Verhältnis effektiver Strom zu Stromgrenze getrennt für Laden und Entladen (SBL),12,0,,,"sme_i1.prg (OVMS dump, GPL-3.0)",
BMW i3 / i3s (I01),Gen3 BEV (2013-2022),SME,HV battery management,0x07,0xDF8E,22,read,HIS_EFF_STROM_TMAX,At 40 <= T: time in minutes in various percentage value classes for the ratio of effective current to current limit separately for charging and discharging (SBL),Bei 40 <= T: Zeit in Minuten in verschiedenen Prozentwertklassen für das Verhältnis effektiver Strom zu Stromgrenze getrennt für Laden und Entladen (SBL),12,0,,,"sme_i1.prg (OVMS dump, GPL-3.0)",
BMW i3 / i3s (I01),Gen3 BEV (2013-2022),SME,HV battery management,0x07,0xDF8F,22,read,HIS_ERR_LIM_STROM_TMIN,At T <= -10: time in minutes in different current error limit classes separately for charging and discharging,Bei T <= -10: Zeit in Minuten in verschiedenen Stromfehlergrenzenklassen getrennt für Laden und Entladen,6,0,,,"sme_i1.prg (OVMS dump, GPL-3.0)",
BMW i3 / i3s (I01),Gen3 BEV (2013-2022),SME,HV battery management,0x07,0xDF90,22,read,HIS_ERR_LIM_STROM_TLOW,At -10 <T <= 5: time in minutes in different current error limit classes separately for charging and discharging,Bei -10 < T <= 5: Zeit in Minuten in verschiedenen Stromfehlergrenzenklassen getrennt für Laden und Entladen,6,0,,,"sme_i1.prg (OVMS dump, GPL-3.0)",
BMW i3 / i3s (I01),Gen3 BEV (2013-2022),SME,HV battery management,0x07,0xDF91,22,read,HIS_ERR_LIM_STROM_THIGH,If 5 <T <= 25: time in minutes in different current error limit classes separately for charging and discharging,Bei 5 < T <= 25: Zeit in Minuten in verschiedenen Stromfehlergrenzenklassen getrennt für Laden und Entladen,6,0,,,"sme_i1.prg (OVMS dump, GPL-3.0)",
BMW i3 / i3s (I01),Gen3 BEV (2013-2022),SME,HV battery management,0x07,0xDF92,22,read,HIS_ERR_LIM_STROM_TMAX,At 25 <T: time in minutes in different current error limit classes separately for charging and discharging,Bei 25 < T: Zeit in Minuten in verschiedenen Stromfehlergrenzenklassen getrennt für Laden und Entladen,6,0,,,"sme_i1.prg (OVMS dump, GPL-3.0)",
BMW i3 / i3s (I01),Gen3 BEV (2013-2022),SME,HV battery management,0x07,0xDF93,2E,write,RESET_ALTERUNG_INNENWIDERSTAND,Reset job is no longer relevant. Internal resistance is automatically adjusted when the module is replaced.,Resetjob ist nicht mehr relevant. Innenwiderstand wird bei Modultausch automatisch angepasst.,0,1,,,"sme_i1.prg (OVMS dump, GPL-3.0)",
BMW i3 / i3s (I01),Gen3 BEV (2013-2022),SME,HV battery management,0x07,0xDF94,2E,write,RESET_ALTERUNG_KAPAZITAET_HIST_SOC_HUB,Resetting the histogram that is read out with the job: STATUS_ALTERUNG_KAPAZITAET_HISTOGRAMM_SOC_HUB >> to be carried out when replacing modules,"Zurücksetzen des Histogramms, das ausgelesen wird mit dem Job:  STATUS_ALTERUNG_KAPAZITAET_HISTOGRAMM_SOC_HUB >> auszuführen bei Modultausch",0,1,,,"sme_i1.prg (OVMS dump, GPL-3.0)",
BMW i3 / i3s (I01),Gen3 BEV (2013-2022),SME,HV battery management,0x07,0xDF95,2E,write,RESET_BETRIEBSSTUNDEN_HVS,"Resetting the histogram that is read out with the job: STATUS_BETRIEBSSTUNDEN_SME (I01) STATUS_BETRIEBSSTUNDEN_HVS (future projects) >> Attention: for all SME functions, the entire HVS appears as absolutely NEW with this reset. Resetting is therefore only recommended when replacing many or all modules!","Zurücksetzen des Histogramms, das ausgelesen wird mit dem Job:  STATUS_BETRIEBSSTUNDEN_SME (I01) STATUS_BETRIEBSSTUNDEN_HVS (zukünftige Projekte) >> Achtung: für alle SME-Funktionen erscheint der gesamte HVS mit diesem Zurücksetzen als absolut NEU. Zurücksetzen ist also nur zu empfehlen bei Tausch von vielen bis allen Modulen!",0,1,,,"sme_i1.prg (OVMS dump, GPL-3.0)",
BMW i3 / i3s (I01),Gen3 BEV (2013-2022),SME,HV battery management,0x07,0xDF96,2E,write,RESET_ANZAHL_KUEHLANFORDERUNG_DRINGEND,Resetting the histogram that is read out with the job: STATUS_ANZAHL_KUEHLANFORDERUNG_DRINGEND >> to be carried out when replacing modules,"Zurücksetzen des Histogramms, das ausgelesen wird mit dem Job: STATUS_ANZAHL_KUEHLANFORDERUNG_DRINGEND >> auszuführen bei Modultausch",0,1,,,"sme_i1.prg (OVMS dump, GPL-3.0)",
BMW i3 / i3s (I01),Gen3 BEV (2013-2022),SME,HV battery management,0x07,0xDF97,2E,write,RESET_CUMULATIVE_ENT_LADUNG,Resetting the histogram that is read out with the job: STATUS_CUMULATIVE_ENTLADUNG STATUS_CUMULATIVE_LADUNG >> to be carried out when replacing modules,"Zurücksetzen des Histogramms, das ausgelesen wird mit dem Job: STATUS_CUMULATIVE_ENTLADUNG STATUS_CUMULATIVE_LADUNG >> auszuführen bei Modultausch",0,1,,,"sme_i1.prg (OVMS dump, GPL-3.0)",
BMW i3 / i3s (I01),Gen3 BEV (2013-2022),SME,HV battery management,0x07,0xDF98,2E,write,RESET_HIS_EFF_ERR_LIM_STROM_ALL,Resetting the histogram that is read out with the job: STATUS_HIS_EFF_STROM_Txxxx STATUS_HIS_ERR_LIM_STROM_Txxxx >> to be carried out when replacing modules,"Zurücksetzen des Histogramms, das ausgelesen wird mit dem Jobs: STATUS_HIS_EFF_STROM_Txxxx STATUS_HIS_ERR_LIM_STROM_Txxxx >> auszuführen bei Modultausch",0,1,,,"sme_i1.prg (OVMS dump, GPL-3.0)",
BMW i3 / i3s (I01),Gen3 BEV (2013-2022),SME,HV battery management,0x07,0xDF99,2E,write,RESET_HIS_SOC_WARN_GRENZEN,Resetting the histogram that is read out with the job: STATUS_HIS_SOC_WARN_GRENZEN >> to be carried out when replacing modules,"Zurücksetzen des Histogramms, das ausgelesen wird mit dem Job: STATUS_HIS_SOC_WARN_GRENZEN >> auszuführen bei Modultausch",0,1,,,"sme_i1.prg (OVMS dump, GPL-3.0)",
BMW i3 / i3s (I01),Gen3 BEV (2013-2022),SME,HV battery management,0x07,0xDF9A,2E,write,RESET_ZEIT_SOC_KLASSE,Resetting the histogram that is read out with the job: STATUS_ZEIT_SOC_KLASSE >> to be carried out when replacing a module,"Zurücksetzen des Histogramms, das ausgelesen wird mit dem Job: STATUS_ZEIT_SOC_KLASSE >> auszuführen bei Modultausch",0,1,,,"sme_i1.prg (OVMS dump, GPL-3.0)",
BMW i3 / i3s (I01),Gen3 BEV (2013-2022),SME,HV battery management,0x07,0xDF9B,2E,write,RESET_ZEIT_TEMP_HISTOGRAMM,Resetting the histogram that is read out with the job: STATUS_ZEIT_TEMP_HISTOGRAMM >> to be carried out when replacing modules,"Zurücksetzen des Histogramms, das ausgelesen wird mit dem Job: STATUS_ZEIT_TEMP_HISTOGRAMM >> auszuführen bei Modultausch",0,1,,,"sme_i1.prg (OVMS dump, GPL-3.0)",
BMW i3 / i3s (I01),Gen3 BEV (2013-2022),SME,HV battery management,0x07,0xDF9C,22,read,LADEZEIT_ADAPT_KENNFELD_LESEN,Reading out the map of learning factors to correct the charging time prognosis raw value,Auslesen des Kennfeldes von Lernfaktoren zur Korrektur des Ladezeitprognose-Rohwerts,51,0,,,"sme_i1.prg (OVMS dump, GPL-3.0)",
BMW i3 / i3s (I01),Gen3 BEV (2013-2022),SME,HV battery management,0x07,0xDF9D,2E,write,RESET_LADEZEIT_ADAPT_KENNFELD,Resetting to the initial value of the map of learning factors to correct the charging time forecast raw value. >> to be carried out when replacing a module Info: Readout of the reset initial values possible by subsequently carrying out LADEZEIT_ADAPT_KENNFELD_LESEN.,Zurücksetzen auf den Initialwert des Kennfelds von Lernfaktoren zur Korrektur des Ladezeitprognose-Rohwerts. >> auszuführen bei Modultausch Info: Auslesen der Reset-Initialwerte durch anschließendes Ausführen von LADEZEIT_ADAPT_KENNFELD_LESEN möglich.,0,1,,,"sme_i1.prg (OVMS dump, GPL-3.0)",
BMW i3 / i3s (I01),Gen3 BEV (2013-2022),SME,HV battery management,0x07,0xDF9E,22,read,VERH_VOLLADE_LADEVORG_LESEN,Percentage of the ratio of full charges to total charges,Prozentualer Wert vom Verhältnis der Volladevorgänge zu den gesamten Ladevorgängen,1,0,unsigned char,%,"sme_i1.prg (OVMS dump, GPL-3.0)",
BMW i3 / i3s (I01),Gen3 BEV (2013-2022),SME,HV battery management,0x07,0xDF9F,2E,write,RESET_VERH_VOLLADE_LADEVORG,Resetting the histogram that is read out with the job: STATUS_VERH_VOLLADE_LADEVORG >> to be carried out when replacing modules,"Zurücksetzen des Histogramms, das ausgelesen wird mit dem Job: STATUS_VERH_VOLLADE_LADEVORG >> auszuführen bei Modultausch",0,1,,,"sme_i1.prg (OVMS dump, GPL-3.0)",
BMW i3 / i3s (I01),Gen3 BEV (2013-2022),SME,HV battery management,0x07,0xDFA0,22,read,ZUSTAND_SPEICHER,"Output of central storage quantities as max., Min. And mean values","Ausgabe von zentralen Speicherzudstandsgrößen als Max.-, Min.- und Mittelwert",19,0,,,"sme_i1.prg (OVMS dump, GPL-3.0)",
BMW i3 / i3s (I01),Gen3 BEV (2013-2022),SME,HV battery management,0x07,0xDFA1,22,read,HIS_ERR_LIM_SPANNUNG,"Output of the maximum dwell time in voltage error limit classes across all modules in minutes. At temperatures <-10 ° C, the voltage error limit changes depending on the temperature.",Ausgabe der maximalen Verweildauer in Spannungsfehlergrenzenklassen über alle Module in Minuten. Bei Temperaturen < -10°C verändert sich die Spannungsfehlergrenze temperaturabhängig.,6,0,,,"sme_i1.prg (OVMS dump, GPL-3.0)",
BMW i3 / i3s (I01),Gen3 BEV (2013-2022),SME,HV battery management,0x07,0xDFAE,22,read,HIS_SOC_MAX_MIN,Job has not been requested for SME_03 since I001_14-03-490 and is therefore not implemented from now on. Output of the minimum and maximum MIN nominal SoC that occurs over the life of the vehicle.,"Job ist für SME_03 seit I001_14-03-490 nicht angefordert und somit fortan nicht implementiert.   Ausgabe des minimalen und maximalen MIN-Nenn-SoC, der über Fahrzeuglebensdauer auftritt.",2,0,,,"sme_i1.prg (OVMS dump, GPL-3.0)",
BMW i3 / i3s (I01),Gen3 BEV (2013-2022),SME,HV battery management,0x07,0xDFAF,2E,write,RESET_HIS_SOC_MAX_MIN,Job has not been requested for SME_03 since I001_14-03-490 and is therefore not implemented from now on. Resetting to the initial value of the minimum (= 255) and maximum (= 0) MIN nominal SoC that occurs over the life of the vehicle. Effect on the return of STATUS_HIS_SOC_MAX_MIN,"Job ist für SME_03 seit I001_14-03-490 nicht angefordert und somit fortan nicht implementiert.   Zurücksetzen auf Initialwert des minimalen (=255) und maximalen (=0) MIN-Nenn-SoC, der über Fahrzeuglebensdauer auftritt. Auswirkung auf Rückgabe von STATUS_HIS_SOC_MAX_MIN",0,1,,,"sme_i1.prg (OVMS dump, GPL-3.0)",
BMW i3 / i3s (I01),Gen3 BEV (2013-2022),SME,HV battery management,0x07,0xDFC9,2E;22,read/write,LPA_HVS_LD_INT,Setting the new HVS self-protection current integral value / reading the current HVS self-protection current integral value and returning the project-specific current and current integral limits,Setzen des neuen HVS-Eigenschutz-Stromintegralwertes / Lesen des aktuellen HVS-Eigenschutz-Stromintegralwertes und Rückgabe der projekspezifischen Strom- und Stromintegralgrenzen,4,2,,,"sme_i1.prg (OVMS dump, GPL-3.0)",
BMW i3 / i3s (I01),Gen3 BEV (2013-2022),SME,HV battery management,0x07,0xDFE1,22,read,STATUS_HV_SPEICHER_ID,Reading out the storage identification number of the HV storage,Auslesen der Speicheridentifikationsnummer des HV-Speichers,2,0,,,"sme_i1.prg (OVMS dump, GPL-3.0)",
BMW i3 / i3s (I01),Gen3 BEV (2013-2022),SME,HV battery management,0x07,0xDFE2,22,read,SYMMETRIERBAND,Information about the last successful balancing process and the last no-load SoCs,Informationen zum letzten erfolgreichen Symmetriervorgang und den letzten Ruhespannungs-SoCs,8,0,,,"sme_i1.prg (OVMS dump, GPL-3.0)",
BMW i3 / i3s (I01),Gen3 BEV (2013-2022),SME,HV battery management,0x07,0xE4E1,2E,write,RESET_KUEHLERBRUCH,Reset of the effects of a detected cooler breakage after a service measure,Reset der Auswirkungen eines erkannten Kühlerbruchs nach Servicemaßnahme,0,1,,,"sme_i1.prg (OVMS dump, GPL-3.0)",
BMW i3 / i3s (I01),Gen3 BEV (2013-2022),SME,HV battery management,0x07,0xE50D,22,read,GW_INFO_SCHNELLLADEN,Provides warranty-relevant information on the share of fast charging in the total energy throughput of the storage facility at different temperatures.,Liefert gewährleistungsrelevante Informationen zum Anteil des Schnellladens am Gesamtenergiedurchsatz des Speichers bei verschiedenen Temperaturen.,5,0,,,"sme_i1.prg (OVMS dump, GPL-3.0)",
BMW i3 / i3s (I01),Gen3 BEV (2013-2022),SME,HV battery management,0x07,0xE540,22,read,CODIERVARIABLEN_HV_SPEICHER,Reads out all coding variables with manipulation potential,Liest alle Codiervariablen mit Manipulationspotential aus,4,0,,,"sme_i1.prg (OVMS dump, GPL-3.0)",
BMW i3 / i3s (I01),Gen3 BEV (2013-2022),SME,HV battery management,0x07,0xE5EC,2E;22,read/write,SOH_OFFSET,Correction variables with which the functions for capacity aging are corrected during operation.,"Korrekturgrößen, mit denen die Funktionen zur Kapazitätsalterung im Betrieb  korrgiert werden.",2,2,,,"sme_i1.prg (OVMS dump, GPL-3.0)",
BMW i3 / i3s (I01),Gen3 BEV (2013-2022),SME,HV battery management,0x07,0xE5EF,2E,write,ANZAHL_DEFEKTE_SICHERUNG_RESET,Resets the number of defective fuses since all modules were last replaced,Setzt die Anzahl der defekten Sicherungen seit dem letzten Tausch aller Module zurück,0,2,,,"sme_i1.prg (OVMS dump, GPL-3.0)",
BMW i3 / i3s (I01),Gen3 BEV (2013-2022),SME,HV battery management,0x07,0xE5F0,2E,write,ANZAHL_DEFEKTE_SICHERUNG_INKREMENT,Increments the number of defective fuses since all modules were last replaced,Inkrementiert die Anzahl der defekten Sicherungen seit dem letzten Tausch aller Module,0,2,,,"sme_i1.prg (OVMS dump, GPL-3.0)",
BMW i3 / i3s (I01),Gen3 BEV (2013-2022),SME,HV battery management,0x07,0xE5F1,22,read,ANZAHL_DEFEKTE_SICHERUNG,Number of defective fuses since all modules were last replaced,Anzahl der defekten Sicherungen seit dem letzten Tausch aller Module,1,0,unsigned char,,"sme_i1.prg (OVMS dump, GPL-3.0)",
BMW i3 / i3s (I01),Gen3 BEV (2013-2022),SME,HV battery management,0x07,0xE5F2,22,read,HVOFF_VOLTAGES,"Status job to analyze the voltage drop after parking the vehicle. In connection with the cell indices and status signals of the symmetry requirement, this enables a collection of indices for defective or particularly weak cells in the module network.",Statusjob zur Analyse der Spannungsabsenkung nach Abstellen des Fahrzeugs. Diese ermöglicht im Zusammenhang mit den Zellindizes und Statussignalen des Symmetrierbedarfs eine Indizsammlung für defekte bzw. besonders schwache Zellen im Modulverbund.,83,0,,,"sme_i1.prg (OVMS dump, GPL-3.0)",
BMW i3 / i3s (I01),Gen3 BEV (2013-2022),SME,HV battery management,0x07,0xE5F3,22,read,RB_SOH_KAPATEST_ERW,Extension of the return of the results of the last 3 HVS offboard capacity tests (ring memory),Erweiterung der Rückgabe der Ergebnisse der letzten 3 HVS-Offboard-Kapatests (Ringspeicher),27,0,,,"sme_i1.prg (OVMS dump, GPL-3.0)",
BMW i3 / i3s (I01),Gen3 BEV (2013-2022),SME,HV battery management,0x07,0xE5F4,22,read,CPI_ANALYSE,Returns a data packet with the most critical relative temperature deviation since the last reset (drag pointer). A data package contains the relevant measured values for data entry for the CPI diagnosis.,Gibt ein Datenpaket mit der kritischsten relativen Temperaturabweichung seit dem letzten Reset zurück (Schleppzeiger). Ein Datenpaket enthält für die Bedatung der CPI-Diagnose relevante Messwerte.,10,0,,,"sme_i1.prg (OVMS dump, GPL-3.0)",
BMW i3 / i3s (I01),Gen3 BEV (2013-2022),SME,HV battery management,0x07,0xE5FA,22,read,KAPAZITAETSTEST_ASYMMETRIE_POTENTIAL,"Return of sizes for the asymmetry potential of the memory that were determined as part of a capacity determination (offboard capacity test). The cell and module index of the cell that potentially has the lowest capacity, as well as the additional capacity range of this cell (in percent), which can potentially be made usable by balancing the memory, are output.","Rückgabe von Größen zum Asymmetrie-Potenzial des Speichers, die im Rahmen einer Kapazitätsbestimmung (Offboard Kapatest) ermittelt wurden. Ausgegeben werden Zell- und Modul-Index der Zelle, die potenziell die geringste Kapazität besitzt, sowie der zusätzliche Kapazitätsbereich dieser Zelle (in Prozent), der potenziell durch eine Symmetrierung des Speichers nutzbar gemacht werden kann.",3,0,,,"sme_i1.prg (OVMS dump, GPL-3.0)",
BMW i3 / i3s (I01),Gen3 BEV (2013-2022),SME,HV battery management,0x07,0xF190,22;2E,read/write,VIN,Chassis number,Fahrgestellnummer,1,1,string[17],TEXT,"sme_i1.prg (OVMS dump, GPL-3.0)",
BMW i3 / i3s (I01),Gen3 BEV (2013-2022),SME,HV battery management,0x07,0xF500,31,routine,_HEIZUNG,switch on the heating,Heizung einschalten,1,1,unsigned char,0-n,"sme_i1.prg (OVMS dump, GPL-3.0) | sme_i1.prg rev 0.911 (2012)",
BMW i3 / i3s (I01),Gen3 BEV (2013-2022),SME,HV battery management,0x07,0xAD77,31,routine,ALTERUNG_KAPAZITAET_MODUL_LESEN,"Read the aging of module x, based on the capacity ratio (capacity ratio = (C_current / C_nominal(new)) * 100; 100% = new condition, decreases with aging)","Auslesen der Alterung des Modul x, bezogen auf Kapazitätsquotient (Kapazitätsquotient  = (C_akt /C_nenn(neu)) *100   (100% = Neuzustand, sinkt mit Alterung)",1,1,unsigned char,%,sme_i1.prg rev 0.911 (2012),yes
BMW i3 / i3s (I01),Gen3 BEV (2013-2022),SME,HV battery management,0x07,0xAD78,31,routine,ALTERUNG_INNENWIEDERSTAND_MODUL_LESEN,"Read the aging of module x, based on the internal resistance ratio (ratio = (R_new / R_current) * 100; 100% = new condition, decreases with aging)","Auslesen der Alterung des Modul x, bezogen auf Innewiederstandsquote (Quote = (R_neu /R_akt) *100   (100% = Neuzustand, sinkt mit Alterung))",1,1,unsigned char,%,sme_i1.prg rev 0.911 (2012),yes
BMW i3 / i3s (I01),Gen3 BEV (2013-2022),SME,HV battery management,0x07,0xAD79,31,routine,ZELLPACK_SOH_LESEN,"Reading out the aging status (e.g. defect, etc.) of module x",Auslesen des Alterungsstatus (z.B Defekt usw.) des Modul x,1,1,unsigned char,0-n,sme_i1.prg rev 0.911 (2012),yes
BMW i3 / i3s (I01),Gen3 BEV (2013-2022),SME,HV battery management,0x07,0xDD6F,22;2E,read/write,KUEHLKREISLAUF_VENTIL,Status / control coolant valve: Closed or open / close or open,Status / Steuern Kühlmittel-Ventil: Geschlossen oder offen / schliessen oder öffnen,1,1,unsigned char,0-n,sme_i1.prg rev 0.911 (2012),yes
BMW i3 / i3s (I01),Gen3 BEV (2013-2022),SME,HV battery management,0x07,0xDDC1,2E,write,CSC_IDS,Hardware IDs of the individual CSCs (Cell Supervisory Circuit),Hardware IDs der einzelnen CSCs (Cell Supervisory Circuit),0,1,,,sme_i1.prg rev 0.911 (2012),yes
BMW i3 / i3s (I01),Gen3 BEV (2013-2022),SME,HV battery management,0x07,0xDF61,2E,write,SOC_GRENZE_OBEN,Opening/resetting the upper SOC limit,Öffnen/Rücksetzen der oberen SOC Grenze,0,2,,,sme_i1.prg rev 0.911 (2012),yes
BMW i3 / i3s (I01),Gen3 BEV (2013-2022),SME,HV battery management,0x07,0xDF82,2E,write,RESET_SBOX,Input for resetting the S-BOX parameters,Eingabe zum Zurücksetzen der S-BOX Parameter,0,1,,,sme_i1.prg rev 0.911 (2012),yes
BMW i3 / i3s (I01),Gen3 BEV (2013-2022),SME,HV battery management,0x07,0xF190,22,read,VIN,"17-digit vehicle identification number, 00000000000000000 if no VIN is present (virgin ECU). Note: the result value 00000000000000000 is returned if the CAS returns 0xFF FF FF FF FF FF FF FF FF FF FF FF FF FF FF FF FF in the response telegram.","17-Stellige Fahrgestellnummer 00000000000000000 wenn keine Fahrgestellnummer vorhanden (jungfräuliches Steuergerät). Hinweis: Der Resultwert 00000000000000000 wird zurückgeliefert, falls das CAS 0xFF FF FF FF FF FF FF FF FF FF FF FF FF FF FF FF FF im Antworttelegramm liefert.",1,0,string[17],,sme_i1.prg rev 0.911 (2012),yes
BMW i3 / i3s (I01),Gen3 BEV (2013-2022),EME,Drive inverter + DC/DC,0x1A,0x1060,31,routine,FS_LOESCHEN_PERMANENT,Job to delete the permanent DTCs,Job zum Löschen der Permanent-DTCs,0,0,,,"eme_i01.prg (OVMS dump, GPL-3.0)",
BMW i3 / i3s (I01),Gen3 BEV (2013-2022),EME,Drive inverter + DC/DC,0x1A,0x1061,31,routine,FEHLERSPEICHER_ENDE_WERKSABLAUF,Deletion of individual errors and permanent DTCs prevented,Löschen von Einzelfehlern und Permanent-DTCs unterbindet,1,0,unsigned char,0/1,"eme_i01.prg (OVMS dump, GPL-3.0)",
BMW i3 / i3s (I01),Gen3 BEV (2013-2022),EME,Drive inverter + DC/DC,0x1A,0x4009,22,read,AKS_DIAG_STATUS_INFO,Query of AE status bits for diagnosis and assignment of AKSs,Abfrage von AE-Statusbits zur Diagnose und Zuordnung von AKSen,16,0,,,"eme_i01.prg (OVMS dump, GPL-3.0)",
BMW i3 / i3s (I01),Gen3 BEV (2013-2022),EME,Drive inverter + DC/DC,0x1A,0x400C,2E,write,AE_SN_SETZEN,serial number,Seriennummer,0,4,,,"eme_i01.prg (OVMS dump, GPL-3.0) | eme_i01.prg rev 0.540 (2012)",
BMW i3 / i3s (I01),Gen3 BEV (2013-2022),EME,Drive inverter + DC/DC,0x1A,0x400D,2E,write,AE_HWCAL_SETZEN,Set hardware calibration data of the AE The serial number cannot be set (own job _steuern_sn_etzen) !!!,Hardware Kalibrierungsdaten der AE setzen Es kann nicht die Seriennummer gesetz werden (eigener Job _steuern_sn_setzen)!!!,0,6,,,"eme_i01.prg (OVMS dump, GPL-3.0) | eme_i01.prg rev 0.540 (2012)",
BMW i3 / i3s (I01),Gen3 BEV (2013-2022),EME,Drive inverter + DC/DC,0x1A,0x400E,2E,write,AE_HWCAL_FLASHEN,Writes the HWCALs of a certain block into the flash,Schreibt die HWCALs eines bestimmten Blocks ins Flash,0,2,,,"eme_i01.prg (OVMS dump, GPL-3.0) | eme_i01.prg rev 0.540 (2012)",
BMW i3 / i3s (I01),Gen3 BEV (2013-2022),EME,Drive inverter + DC/DC,0x1A,0x400F,2E,write,AE_HWCAL_MODE,Bring the SG into HWCAL Flash mode,SG in den HWCAL Flash-Mode bringen,0,1,,,"eme_i01.prg (OVMS dump, GPL-3.0) | eme_i01.prg rev 0.540 (2012)",
BMW i3 / i3s (I01),Gen3 BEV (2013-2022),EME,Drive inverter + DC/DC,0x1A,0xADC0,31,routine,STEUERN_START_LADEN,Request charging start,Ladestart anfordern,0,1,,,"eme_i01.prg (OVMS dump, GPL-3.0) | eme_i01.prg rev 0.540 (2012)",
BMW i3 / i3s (I01),Gen3 BEV (2013-2022),EME,Drive inverter + DC/DC,0x1A,0xADC1,31,routine,STEUERN_STOP_LADEN,Request charging stop,Ladestop anfordern,0,1,,,"eme_i01.prg (OVMS dump, GPL-3.0) | eme_i01.prg rev 0.540 (2012)",
BMW i3 / i3s (I01),Gen3 BEV (2013-2022),EME,Drive inverter + DC/DC,0x1A,0xADC4,31,routine,REX_ON_OFF,Switching on / off the range extender combustion engine,Ein-/Ausschalten des Range Extender Verbrennungsmotor,0,2,,,"eme_i01.prg (OVMS dump, GPL-3.0) | eme_i01.prg rev 0.540 (2012)",
BMW i3 / i3s (I01),Gen3 BEV (2013-2022),EME,Drive inverter + DC/DC,0x1A,0xADEB,31,routine,LAST_HISTOGRAMM_EMASCHINE,Read out histogram with speed-torque ranges of the electrical machine,Auslesen Histogramm mit Drehzahl-Drehmoment Bereiche der elektrische Maschine,12,1,,,"eme_i01.prg (OVMS dump, GPL-3.0)",
BMW i3 / i3s (I01),Gen3 BEV (2013-2022),EME,Drive inverter + DC/DC,0x1A,0xADF1,31,routine,EME_DCDC_WANDLER,Control or read the status of the DC / DC converter,Steuern oder Auslesen des Status vom DC/DC-Wandler,2,6,,,"eme_i01.prg (OVMS dump, GPL-3.0) | eme_i01.prg rev 0.540 (2012)",
BMW i3 / i3s (I01),Gen3 BEV (2013-2022),EME,Drive inverter + DC/DC,0x1A,0xADF2,31,routine,EME_HV_SYSTEM_ON_OFF,Run the HV system up / down,HV-System hoch-/runterfahren,1,1,unsigned char,0-n,"eme_i01.prg (OVMS dump, GPL-3.0) | eme_i01.prg rev 0.540 (2012)",
BMW i3 / i3s (I01),Gen3 BEV (2013-2022),EME,Drive inverter + DC/DC,0x1A,0xADF4,31,routine,EME_AKS_EMK,Command the electric machine in the AKS: 0 - Control on EME-SW; 1 - AKS E-machine requested,E-Maschine in den AKS kommandieren: 0 - Kontrolle an EME-SW; 1 - AKS E-Maschine angefordert,1,1,unsigned char,0-n,"eme_i01.prg (OVMS dump, GPL-3.0) | eme_i01.prg rev 0.540 (2012)",
BMW i3 / i3s (I01),Gen3 BEV (2013-2022),EME,Drive inverter + DC/DC,0x1A,0xADF6,31,routine,AE_ROTORLAGESENSOR_ANLERNEN,Teaching in the rotor position sensor (TA-EOL STEUERN),Anlernen Rotorlagesensor (TA-EOL STEUERN),5,1,,,"eme_i01.prg (OVMS dump, GPL-3.0) | eme_i01.prg rev 0.540 (2012)",
BMW i3 / i3s (I01),Gen3 BEV (2013-2022),EME,Drive inverter + DC/DC,0x1A,0xADF8,31,routine,AE_KLASSIERUNG,Reading out the speed / torque classification data,Auslesen der  Drehzahl/Drehmoment-Klassierungsdaten,64,1,,,"eme_i01.prg (OVMS dump, GPL-3.0) | eme_i01.prg rev 0.540 (2012)",
BMW i3 / i3s (I01),Gen3 BEV (2013-2022),EME,Drive inverter + DC/DC,0x1A,0xADF9,31,routine,AE_DCDC_HISTOGRAMM,Reading the requested histogram of the DCDC converter,Lesen des angeforderten Histogramm des DCDC-Wandlers,10,1,,,"eme_i01.prg (OVMS dump, GPL-3.0) | eme_i01.prg rev 0.540 (2012)",
BMW i3 / i3s (I01),Gen3 BEV (2013-2022),EME,Drive inverter + DC/DC,0x1A,0xADFC,31,routine,LADEHISTORIE_SATZ_LESEN,Reads out the records of the loading history.,Liest die Sätze der Ladehistorie aus.,29,1,,,"eme_i01.prg (OVMS dump, GPL-3.0) | eme_i01.prg rev 0.540 (2012)",
BMW i3 / i3s (I01),Gen3 BEV (2013-2022),EME,Drive inverter + DC/DC,0x1A,0xADFE,31,routine,KLASSIERUNG_ZUG_SCHUB,Read out the current data of the pull / push LW classification,Aktuelle Daten der Klassierung Zug/Schub-LW auslesen,6,1,,,"eme_i01.prg (OVMS dump, GPL-3.0) | eme_i01.prg rev 0.540 (2012)",
BMW i3 / i3s (I01),Gen3 BEV (2013-2022),EME,Drive inverter + DC/DC,0x1A,0xAF42,31,routine,LADEGERAET_HISTOGRAMM_LESEN,Read out the histograms of the charger,Histogramme des Ladegeräts auslesen,6,1,,,"eme_i01.prg (OVMS dump, GPL-3.0)",
BMW i3 / i3s (I01),Gen3 BEV (2013-2022),EME,Drive inverter + DC/DC,0x1A,0xDDF6,22,read,EME_DCDC_LV,Voltage / current DCDC (12V vehicle electrical system) at the B + bolt,Spannung / Strom DCDC (12V Bordnetz) am B+ Bolzen,2,0,,,"eme_i01.prg (OVMS dump, GPL-3.0) | eme_i01.prg rev 0.540 (2012)",
BMW i3 / i3s (I01),Gen3 BEV (2013-2022),EME,Drive inverter + DC/DC,0x1A,0xDE00,22,read,EME_HVPM_DCDC_ANSTEUERUNG,Return values from the HVPM for DCDC control,Rückgabewerte vom HVPM für DCDC Ansteuerung,16,0,,,"eme_i01.prg (OVMS dump, GPL-3.0) | eme_i01.prg rev 0.540 (2012)",
BMW i3 / i3s (I01),Gen3 BEV (2013-2022),EME,Drive inverter + DC/DC,0x1A,0xDE02,22,read,EME_HVPM_HV_SYSTEM_ON_OFF,High-voltage system on / off (HVPM 2013),Hochvoltsystem An / Aus (HVPM 2013),7,0,,,"eme_i01.prg (OVMS dump, GPL-3.0) | eme_i01.prg rev 0.540 (2012)",
BMW i3 / i3s (I01),Gen3 BEV (2013-2022),EME,Drive inverter + DC/DC,0x1A,0xDE04,22,read,EME_HVPM_ENERGIEBORDNETZ_2,Number of times the vehicle was ready to drive in the SOC area,Anzahl der Herstellung von Fahrbereitschaft im SOC Bereich,14,0,,,"eme_i01.prg (OVMS dump, GPL-3.0) | eme_i01.prg rev 0.540 (2012)",
BMW i3 / i3s (I01),Gen3 BEV (2013-2022),EME,Drive inverter + DC/DC,0x1A,0xDE06,22,read,EME_HVPM_PKOR,HVPM performance coordinator,HVPM Leistungskoordinator,59,0,,,"eme_i01.prg (OVMS dump, GPL-3.0) | eme_i01.prg rev 0.540 (2012)",
BMW i3 / i3s (I01),Gen3 BEV (2013-2022),EME,Drive inverter + DC/DC,0x1A,0xDE08,2E,write,EME_HVPM_INFOSPEICHER_PKOR_LOESCHEN,All information memories of the diagnostic job STATUS_HVPM_PKOR are set to zero.,Alle Infospeicher des Diagnosejobs STATUS_HVPM_PKOR werden auf Null gesetzt.,0,1,,,"eme_i01.prg (OVMS dump, GPL-3.0) | eme_i01.prg rev 0.540 (2012)",
BMW i3 / i3s (I01),Gen3 BEV (2013-2022),EME,Drive inverter + DC/DC,0x1A,0xDE09,2E,write,EME_HVPM_INFOSPEICHER_STRZLR_LOESCHEN,Deleting the information memory: HVPM_DCDC_ALS,Löschen des Infospeichers:  HVPM_DCDC_ALS,0,1,,,"eme_i01.prg (OVMS dump, GPL-3.0) | eme_i01.prg rev 0.540 (2012)",
BMW i3 / i3s (I01),Gen3 BEV (2013-2022),EME,Drive inverter + DC/DC,0x1A,0xDE0A,2E,write,EME_HVPM_INFOSPEICHER_SPMON_LOESCHEN,Deleting the information memory HVPMP (SPMON),Löschen des Infospeichers HVPMP (SPMON),0,1,,,"eme_i01.prg (OVMS dump, GPL-3.0) | eme_i01.prg rev 0.540 (2012)",
BMW i3 / i3s (I01),Gen3 BEV (2013-2022),EME,Drive inverter + DC/DC,0x1A,0xDE0C,22,read,EME_HVIL_GESAMT,"Reading out the HVIL status in the EME; if HVIL is interrupted, then not ok","Auslesen des HVIL-Zustandes in der EME; falls HVIL unterbrochen, dann n.i.O.",1,0,unsigned char,0-n,"eme_i01.prg (OVMS dump, GPL-3.0) | eme_i01.prg rev 0.540 (2012)",
BMW i3 / i3s (I01),Gen3 BEV (2013-2022),EME,Drive inverter + DC/DC,0x1A,0xDE0E,22,read,EME_ANSTEUERUNG_ELUP,Current switching status ELUP (0 - off; 1 - on),Aktueller Schaltzustand ELUP (0 - Aus; 1 - Ein),1,0,unsigned char,0/1,"eme_i01.prg (OVMS dump, GPL-3.0)",
BMW i3 / i3s (I01),Gen3 BEV (2013-2022),EME,Drive inverter + DC/DC,0x1A,0xDE19,2E;22,read/write,EME_ELUP,"Number of brake actuations, running time and starts of the ELUP","Anzahl der Bremsbetätigungen, Laufzeit und Anläufe der ELUP",3,3,,,"eme_i01.prg (OVMS dump, GPL-3.0)",
BMW i3 / i3s (I01),Gen3 BEV (2013-2022),EME,Drive inverter + DC/DC,0x1A,0xDE1C,22,read,EME_HVPM_DCDC_ALS,HVPM DCDC ALS,HVPM DCDC ALS,4,0,,,"eme_i01.prg (OVMS dump, GPL-3.0) | eme_i01.prg rev 0.540 (2012)",
BMW i3 / i3s (I01),Gen3 BEV (2013-2022),EME,Drive inverter + DC/DC,0x1A,0xDE2D,22,read,AE_CPLD_VERSION,CPLD version,CPLD-Version,1,0,unsigned char,,"eme_i01.prg (OVMS dump, GPL-3.0) | eme_i01.prg rev 0.540 (2012)",
BMW i3 / i3s (I01),Gen3 BEV (2013-2022),EME,Drive inverter + DC/DC,0x1A,0xDE39,22,read,AE_SYSTEMLEISTUNG_INV_EM,Evaluation of the system performance of the INV & EM network.,Bewertung der Systemleistung des Verbundes INV&EM.,29,0,,,"eme_i01.prg (OVMS dump, GPL-3.0)",
BMW i3 / i3s (I01),Gen3 BEV (2013-2022),EME,Drive inverter + DC/DC,0x1A,0xDE3E,2E;22,read/write,EME_HVPM_KONFIGURATION_LADEEINSTELLUNG,Configuration loading or low-cost loading as a valid interface,Konfuguration Laden oder Günstig-Laden als gültige Schnittstelle,1,1,unsigned char,0-n,"eme_i01.prg (OVMS dump, GPL-3.0)",
BMW i3 / i3s (I01),Gen3 BEV (2013-2022),EME,Drive inverter + DC/DC,0x1A,0xDE69,22;2E,read/write,AE_PARKSPERRE_VARIANTE,Parking lock variant,Variante Parksperre,1,1,unsigned char,0-n,"eme_i01.prg (OVMS dump, GPL-3.0)",
BMW i3 / i3s (I01),Gen3 BEV (2013-2022),EME,Drive inverter + DC/DC,0x1A,0xDE6E,22,read,AE_LSC_LADEN_2,Last State Call Load (Extended) Feedback on the charging process,Last State Call Laden (Erweitert) Rückmeldung zum Ladeverfahren,41,0,,,"eme_i01.prg (OVMS dump, GPL-3.0)",
BMW i3 / i3s (I01),Gen3 BEV (2013-2022),EME,Drive inverter + DC/DC,0x1A,0xDE71,22,read,AE_CHARGE_ENABLE,Statement about the granting of loading clearance,Aussage über die Erteilung der Ladefreigabe,1,0,unsigned char,0-n,"eme_i01.prg (OVMS dump, GPL-3.0) | eme_i01.prg rev 0.540 (2012)",
BMW i3 / i3s (I01),Gen3 BEV (2013-2022),EME,Drive inverter + DC/DC,0x1A,0xDE74,22,read,AE_PARKSPERRE_SENSOREN,Parking lock status sensors,Status Sensoren der Parksperre,2,0,,,"eme_i01.prg (OVMS dump, GPL-3.0) | eme_i01.prg rev 0.540 (2012)",
BMW i3 / i3s (I01),Gen3 BEV (2013-2022),EME,Drive inverter + DC/DC,0x1A,0xDE75,22,read,AE_HV_SPANNUNG_LESEN,Values of all intermediate circuit voltages,Werte aller Zwischenkreisspannungen,5,0,,,"eme_i01.prg (OVMS dump, GPL-3.0) | eme_i01.prg rev 0.540 (2012)",
BMW i3 / i3s (I01),Gen3 BEV (2013-2022),EME,Drive inverter + DC/DC,0x1A,0xDE76,22,read,AE_PARKSPERRE_SW,Parking lock software status,Status Parksperren Software,1,0,unsigned char,0-n,"eme_i01.prg (OVMS dump, GPL-3.0) | eme_i01.prg rev 0.540 (2012)",
BMW i3 / i3s (I01),Gen3 BEV (2013-2022),EME,Drive inverter + DC/DC,0x1A,0xDE77,2E,write,AE_PARKSPERRE,Parking lock status / parking lock engaged,Zustand Parksperre / Einlegen Parksperre,0,1,,,"eme_i01.prg (OVMS dump, GPL-3.0) | eme_i01.prg rev 0.540 (2012)",
BMW i3 / i3s (I01),Gen3 BEV (2013-2022),EME,Drive inverter + DC/DC,0x1A,0xDE78,2E;22,read/write,AE_PARKSPERRE_EINLERNEN,Parking lock / teaching in parking lock,Parksperre / Einlernen Parksperre,3,1,,,"eme_i01.prg (OVMS dump, GPL-3.0)",
BMW i3 / i3s (I01),Gen3 BEV (2013-2022),EME,Drive inverter + DC/DC,0x1A,0xDE79,22,read,AE_PARKSPERRE_POSITION,Current position of the parking lock,Aktuelle Position der Parksperre,1,0,unsigned int,0-n,"eme_i01.prg (OVMS dump, GPL-3.0) | eme_i01.prg rev 0.540 (2012)",
BMW i3 / i3s (I01),Gen3 BEV (2013-2022),EME,Drive inverter + DC/DC,0x1A,0xDE7A,2E;22,read/write,AE_PARKSPERRE_POSITIONEN,Writing the parking lock positions or returning the learned parking lock positions,Schreiben der Parksperrenpositionen oder Rückgabe der angelernten Parksperrenpositionen,2,2,,,"eme_i01.prg (OVMS dump, GPL-3.0)",
BMW i3 / i3s (I01),Gen3 BEV (2013-2022),EME,Drive inverter + DC/DC,0x1A,0xDE7B,22,read,AE_PARKSPERRE_STROM,Current parking lock actuator current,Aktueller Strom Parksperrenaktuator,1,0,unsigned int,A,"eme_i01.prg (OVMS dump, GPL-3.0) | eme_i01.prg rev 0.540 (2012)",
BMW i3 / i3s (I01),Gen3 BEV (2013-2022),EME,Drive inverter + DC/DC,0x1A,0xDE7C,22,read,AE_PARKSPERRE_SPANNUNGEN,Parking lock tension,Spannungen der Parksperre,2,0,,,"eme_i01.prg (OVMS dump, GPL-3.0) | eme_i01.prg rev 0.540 (2012)",
BMW i3 / i3s (I01),Gen3 BEV (2013-2022),EME,Drive inverter + DC/DC,0x1A,0xDE7D,22,read,AE_ROHSIG_AUSGANG,Raw signals output pins,Rohsignale Ausgangspins,4,0,,,"eme_i01.prg (OVMS dump, GPL-3.0) | eme_i01.prg rev 0.540 (2012)",
BMW i3 / i3s (I01),Gen3 BEV (2013-2022),EME,Drive inverter + DC/DC,0x1A,0xDE7E,22,read,AE_ROHSIG_EINGANG_SENS_ELUP_BUDS,"Raw signals output pins sensors ELUP, BUDS","Rohsignale Ausgangspins Sensoren ELUP, BUDS",2,0,,,"eme_i01.prg (OVMS dump, GPL-3.0) | eme_i01.prg rev 0.540 (2012)",
BMW i3 / i3s (I01),Gen3 BEV (2013-2022),EME,Drive inverter + DC/DC,0x1A,0xDE7F,22,read,AE_ROHSIG_EINGANG_SENS_EM_INV,Raw signals sensors / inputs for e-machines / converters,Rohsignale Sensoren/Eingänge für E-Maschine/Umrichter,10,0,,,"eme_i01.prg (OVMS dump, GPL-3.0) | eme_i01.prg rev 0.540 (2012)",
BMW i3 / i3s (I01),Gen3 BEV (2013-2022),EME,Drive inverter + DC/DC,0x1A,0xDE80,22,read,AE_ROHSIG_EINGANG_SENS_PARKSPERRE,Raw signals sensors / inputs parking lock,Rohsignale Sensoren/Eingänge Parksperre,3,0,,,"eme_i01.prg (OVMS dump, GPL-3.0) | eme_i01.prg rev 0.540 (2012)",
BMW i3 / i3s (I01),Gen3 BEV (2013-2022),EME,Drive inverter + DC/DC,0x1A,0xDE81,22,read,AE_ROHSIG_EINGANG_SENS_SG,Raw signals sensors / inputs control unit,Rohsignale Sensoren/Eingänge Steuergerät,3,0,,,"eme_i01.prg (OVMS dump, GPL-3.0) | eme_i01.prg rev 0.540 (2012)",
BMW i3 / i3s (I01),Gen3 BEV (2013-2022),EME,Drive inverter + DC/DC,0x1A,0xDE82,22,read,AE_ROHSIG_EINGANG_SENS_SLE,Raw signals sensors / inputs SLE,Rohsignale Sensoren/Eingänge SLE,3,0,,,"eme_i01.prg (OVMS dump, GPL-3.0) | eme_i01.prg rev 0.540 (2012)",
BMW i3 / i3s (I01),Gen3 BEV (2013-2022),EME,Drive inverter + DC/DC,0x1A,0xDE83,22,read,AE_ROHSIG_EINGANG_SENS_DCDC,Raw signals sensors / inputs DC / DC converter,Rohsignale Sensoren/Eingänge DC/DC Wandler,3,0,,,"eme_i01.prg (OVMS dump, GPL-3.0) | eme_i01.prg rev 0.540 (2012)",
BMW i3 / i3s (I01),Gen3 BEV (2013-2022),EME,Drive inverter + DC/DC,0x1A,0xDE84,22,read,AE_BETRIEBSZUSTAND_SLE,Operating modes SLE,Betriebsarten SLE,6,0,,,"eme_i01.prg (OVMS dump, GPL-3.0) | eme_i01.prg rev 0.540 (2012)",
BMW i3 / i3s (I01),Gen3 BEV (2013-2022),EME,Drive inverter + DC/DC,0x1A,0xDE85,22,read,AE_SLE_LEISTUNG,Power values intermediate circuit of the SLE,Leistungswerte Zwischenkreis der SLE,3,0,,,"eme_i01.prg (OVMS dump, GPL-3.0) | eme_i01.prg rev 0.540 (2012)",
BMW i3 / i3s (I01),Gen3 BEV (2013-2022),EME,Drive inverter + DC/DC,0x1A,0xDE86,22,read,AE_SLE_SPANNUNG,AC and DC voltages SLE,AC und DC Spannungen SLE,3,0,,,"eme_i01.prg (OVMS dump, GPL-3.0) | eme_i01.prg rev 0.540 (2012)",
BMW i3 / i3s (I01),Gen3 BEV (2013-2022),EME,Drive inverter + DC/DC,0x1A,0xDE87,22,read,AE_SLE_STROM,calibrated SLE transformer current,kalibrierter SLE Trafostrom,1,0,unsigned int,A,"eme_i01.prg (OVMS dump, GPL-3.0) | eme_i01.prg rev 0.540 (2012)",
BMW i3 / i3s (I01),Gen3 BEV (2013-2022),EME,Drive inverter + DC/DC,0x1A,0xDE88,22,read,AE_SPANNUNG_KLEMME30B,current voltage at KL30B,aktuelle Spannung an KL30B,1,0,unsigned int,V,"eme_i01.prg (OVMS dump, GPL-3.0) | eme_i01.prg rev 0.540 (2012)",
BMW i3 / i3s (I01),Gen3 BEV (2013-2022),EME,Drive inverter + DC/DC,0x1A,0xDE89,22,read,AE_STROM_DCDC,DC / DC converter currents,Ströme DC/DC Wandler,5,0,,,"eme_i01.prg (OVMS dump, GPL-3.0) | eme_i01.prg rev 0.540 (2012)",
BMW i3 / i3s (I01),Gen3 BEV (2013-2022),EME,Drive inverter + DC/DC,0x1A,0xDE8A,22,read,AE_STROM_EMASCHINE,E-machine / converter currents,Ströme E-Maschine / Umrichter,5,0,,,"eme_i01.prg (OVMS dump, GPL-3.0)",
BMW i3 / i3s (I01),Gen3 BEV (2013-2022),EME,Drive inverter + DC/DC,0x1A,0xDE8C,22,read,AE_TEMP_LE,Temperatures control unit drive electronics,Temperaturen Steuergerät Antriebselektronik,15,0,,,"eme_i01.prg (OVMS dump, GPL-3.0) | eme_i01.prg rev 0.540 (2012)",
BMW i3 / i3s (I01),Gen3 BEV (2013-2022),EME,Drive inverter + DC/DC,0x1A,0xDE92,22,read,AE_ZUSTAND_1_DCDC,DC / DC converter status,Status DC/DC-Wandler,3,0,,,"eme_i01.prg (OVMS dump, GPL-3.0) | eme_i01.prg rev 0.540 (2012)",
BMW i3 / i3s (I01),Gen3 BEV (2013-2022),EME,Drive inverter + DC/DC,0x1A,0xDE93,2E;22,read/write,AE_ELUP,Current status ELUP or activate / deactivate ELUP,aktueller Zustand ELUP bzw. aktivieren/deaktivieren ELUP,4,1,,,"eme_i01.prg (OVMS dump, GPL-3.0) | eme_i01.prg rev 0.540 (2012)",
BMW i3 / i3s (I01),Gen3 BEV (2013-2022),EME,Drive inverter + DC/DC,0x1A,0xDE95,2E,write,AE_PARKSPERRE_NVRAM_LOESCHEN,Deletes NV-RAM data from the parking lock,Löscht NV-RAM Daten der Parksperre,0,1,,,"eme_i01.prg (OVMS dump, GPL-3.0) | eme_i01.prg rev 0.540 (2012)",
BMW i3 / i3s (I01),Gen3 BEV (2013-2022),EME,Drive inverter + DC/DC,0x1A,0xDE96,22,read,AE_ZUSTAND_DCDC_FEHLERBILD,Return of active / inactive errors DC / DC converter,Rückgabe aktiver/inaktiver Fehler DC/DC-Wandler,1,0,BITFIELD,Bit,"eme_i01.prg (OVMS dump, GPL-3.0) | eme_i01.prg rev 0.540 (2012)",
BMW i3 / i3s (I01),Gen3 BEV (2013-2022),EME,Drive inverter + DC/DC,0x1A,0xDE9E,22,read,STATUS_CONNECTED_DRIVE,Information about Connected Drive,Informationen über Connected Drive,10,0,,,"eme_i01.prg (OVMS dump, GPL-3.0) | eme_i01.prg rev 0.540 (2012)",
BMW i3 / i3s (I01),Gen3 BEV (2013-2022),EME,Drive inverter + DC/DC,0x1A,0xDEA1,2E;22,read/write,LADEHISTORIE,Reading / deleting the charging history,Lesen/Löschen der Ladehistorie,108,1,,,"eme_i01.prg (OVMS dump, GPL-3.0)",
BMW i3 / i3s (I01),Gen3 BEV (2013-2022),EME,Drive inverter + DC/DC,0x1A,0xDEA5,22,read,AE_BUDS,Brake vacuum sensor value,Sensorwert des Bremsunterdrucks,1,0,unsigned char,hPa,"eme_i01.prg (OVMS dump, GPL-3.0) | eme_i01.prg rev 0.540 (2012)",
BMW i3 / i3s (I01),Gen3 BEV (2013-2022),EME,Drive inverter + DC/DC,0x1A,0xDEA6,22,read,AE_TEMP_EMASCHINE,Value of the current temperatures of the e-machine in degrees Celsius,Wert der aktuellen Temperaturen der E-Maschine in Grad Celsius,2,0,,,"eme_i01.prg (OVMS dump, GPL-3.0) | eme_i01.prg rev 0.540 (2012)",
BMW i3 / i3s (I01),Gen3 BEV (2013-2022),EME,Drive inverter + DC/DC,0x1A,0xDEA7,22,read,AE_ELEKTRISCHE_MASCHINE,"Reading out the speed, torque and operating mode of the electric machine","Auslesen von Drehzahl, Drehmoment und Betriebsart der E-Maschine",4,0,,,"eme_i01.prg (OVMS dump, GPL-3.0) | eme_i01.prg rev 0.540 (2012)",
BMW i3 / i3s (I01),Gen3 BEV (2013-2022),EME,Drive inverter + DC/DC,0x1A,0xDEA9,22,read,AE_ZUSTAND_2_DCDC,Various statuses returned from the DCDC converter,Rückgabe verschiederer Status vom DCDC-Wandler,1,0,BITFIELD,Bit,"eme_i01.prg (OVMS dump, GPL-3.0) | eme_i01.prg rev 0.540 (2012)",
BMW i3 / i3s (I01),Gen3 BEV (2013-2022),EME,Drive inverter + DC/DC,0x1A,0xDEAE,2E;22,read/write,LADEHISTOGRAMM,Reading / deleting the histogram and counter of all charging processes (electric vehicle and plug-in hybrid),Lesen/Löschen von Histogramm und Zähler aller Ladevorgänge (Elektrofahrzeug und Plug-In-Hybrid),26,1,,,"eme_i01.prg (OVMS dump, GPL-3.0) | eme_i01.prg rev 0.540 (2012)",
BMW i3 / i3s (I01),Gen3 BEV (2013-2022),EME,Drive inverter + DC/DC,0x1A,0xDEB0,22,read,AE_PARKSPERRE_VERSION,Return of the current version of the parking lock software,Rückgabe der aktuellen Version der Parksperren-SW,2,0,,,"eme_i01.prg (OVMS dump, GPL-3.0) | eme_i01.prg rev 0.540 (2012)",
BMW i3 / i3s (I01),Gen3 BEV (2013-2022),EME,Drive inverter + DC/DC,0x1A,0xDEB1,2E;22,read/write,AE_ROTORLAGESENSOR,Direct writing or reading of the resolver offset angle,Direktes Schreiben oder Auslesen des Resolveroffset Winkels,2,1,,,"eme_i01.prg (OVMS dump, GPL-3.0)",
BMW i3 / i3s (I01),Gen3 BEV (2013-2022),EME,Drive inverter + DC/DC,0x1A,0xDEB2,2E,write,AE_DCDC_TEMPHISTOGRAMM_LESEN,Read out temperature histograms DCDC / reset temperature histograms (0 = no reset; 1 = reset),Auslesen Temperatur-Histogramme DCDC / Rücksetzen Temperatur-Histogramme (0 = kein Reset; 1 = Reset),0,1,,,"eme_i01.prg (OVMS dump, GPL-3.0) | eme_i01.prg rev 0.540 (2012)",
BMW i3 / i3s (I01),Gen3 BEV (2013-2022),EME,Drive inverter + DC/DC,0x1A,0xDEB3,2E,write,AE_DCDC_LEISTUNGSHISTOGRAMM,Read out power histograms DCDC converter / reset power histograms (0 = no reset; 1 = reset),Auslesen Leistungs-Histogramme DCDC-Wandler / Zurücksetzen Leistungs-Histogramme (0 = kein Reset; 1 = Reset),0,1,,,"eme_i01.prg (OVMS dump, GPL-3.0) | eme_i01.prg rev 0.540 (2012)",
BMW i3 / i3s (I01),Gen3 BEV (2013-2022),EME,Drive inverter + DC/DC,0x1A,0xDEB4,2E,write,AE_RESET_TEMP_MIN_MAX,Resetting the minimum and maximum temperature of the DC / DC converter (0 = no reset; 1 = reset),Rücksetzen der minimalen und maximalen Temperatur des DC/DC Wandlers (0 = kein Reset; 1 = Reset),0,1,,,"eme_i01.prg (OVMS dump, GPL-3.0) | eme_i01.prg rev 0.540 (2012)",
BMW i3 / i3s (I01),Gen3 BEV (2013-2022),EME,Drive inverter + DC/DC,0x1A,0xDEB6,2E,write,AE_ROTORLAGESENSOR_RESET,Resetting the resolver offset angle,Zurücksetzen des Resolveroffsetwinkels,0,1,,,"eme_i01.prg (OVMS dump, GPL-3.0) | eme_i01.prg rev 0.540 (2012)",
BMW i3 / i3s (I01),Gen3 BEV (2013-2022),EME,Drive inverter + DC/DC,0x1A,0xDEB7,2E,write,AE_KLASSIERUNG_LOESCHEN,Deletion of the entire classification data,Loeschen der gesamten Klassierungsdaten,0,1,,,"eme_i01.prg (OVMS dump, GPL-3.0) | eme_i01.prg rev 0.540 (2012)",
BMW i3 / i3s (I01),Gen3 BEV (2013-2022),EME,Drive inverter + DC/DC,0x1A,0xDEBC,22,read,AE_CTRL_VERSION,Controller board version,Controllerbord-Version,1,0,unsigned char,,"eme_i01.prg (OVMS dump, GPL-3.0) | eme_i01.prg rev 0.540 (2012)",
BMW i3 / i3s (I01),Gen3 BEV (2013-2022),EME,Drive inverter + DC/DC,0x1A,0xDEBD,22,read,AE_SPANNUNG_DCDC,DC / DC voltage low-voltage side,DC/DC-Spannung Niedervoltseite,1,0,unsigned int,V,"eme_i01.prg (OVMS dump, GPL-3.0) | eme_i01.prg rev 0.540 (2012)",
BMW i3 / i3s (I01),Gen3 BEV (2013-2022),EME,Drive inverter + DC/DC,0x1A,0xDEBE,22,read,AE_SPANNUNG_LE,Internal voltages of the power electronics,Interne Spannungen der Leistungselektronik,7,0,,,"eme_i01.prg (OVMS dump, GPL-3.0) | eme_i01.prg rev 0.540 (2012)",
BMW i3 / i3s (I01),Gen3 BEV (2013-2022),EME,Drive inverter + DC/DC,0x1A,0xDEBF,22,read,AE_SYSSTATE,Internal status states of the control unit,Interne Statuszustände des Steuergerät,4,0,,,"eme_i01.prg (OVMS dump, GPL-3.0) | eme_i01.prg rev 0.540 (2012)",
BMW i3 / i3s (I01),Gen3 BEV (2013-2022),EME,Drive inverter + DC/DC,0x1A,0xDEC2,22,read,SPANNUNG_ELUP,Voltage level at the ELUP output of the EME,Spannungspegel am ELUP - Ausgang der EME,1,0,unsigned int,V,"eme_i01.prg (OVMS dump, GPL-3.0)",
BMW i3 / i3s (I01),Gen3 BEV (2013-2022),EME,Drive inverter + DC/DC,0x1A,0xDEC3,22,read,STROM_ELUP,Voltage level at the ELUP output of the EME,Spannungspegel am ELUP - Ausgang der EME,1,0,unsigned int,A,"eme_i01.prg (OVMS dump, GPL-3.0)",
BMW i3 / i3s (I01),Gen3 BEV (2013-2022),EME,Drive inverter + DC/DC,0x1A,0xDED1,2E;22,read/write,REX_RESONANZ,Reading out the learned resonance ranges / teaching-in the resonance ranges,Auslesen der gelernten Resonanzbereiche / Einlernen der Resonanzbereiche,7,1,,,"eme_i01.prg (OVMS dump, GPL-3.0)",
BMW i3 / i3s (I01),Gen3 BEV (2013-2022),EME,Drive inverter + DC/DC,0x1A,0xDEDD,22,read,AE_FAHRSTUFE,current actual position of the drive train (PRND),aktuelle Ist-Position des Antriebsstrangs (PRND),1,0,unsigned char,0-n,"eme_i01.prg (OVMS dump, GPL-3.0) | eme_i01.prg rev 0.540 (2012)",
BMW i3 / i3s (I01),Gen3 BEV (2013-2022),EME,Drive inverter + DC/DC,0x1A,0xDEDE,22,read,AE_LSC_LADEN,Feedback on the charging process,Rückmeldung zum Ladeverfahrens,29,0,,,"eme_i01.prg (OVMS dump, GPL-3.0) | eme_i01.prg rev 0.540 (2012)",
BMW i3 / i3s (I01),Gen3 BEV (2013-2022),EME,Drive inverter + DC/DC,0x1A,0xDEDF,2E;22,read/write,UI_DERATING_EM1,Read out or reset UI derating values from E-machine 1,Auslesen oder Rücksetzen UI Derating Werte von E-Maschine 1,30,1,,,"eme_i01.prg (OVMS dump, GPL-3.0)",
BMW i3 / i3s (I01),Gen3 BEV (2013-2022),EME,Drive inverter + DC/DC,0x1A,0xDEE0,2E;22,read/write,UI_DERATING_EM2,Read out or reset UI derating values from e-machine 2,Auslesen oder Rücksetzen UI Derating Werte von E-Maschine 2,30,1,,,"eme_i01.prg (OVMS dump, GPL-3.0)",
BMW i3 / i3s (I01),Gen3 BEV (2013-2022),EME,Drive inverter + DC/DC,0x1A,0xDEE5,2E,write,KLASSIERUNG_ZUG_SCHUB_LOESCHEN,Deletion of the entire push / pull load cycle classification,Löschen der gesamten Zug/Schub-Lastwechselklassierung,0,1,,,"eme_i01.prg (OVMS dump, GPL-3.0) | eme_i01.prg rev 0.540 (2012)",
BMW i3 / i3s (I01),Gen3 BEV (2013-2022),EME,Drive inverter + DC/DC,0x1A,0xDEED,22,read,HISTOGRAMM_ANTRIEB,History values for drive,Historienwerte für Antrieb,45,0,,,"eme_i01.prg (OVMS dump, GPL-3.0)",
BMW i3 / i3s (I01),Gen3 BEV (2013-2022),EME,Drive inverter + DC/DC,0x1A,0xDEEE,2E;22,read/write,REX_HISTOGRAMM,Reading out or resetting the histogram from the range extender,Auslesen oder Rücksetzen des Histogramms vom Range Extender,11,1,,,"eme_i01.prg (OVMS dump, GPL-3.0)",
BMW i3 / i3s (I01),Gen3 BEV (2013-2022),EME,Drive inverter + DC/DC,0x1A,0xDEEF,22,read,HISTOGRAMM_DEGRADATION,Historical values degradation,Historienwerte Degradation,40,0,,,"eme_i01.prg (OVMS dump, GPL-3.0)",
BMW i3 / i3s (I01),Gen3 BEV (2013-2022),EME,Drive inverter + DC/DC,0x1A,0xDEFB,22,read,AUTOP_SBW,Frequency counter for the reasons for Auto-P and SW version shift-by-wire,Häufigkeitszähler für die Gründe von Auto-P und SW Version Shift-by-Wire,7,0,,,"eme_i01.prg (OVMS dump, GPL-3.0)",
BMW i3 / i3s (I01),Gen3 BEV (2013-2022),EME,Drive inverter + DC/DC,0x1A,0xDEFF,22,read,FAHRSTUFEN_ZAEHLER_SBW,Frequency counter of speed step changes,Häufigkeitszähler von Fahrstufenwechsel,12,0,,,"eme_i01.prg (OVMS dump, GPL-3.0)",
BMW i3 / i3s (I01),Gen3 BEV (2013-2022),EME,Drive inverter + DC/DC,0x1A,0xDF1F,22;2E,read/write,VERBAUKENNUNG_UCX_RUECKSETZEN,"Resetting the installation recognition of the AC-UCX control device (job duration 1s; status persistent, only via control device_reset or falling asleep)","Rücksetzen der Verbauerkennung des AC-UCX Steuergerätes (Jobdauer 1s; Status persistent, nur über steuergeraete_reset oder Einschlafen)",1,1,unsigned char,0-n,"eme_i01.prg (OVMS dump, GPL-3.0)",
BMW i3 / i3s (I01),Gen3 BEV (2013-2022),EME,Drive inverter + DC/DC,0x1A,0xDF45,2E,write,LADESTROM_EINSTELLUNG,Setting current limits,Einstellung Stromgrenzen,0,2,,,"eme_i01.prg (OVMS dump, GPL-3.0)",
BMW i3 / i3s (I01),Gen3 BEV (2013-2022),EME,Drive inverter + DC/DC,0x1A,0xDF49,22,read,HISTOGRAMM_LADEKOORDINATOR,Charge coordinator histograms,Histogramme des Ladekoordinators,24,0,,,"eme_i01.prg (OVMS dump, GPL-3.0)",
BMW i3 / i3s (I01),Gen3 BEV (2013-2022),EME,Drive inverter + DC/DC,0x1A,0xDF4D,22,read,INVERTER_HISTOGRAMM,Reading out the calculated lifetime data of the inverter,Auslesen der berechneten Lebenszeitdaten des Inverters,5,0,,,"eme_i01.prg (OVMS dump, GPL-3.0)",
BMW i3 / i3s (I01),Gen3 BEV (2013-2022),EME,Drive inverter + DC/DC,0x1A,0xDF50,2E;22,read/write,LADEMODUS_WERK,Setting and reading out the factory charging mode (charging to the specified SOC),Setzen und Auslesen des Werkslademodus (Laden auf vorgegebenen SOC),2,2,,,"eme_i01.prg (OVMS dump, GPL-3.0)",
BMW i3 / i3s (I01),Gen3 BEV (2013-2022),EME,Drive inverter + DC/DC,0x1A,0xDF51,2E,write,ELUP_DATEN_RESET,Reset of all statistical data of the ELUP,Zurücksetzen aller Statisikdaten der ELUP,0,1,,,"eme_i01.prg (OVMS dump, GPL-3.0)",
BMW i3 / i3s (I01),Gen3 BEV (2013-2022),EME,Drive inverter + DC/DC,0x1A,0xDF52,2E;22,read/write,ROTORLAGESENSOR_WINKELCODE,Setting and reading out the resolver offset angle after decryption,Setzen und Auslesen des Resolveroffsetwinkels nach Entschlüsseln,2,1,,,"eme_i01.prg (OVMS dump, GPL-3.0)",
BMW i3 / i3s (I01),Gen3 BEV (2013-2022),EME,Drive inverter + DC/DC,0x1A,0xDF58,22,read,INVERTER_RBM_INFO,RBM information for the non-running inverter diagnosis in I01 and I12,RBM Information für die nicht durchlaufende Umrichter Diagnose im I01 und I12,18,0,,,"eme_i01.prg (OVMS dump, GPL-3.0)",
BMW i3 / i3s (I01),Gen3 BEV (2013-2022),EME,Drive inverter + DC/DC,0x1A,0xDF59,22,read,DCDC_RBM_INFO,RBM information for the discontinuous DC / DC converter diagnosis in I01 and I12,RBM Information für die nicht kontinuierliche DC/DC-Wandler Diagnose in I01 und I12,24,0,,,"eme_i01.prg (OVMS dump, GPL-3.0)",
BMW i3 / i3s (I01),Gen3 BEV (2013-2022),EME,Drive inverter + DC/DC,0x1A,0xDF5A,22,read,LADEGERAET_RBM_INFO,RBM information for the discontinuous charger diagnosis at I01 and I12,RBM Information für die nicht kontinuierliche Ladegerät Diagnose bei I01 und I12,72,0,,,"eme_i01.prg (OVMS dump, GPL-3.0)",
BMW i3 / i3s (I01),Gen3 BEV (2013-2022),EME,Drive inverter + DC/DC,0x1A,0xDF5B,22,read,LIEFERANT_TRACE_NUMMER,29 bytes SG manufacturer trace number,29 Byte SG-Hersteller Tracenummer,1,0,string[29],TEXT,"eme_i01.prg (OVMS dump, GPL-3.0)",
BMW i3 / i3s (I01),Gen3 BEV (2013-2022),EME,Drive inverter + DC/DC,0x1A,0xDF5D,2E,write,LAST_HISTOGRAMM_EMASCHINE_RESET,Histogram with speed-torque ranges of the electrical machine,Histogramm mit Drehzahl-Drehmoment Bereiche der elektrische Maschine,0,1,,,"eme_i01.prg (OVMS dump, GPL-3.0)",
BMW i3 / i3s (I01),Gen3 BEV (2013-2022),EME,Drive inverter + DC/DC,0x1A,0xDFB3,2E;22,read/write,LADEGERAET_KONFIGURATION,Configuration of built-in charger type (s),Konfiguration verbauter (verbauten) Ladegerättyp(en),1,1,unsigned int,0-n,"eme_i01.prg (OVMS dump, GPL-3.0) | eme_i01.prg rev 0.540 (2012)",
BMW i3 / i3s (I01),Gen3 BEV (2013-2022),EME,Drive inverter + DC/DC,0x1A,0xDFB4,2E,write,LADEGERAET_HISTOGRAMM_RESET,Resetting the histograms from the charger,Zurücksetzen der Histogramme vom Ladegerät,0,1,,,"eme_i01.prg (OVMS dump, GPL-3.0)",
BMW i3 / i3s (I01),Gen3 BEV (2013-2022),EME,Drive inverter + DC/DC,0x1A,0xDFB5,22,read,LADEGERAET_TEMPERATUR_HISTOGRAMM,Temperature histograms of the charging electronics (SLE) present within the drive electronics (AE),Temperatur-Histogramme der innerhalb der Antriebselektronik (AE) vorhandenen Ladeelektronik (SLE),18,0,,,"eme_i01.prg (OVMS dump, GPL-3.0)",
BMW i3 / i3s (I01),Gen3 BEV (2013-2022),EME,Drive inverter + DC/DC,0x1A,0xDFB7,22,read,LADEGERAET_HV_UEBERSTROM,Charger overcurrent meter based on HV DC current sensor raw value,Ladegerät Überstromzähler auf Basis HV DC-Stromsensorrohwert,1,0,unsigned long,,"eme_i01.prg (OVMS dump, GPL-3.0)",
BMW i3 / i3s (I01),Gen3 BEV (2013-2022),EME,Drive inverter + DC/DC,0x1A,0xDFCE,22,read,EMASCHINE_MAX_DREHZAHL,Reading out the absolute time in the critical electric machine speed range,Auslesen der Absolutzeit im kritischen E-Maschinen Drehzahl Bereich,2,0,,,"eme_i01.prg (OVMS dump, GPL-3.0)",
BMW i3 / i3s (I01),Gen3 BEV (2013-2022),EME,Drive inverter + DC/DC,0x1A,0xDFD0,22,read,LAST_HISTOGRAMM_EMASCHINE_LESEN,"Reading out the histograms of the electric machine (speed, torque, change of sign of the torque)","Auslesen der Histogramme der Elektromaschine (Drehzahl, Drehmoment, Vorzeichenwechsel Drehmoment)",120,0,,,"eme_i01.prg (OVMS dump, GPL-3.0)",
BMW i3 / i3s (I01),Gen3 BEV (2013-2022),EME,Drive inverter + DC/DC,0x1A,0xE52F,22,read,RATE_BASED_MONITORING,RBM data on discontinuous diagnoses including dependent secondaries.,RBM Daten zu nicht kontinuierlichen Diagnosen inkl. Dependant Secondaries.,426,0,,,"eme_i01.prg (OVMS dump, GPL-3.0)",
BMW i3 / i3s (I01),Gen3 BEV (2013-2022),EME,Drive inverter + DC/DC,0x1A,0xE5FE,22,read,LADEKOORDINATOR_INTERFACE,Interfaces from the charging coordinator to HVPM and chargers,Schnittstellen von Ladekoordinator zu HVPM und Ladern,55,0,,,"eme_i01.prg (OVMS dump, GPL-3.0)",
BMW i3 / i3s (I01),Gen3 BEV (2013-2022),EME,Drive inverter + DC/DC,0x1A,0xE5FF,22,read,DCDC_MESSGROESSEN_KOMPLETT,Status of all available DCDC measured values for both PKR2 and non-PKR2 software,Status aller verfügbaren DCDC Messgrössen für beide PKR2 und nicht-PKR2 Software,35,0,,,"eme_i01.prg (OVMS dump, GPL-3.0)",
BMW i3 / i3s (I01),Gen3 BEV (2013-2022),EME,Drive inverter + DC/DC,0x1A,0xF000,31,routine,NV_FLASH_PRUEFEN,Check NV flash for read errors,NV-Flash auf Lesefehler prüfen,5,1,,,"eme_i01.prg (OVMS dump, GPL-3.0)",
BMW i3 / i3s (I01),Gen3 BEV (2013-2022),EME,Drive inverter + DC/DC,0x1A,0xF001,31,routine,RBM_TEST,Start of the rate based monitoring test,Start des Tests von Rate Based Monitoring,8,4,,,"eme_i01.prg (OVMS dump, GPL-3.0)",
BMW i3 / i3s (I01),Gen3 BEV (2013-2022),EME,Drive inverter + DC/DC,0x1A,0xF010,31,routine,AE_HWCAL_LESEN,Reading out the HWCALs using the block number and processor,Auslesen der HWCALs anhand von Blocknummer und Prozessor,3,3,,,"eme_i01.prg (OVMS dump, GPL-3.0) | eme_i01.prg rev 0.540 (2012)",
BMW i3 / i3s (I01),Gen3 BEV (2013-2022),EME,Drive inverter + DC/DC,0x1A,0xF011,31,routine,AE_RESETINFO_LESEN,Reading out the reset info from the flash,Auslesen der Resetinfo aus dem Flash,0,0,,,"eme_i01.prg (OVMS dump, GPL-3.0) | eme_i01.prg rev 0.540 (2012)",
BMW i3 / i3s (I01),Gen3 BEV (2013-2022),EME,Drive inverter + DC/DC,0x1A,0xF012,31,routine,AKS_DIAG_STATUS_SELECT,Query of AE status bits for diagnosis and assignment of AKSs,Abfrage von AE-Statusbits zur Diagnose und Zuordnung von AKSen,18,1,,,"eme_i01.prg (OVMS dump, GPL-3.0)",
BMW i3 / i3s (I01),Gen3 BEV (2013-2022),EME,Drive inverter + DC/DC,0x1A,0xF050,31,routine,AE_FREILAUF_MODUS,Free running mode,Freilauf Modus,1,0,signed char,0-n,"eme_i01.prg (OVMS dump, GPL-3.0) | eme_i01.prg rev 0.540 (2012)",
BMW i3 / i3s (I01),Gen3 BEV (2013-2022),EME,Drive inverter + DC/DC,0x1A,0xADC9,31,routine,AE_EWP,"Actuate and read out the electric coolant pump (actuation possible only when AE temperature is below threshold, house keeping not active, EWP not switched off, and manual speed control deactivated)","Ansteuern und Auslesen der elektrischen Wasserpumpe (Ansteuerung nur möglich bei AE Temperatur unter Schwelle, house keeping nicht aktiv, EWP nicht abgeschaltet und manuelle Drehzahl deaktivert)",3,2,,,eme_i01.prg rev 0.540 (2012),yes
BMW i3 / i3s (I01),Gen3 BEV (2013-2022),EME,Drive inverter + DC/DC,0x1A,0xDE03,22,read,EME_HVPM_ENERGIEBORDNETZ,Return values of the HVPM for HV energy and cell voltages,Rückgabewerte des HVPM über HV-Energie und Zellspannungen,34,0,,,eme_i01.prg rev 0.540 (2012),yes
BMW i3 / i3s (I01),Gen3 BEV (2013-2022),EME,Drive inverter + DC/DC,0x1A,0xDE18,22,read,EME_HVPM_SPANNUNGSFREIHEIT,Info memory for the de-energized state of the high-voltage system (monitored by HVPM),Infospeicher zur Spannungsfreiheit des Hochvoltsystems (durch HVPM überwacht),40,0,,,eme_i01.prg rev 0.540 (2012),yes
BMW i3 / i3s (I01),Gen3 BEV (2013-2022),EME,Drive inverter + DC/DC,0x1A,0xDE19,22,read,EME_ELUP,"Number of brake actuations, running time and starts of the ELUP","Anzahl der Bremsbetätigungen, Laufzeit und Anläufe der ELUP",3,0,,,eme_i01.prg rev 0.540 (2012),yes
BMW i3 / i3s (I01),Gen3 BEV (2013-2022),EME,Drive inverter + DC/DC,0x1A,0xDE78,22;2E,read/write,AE_PARKSPERRE_EINLERNEN,Parking lock / teaching in parking lock,Parksperre / Einlernen Parksperre,2,1,,,eme_i01.prg rev 0.540 (2012),yes
BMW i3 / i3s (I01),Gen3 BEV (2013-2022),EME,Drive inverter + DC/DC,0x1A,0xDE7A,22,read,AE_PARKSPERRE_POSITIONEN,Return learned parking lock positions,Rückgabe angelernte Parksperrenpositionen,2,0,,,eme_i01.prg rev 0.540 (2012),yes
BMW i3 / i3s (I01),Gen3 BEV (2013-2022),EME,Drive inverter + DC/DC,0x1A,0xDE8B,22;2E,read/write,AE_STROM_MAX,Maximum measured currents since last reset or reset of values,maximal gemessene Ströme seit letztem Rücksetzen oder Rücksetzen der Werte,8,1,,,eme_i01.prg rev 0.540 (2012),yes
BMW i3 / i3s (I01),Gen3 BEV (2013-2022),EME,Drive inverter + DC/DC,0x1A,0xDEA0,22,read,STATUS_TSR_LADEN,All return values regarding TSR charging,Alle Rückgabewert bezüglich TSR Laden,130,0,,,eme_i01.prg rev 0.540 (2012),yes
BMW i3 / i3s (I01),Gen3 BEV (2013-2022),EME,Drive inverter + DC/DC,0x1A,0xDEA1,2E,write,LADEHISTORIE,Reading / deleting the charging history,Lesen/Löschen der Ladehistorie,0,1,,,eme_i01.prg rev 0.540 (2012),yes
BMW i3 / i3s (I01),Gen3 BEV (2013-2022),EME,Drive inverter + DC/DC,0x1A,0xDEB1,2E,write,AE_ROTORLAGESENSOR_SCHREIBEN,Direct write of the resolver offset angle,Direktes Schreiben des Resolveroffset Winkels,0,1,,,eme_i01.prg rev 0.540 (2012),yes
BMW i3 / i3s (I01),Gen3 BEV (2013-2022),EME,Drive inverter + DC/DC,0x1A,0xDEB5,22,read,AE_PIC_SW_VERSION,Returns current version of the PIC software,Gibt aktuellen Versionen der PIC-SW zurück,2,0,,,eme_i01.prg rev 0.540 (2012),yes
BMW i3 / i3s (I01),Gen3 BEV (2013-2022),EME,Drive inverter + DC/DC,0x1A,0xDEDF,22;2E,read/write,UI_DERATING_EM1,Read out or reset UI derating values from E-machine 1,Auslesen oder Rücksetzen UI Derating Werte von E-Maschine 1,5,1,,,eme_i01.prg rev 0.540 (2012),yes
BMW i3 / i3s (I01),Gen3 BEV (2013-2022),EME,Drive inverter + DC/DC,0x1A,0xDEE0,22;2E,read/write,UI_DERATING_EM2,Read out or reset UI derating values from e-machine 2,Auslesen oder Rücksetzen UI Derating Werte von E-Maschine 2,5,1,,,eme_i01.prg rev 0.540 (2012),yes
BMW i3 / i3s (I01),Gen3 BEV (2013-2022),EME,Drive electronics (alternate SGBD EME_I1),0x1A,0xADF4,31,routine,EME_AKS_EMK,Command the electric machine in the AKS: 0 - Control on EME-SW; 1 - AKS E-machine requested,E-Maschine in den AKS kommandieren: 0 - Kontrolle an EME-SW; 1 - AKS E-Maschine angefordert,1,1,unsigned char,0-n,EME_I1.prg rev 1.1 (2012),
BMW i3 / i3s (I01),Gen3 BEV (2013-2022),EME,Drive electronics (alternate SGBD EME_I1),0x1A,0xADF6,31,routine,AE_ROTORLAGESENSOR_ANLERNEN,Teaching in the rotor position sensor (TA-EOL STEUERN),Anlernen Rotorlagesensor (TA-EOL STEUERN),5,1,,,EME_I1.prg rev 1.1 (2012),
BMW i3 / i3s (I01),Gen3 BEV (2013-2022),EME,Drive electronics (alternate SGBD EME_I1),0x1A,0xADF8,31,routine,AE_KLASSIERUNG,Reading out the speed / torque classification data,Auslesen der  Drehzahl/Drehmoment-Klassierungsdaten,43,1,,,EME_I1.prg rev 1.1 (2012),
BMW i3 / i3s (I01),Gen3 BEV (2013-2022),EME,Drive electronics (alternate SGBD EME_I1),0x1A,0xADF9,31,routine,AE_DCDC_HISTOGRAMM,Reading the requested histogram of the DCDC converter,Lesen des angeforderten Histogramm des DCDC-Wandlers,10,1,,,EME_I1.prg rev 1.1 (2012),
BMW i3 / i3s (I01),Gen3 BEV (2013-2022),EME,Drive electronics (alternate SGBD EME_I1),0x1A,0xDDF6,22,read,EME_DCDC_LV,Voltage / current DCDC (12V vehicle electrical system) at the B + bolt,Spannung / Strom DCDC (12V Bordnetz) am B+ Bolzen,2,0,,,EME_I1.prg rev 1.1 (2012),
BMW i3 / i3s (I01),Gen3 BEV (2013-2022),EME,Drive electronics (alternate SGBD EME_I1),0x1A,0xDE0C,22,read,EME_HVIL_GESAMT,"Reading out the HVIL status in the EME; if HVIL is interrupted, then not ok","Auslesen des HVIL-Zustandes in der EME; falls HVIL unterbrochen, dann n.i.O.",1,0,unsigned char,0-n,EME_I1.prg rev 1.1 (2012),
BMW i3 / i3s (I01),Gen3 BEV (2013-2022),EME,Drive electronics (alternate SGBD EME_I1),0x1A,0xDE2D,22,read,AE_CPLD_VERSION,CPLD version,CPLD-Version,1,0,unsigned char,,EME_I1.prg rev 1.1 (2012),
BMW i3 / i3s (I01),Gen3 BEV (2013-2022),EME,Drive electronics (alternate SGBD EME_I1),0x1A,0xDE71,22,read,AE_CHARGE_ENABLE,Statement about the granting of loading clearance,Aussage über die Erteilung der Ladefreigabe,1,0,unsigned char,0-n,EME_I1.prg rev 1.1 (2012),
BMW i3 / i3s (I01),Gen3 BEV (2013-2022),EME,Drive electronics (alternate SGBD EME_I1),0x1A,0xDE74,22,read,AE_PARKSPERRE_SENSOREN,Parking lock status sensors,Status Sensoren der Parksperre,2,0,,,EME_I1.prg rev 1.1 (2012),
BMW i3 / i3s (I01),Gen3 BEV (2013-2022),EME,Drive electronics (alternate SGBD EME_I1),0x1A,0xDE75,22,read,AE_HV_SPANNUNG_LESEN,Values of all intermediate circuit voltages,Werte aller Zwischenkreisspannungen,5,0,,,EME_I1.prg rev 1.1 (2012),
BMW i3 / i3s (I01),Gen3 BEV (2013-2022),EME,Drive electronics (alternate SGBD EME_I1),0x1A,0xDE76,22,read,AE_PARKSPERRE_SW,Parking lock software status,Status Parksperren Software,1,0,unsigned char,0-n,EME_I1.prg rev 1.1 (2012),
BMW i3 / i3s (I01),Gen3 BEV (2013-2022),EME,Drive electronics (alternate SGBD EME_I1),0x1A,0xDE77,2E,write,AE_PARKSPERRE,Parking lock status / parking lock engaged,Zustand Parksperre / Einlegen Parksperre,0,1,,,EME_I1.prg rev 1.1 (2012),
BMW i3 / i3s (I01),Gen3 BEV (2013-2022),EME,Drive electronics (alternate SGBD EME_I1),0x1A,0xDE78,2E;22,read/write,AE_PARKSPERRE_EINLERNEN,Parking lock / teaching in parking lock,Parksperre / Einlernen Parksperre,2,1,,,EME_I1.prg rev 1.1 (2012),
BMW i3 / i3s (I01),Gen3 BEV (2013-2022),EME,Drive electronics (alternate SGBD EME_I1),0x1A,0xDE79,22,read,AE_PARKSPERRE_POSITION,Current position of the parking lock,Aktuelle Position der Parksperre,1,0,unsigned int,0-n,EME_I1.prg rev 1.1 (2012),
BMW i3 / i3s (I01),Gen3 BEV (2013-2022),EME,Drive electronics (alternate SGBD EME_I1),0x1A,0xDE7A,22,read,AE_PARKSPERRE_POSITIONEN,Return learned parking lock positions,Rückgabe angelernte Parksperrenpositionen,2,0,,,EME_I1.prg rev 1.1 (2012),
BMW i3 / i3s (I01),Gen3 BEV (2013-2022),EME,Drive electronics (alternate SGBD EME_I1),0x1A,0xDE7B,22,read,AE_PARKSPERRE_STROM,Current parking lock actuator current,Aktueller Strom Parksperrenaktuator,1,0,unsigned int,A,EME_I1.prg rev 1.1 (2012),
BMW i3 / i3s (I01),Gen3 BEV (2013-2022),EME,Drive electronics (alternate SGBD EME_I1),0x1A,0xDE7C,22,read,AE_PARKSPERRE_SPANNUNGEN,Parking lock tension,Spannungen der Parksperre,2,0,,,EME_I1.prg rev 1.1 (2012),
BMW i3 / i3s (I01),Gen3 BEV (2013-2022),EME,Drive electronics (alternate SGBD EME_I1),0x1A,0xDE7D,22,read,AE_ROHSIG_AUSGANG,Raw signals output pins,Rohsignale Ausgangspins,4,0,,,EME_I1.prg rev 1.1 (2012),
BMW i3 / i3s (I01),Gen3 BEV (2013-2022),EME,Drive electronics (alternate SGBD EME_I1),0x1A,0xDE7E,22,read,AE_ROHSIG_EINGANG_SENS_ELUP_BUDS,"Raw signals output pins sensors ELUP, BUDS","Rohsignale Ausgangspins Sensoren ELUP, BUDS",2,0,,,EME_I1.prg rev 1.1 (2012),
BMW i3 / i3s (I01),Gen3 BEV (2013-2022),EME,Drive electronics (alternate SGBD EME_I1),0x1A,0xDE7F,22,read,AE_ROHSIG_EINGANG_SENS_EM_INV,Raw signals sensors / inputs for e-machines / converters,Rohsignale Sensoren/Eingänge für E-Maschine/Umrichter,13,0,,,EME_I1.prg rev 1.1 (2012),
BMW i3 / i3s (I01),Gen3 BEV (2013-2022),EME,Drive electronics (alternate SGBD EME_I1),0x1A,0xDE80,22,read,AE_ROHSIG_EINGANG_SENS_PARKSPERRE,Raw signals sensors / inputs parking lock,Rohsignale Sensoren/Eingänge Parksperre,3,0,,,EME_I1.prg rev 1.1 (2012),
BMW i3 / i3s (I01),Gen3 BEV (2013-2022),EME,Drive electronics (alternate SGBD EME_I1),0x1A,0xDE81,22,read,AE_ROHSIG_EINGANG_SENS_SG,Raw signals sensors / inputs control unit,Rohsignale Sensoren/Eingänge Steuergerät,5,0,,,EME_I1.prg rev 1.1 (2012),
BMW i3 / i3s (I01),Gen3 BEV (2013-2022),EME,Drive electronics (alternate SGBD EME_I1),0x1A,0xDE83,22,read,AE_ROHSIG_EINGANG_SENS_DCDC,Raw signals sensors / inputs DC / DC converter,Rohsignale Sensoren/Eingänge DC/DC Wandler,3,0,,,EME_I1.prg rev 1.1 (2012),
BMW i3 / i3s (I01),Gen3 BEV (2013-2022),EME,Drive electronics (alternate SGBD EME_I1),0x1A,0xDE88,22,read,AE_SPANNUNG_KLEMME30B,current voltage at KL30B,aktuelle Spannung an KL30B,1,0,unsigned int,V,EME_I1.prg rev 1.1 (2012),
BMW i3 / i3s (I01),Gen3 BEV (2013-2022),EME,Drive electronics (alternate SGBD EME_I1),0x1A,0xDE89,22,read,AE_STROM_DCDC,DC / DC converter currents,Ströme DC/DC Wandler,6,0,,,EME_I1.prg rev 1.1 (2012),
BMW i3 / i3s (I01),Gen3 BEV (2013-2022),EME,Drive electronics (alternate SGBD EME_I1),0x1A,0xDE8B,22;2E,read/write,AE_STROM_MAX,Maximum measured currents since last reset or reset of values,maximal gemessene Ströme seit letztem Rücksetzen oder Rücksetzen der Werte,8,1,,,EME_I1.prg rev 1.1 (2012),
BMW i3 / i3s (I01),Gen3 BEV (2013-2022),EME,Drive electronics (alternate SGBD EME_I1),0x1A,0xDE8C,22,read,AE_TEMP_LE,Temperatures control unit drive electronics,Temperaturen Steuergerät Antriebselektronik,21,0,,,EME_I1.prg rev 1.1 (2012),
BMW i3 / i3s (I01),Gen3 BEV (2013-2022),EME,Drive electronics (alternate SGBD EME_I1),0x1A,0xDE92,22,read,AE_ZUSTAND_1_DCDC,DC / DC converter status,Status DC/DC-Wandler,3,0,,,EME_I1.prg rev 1.1 (2012),
BMW i3 / i3s (I01),Gen3 BEV (2013-2022),EME,Drive electronics (alternate SGBD EME_I1),0x1A,0xDE93,22;2E,read/write,AE_ELUP,Current status ELUP or activate / deactivate ELUP,aktueller Zustand ELUP bzw. aktivieren/deaktivieren ELUP,4,1,,,EME_I1.prg rev 1.1 (2012),
BMW i3 / i3s (I01),Gen3 BEV (2013-2022),EME,Drive electronics (alternate SGBD EME_I1),0x1A,0xDE94,2E,write,AE_PARKSPERRE_MAGNET,Switch on park lock solenoid,Einschalten Magnet Parksperre,0,1,,,EME_I1.prg rev 1.1 (2012),
BMW i3 / i3s (I01),Gen3 BEV (2013-2022),EME,Drive electronics (alternate SGBD EME_I1),0x1A,0xDE95,2E,write,AE_PARKSPERRE_NVRAM_LOESCHEN,Deletes NV-RAM data from the parking lock,Löscht NV-RAM Daten der Parksperre,0,1,,,EME_I1.prg rev 1.1 (2012),
BMW i3 / i3s (I01),Gen3 BEV (2013-2022),EME,Drive electronics (alternate SGBD EME_I1),0x1A,0xDE96,22,read,AE_ZUSTAND_DCDC_FEHLERBILD,Return of active / inactive errors DC / DC converter,Rückgabe aktiver/inaktiver Fehler DC/DC-Wandler,1,0,BITFIELD,bit,EME_I1.prg rev 1.1 (2012),
BMW i3 / i3s (I01),Gen3 BEV (2013-2022),EME,Drive electronics (alternate SGBD EME_I1),0x1A,0xDEA5,22,read,AE_BUDS,Brake vacuum sensor value,Sensorwert des Bremsunterdrucks,1,0,unsigned char,hPa,EME_I1.prg rev 1.1 (2012),
BMW i3 / i3s (I01),Gen3 BEV (2013-2022),EME,Drive electronics (alternate SGBD EME_I1),0x1A,0xDEA6,22,read,AE_TEMP_EMASCHINE,Value of the current temperatures of the e-machine in degrees Celsius,Wert der aktuellen Temperaturen der E-Maschine in Grad Celsius,2,0,,,EME_I1.prg rev 1.1 (2012),
BMW i3 / i3s (I01),Gen3 BEV (2013-2022),EME,Drive electronics (alternate SGBD EME_I1),0x1A,0xDEA7,22,read,AE_ELEKTRISCHE_MASCHINE,"Reading out the speed, torque and operating mode of the electric machine","Auslesen von Drehzahl, Drehmoment und Betriebsart der E-Maschine",4,0,,,EME_I1.prg rev 1.1 (2012),
BMW i3 / i3s (I01),Gen3 BEV (2013-2022),EME,Drive electronics (alternate SGBD EME_I1),0x1A,0xDEA9,22,read,AE_ZUSTAND_2_DCDC,Various statuses returned from the DCDC converter,Rückgabe verschiederer Status vom DCDC-Wandler,1,0,BITFIELD,bit,EME_I1.prg rev 1.1 (2012),
BMW i3 / i3s (I01),Gen3 BEV (2013-2022),EME,Drive electronics (alternate SGBD EME_I1),0x1A,0xDEB0,22,read,AE_PARKSPERRE_VERSION,Return of the current version of the parking lock software,Rückgabe der aktuellen Version der Parksperren-SW,2,0,,,EME_I1.prg rev 1.1 (2012),
BMW i3 / i3s (I01),Gen3 BEV (2013-2022),EME,Drive electronics (alternate SGBD EME_I1),0x1A,0xDEB1,2E,write,AE_ROTORLAGESENSOR_SCHREIBEN,Direct write of the resolver offset angle,Direktes Schreiben des Resolveroffset Winkels,0,1,,,EME_I1.prg rev 1.1 (2012),
BMW i3 / i3s (I01),Gen3 BEV (2013-2022),EME,Drive electronics (alternate SGBD EME_I1),0x1A,0xDEB2,2E,write,AE_DCDC_TEMPHISTOGRAMM_LESEN,Read out temperature histograms DCDC / reset temperature histograms (0 = no reset; 1 = reset),Auslesen Temperatur-Histogramme DCDC / Rücksetzen Temperatur-Histogramme (0 = kein Reset; 1 = Reset),0,1,,,EME_I1.prg rev 1.1 (2012),
BMW i3 / i3s (I01),Gen3 BEV (2013-2022),EME,Drive electronics (alternate SGBD EME_I1),0x1A,0xDEB3,2E,write,AE_DCDC_LEISTUNGSHISTOGRAMM,Read out power histograms DCDC converter / reset power histograms (0 = no reset; 1 = reset),Auslesen Leistungs-Histogramme DCDC-Wandler / Zurücksetzen Leistungs-Histogramme (0 = kein Reset; 1 = Reset),0,1,,,EME_I1.prg rev 1.1 (2012),
BMW i3 / i3s (I01),Gen3 BEV (2013-2022),EME,Drive electronics (alternate SGBD EME_I1),0x1A,0xDEB4,2E,write,AE_RESET_TEMP_MIN_MAX,Resetting the minimum and maximum temperature of the DC / DC converter (0 = no reset; 1 = reset),Rücksetzen der minimalen und maximalen Temperatur des DC/DC Wandlers (0 = kein Reset; 1 = Reset),0,1,,,EME_I1.prg rev 1.1 (2012),
BMW i3 / i3s (I01),Gen3 BEV (2013-2022),EME,Drive electronics (alternate SGBD EME_I1),0x1A,0xDEB5,22,read,AE_PIC_SW_VERSION,Returns current version of the PIC software,Gibt aktuellen Versionen der PIC-SW zurück,2,0,,,EME_I1.prg rev 1.1 (2012),
BMW i3 / i3s (I01),Gen3 BEV (2013-2022),EME,Drive electronics (alternate SGBD EME_I1),0x1A,0xDEB6,2E,write,AE_ROTORLAGESENSOR_RESET,Resetting the resolver offset angle,Zurücksetzen des Resolveroffsetwinkels,0,1,,,EME_I1.prg rev 1.1 (2012),
BMW i3 / i3s (I01),Gen3 BEV (2013-2022),EME,Drive electronics (alternate SGBD EME_I1),0x1A,0xDEB7,2E,write,AE_KLASSIERUNG_LOESCHEN,Deletion of the entire classification data,Loeschen der gesamten Klassierungsdaten,0,1,,,EME_I1.prg rev 1.1 (2012),
BMW i3 / i3s (I01),Gen3 BEV (2013-2022),EME,Drive electronics (alternate SGBD EME_I1),0x1A,0xDEBC,22,read,AE_CTRL_VERSION,Controller board version,Controllerbord-Version,1,0,unsigned char,,EME_I1.prg rev 1.1 (2012),
BMW i3 / i3s (I01),Gen3 BEV (2013-2022),EME,Drive electronics (alternate SGBD EME_I1),0x1A,0xDEBD,22,read,AE_SPANNUNG_DCDC,Voltages DCDC converter,Spannungen DCDC Wandler,2,0,,,EME_I1.prg rev 1.1 (2012),
BMW i3 / i3s (I01),Gen3 BEV (2013-2022),EME,Drive electronics (alternate SGBD EME_I1),0x1A,0xDEBE,22,read,AE_SPANNUNG_LE,Internal voltages of the power electronics,Interne Spannungen der Leistungselektronik,9,0,,,EME_I1.prg rev 1.1 (2012),
BMW i3 / i3s (I01),Gen3 BEV (2013-2022),EME,Drive electronics (alternate SGBD EME_I1),0x1A,0xDEBF,22,read,AE_SYSSTATE,Internal status states of the control unit,Interne Statuszustände des Steuergerät,4,0,,,EME_I1.prg rev 1.1 (2012),
BMW i3 / i3s (I01),Gen3 BEV (2013-2022),EME,Drive electronics (alternate SGBD EME_I1),0x1A,0x400C,2E,write,AE_SN_SETZEN,serial number,Seriennummer,0,4,,,EME_I1.prg rev 1.1 (2012),
BMW i3 / i3s (I01),Gen3 BEV (2013-2022),EME,Drive electronics (alternate SGBD EME_I1),0x1A,0x400D,2E,write,AE_HWCAL_SETZEN,Set hardware calibration data of the AE The serial number cannot be set (own job _steuern_sn_etzen) !!!,Hardware Kalibrierungsdaten der AE setzen Es kann nicht die Seriennummer gesetz werden (eigener Job _steuern_sn_setzen)!!!,0,5,,,EME_I1.prg rev 1.1 (2012),
BMW i3 / i3s (I01),Gen3 BEV (2013-2022),EME,Drive electronics (alternate SGBD EME_I1),0x1A,0x400E,2E,write,AE_HWCAL_FLASHEN,Writes the HWCALs of a certain block into the flash,Schreibt die HWCALs eines bestimmten Blocks ins Flash,0,2,,,EME_I1.prg rev 1.1 (2012),
BMW i3 / i3s (I01),Gen3 BEV (2013-2022),EME,Drive electronics (alternate SGBD EME_I1),0x1A,0x400F,2E,write,AE_HWCAL_MODE,Bring the SG into HWCAL Flash mode,SG in den HWCAL Flash-Mode bringen,0,1,,,EME_I1.prg rev 1.1 (2012),
BMW i3 / i3s (I01),Gen3 BEV (2013-2022),EME,Drive electronics (alternate SGBD EME_I1),0x1A,0xF010,31,routine,AE_HWCAL_LESEN,Reading out the HWCALs using the block number and processor,Auslesen der HWCALs anhand von Blocknummer und Prozessor,2,3,,,EME_I1.prg rev 1.1 (2012),
BMW i3 / i3s (I01),Gen3 BEV (2013-2022),EME,Drive electronics (alternate SGBD EME_I1),0x1A,0xF011,31,routine,AE_RESETINFO_LESEN,Reading out the reset info from the flash,Auslesen der Resetinfo aus dem Flash,12,1,,,EME_I1.prg rev 1.1 (2012),
BMW i3 / i3s (I01),Gen3 BEV (2013-2022),EME,Drive electronics (alternate SGBD EME_I1),0x1A,0xF050,31,routine,AE_FREILAUF_MODUS,Free running mode,Freilauf Modus,1,0,char,0-n,EME_I1.prg rev 1.1 (2012),
BMW i3 / i3s (I01),Gen3 BEV (2013-2022),KLE,On-board charger (UCX2),0x15,0xAF43,31,routine,FLASH_DSPS,Programming of DSP,Programmierung von DSP,1,0,unsigned char,0-n,"ucx2_i01.prg (OVMS dump, GPL-3.0)",
BMW i3 / i3s (I01),Gen3 BEV (2013-2022),KLE,On-board charger (UCX2),0x15,0xDE84,22,read,BETRIEBSZUSTAND_LADEGERAET,Operating modes charger,Betriebsarten Ladegerät,11,0,,,"ucx2_i01.prg (OVMS dump, GPL-3.0)",
BMW i3 / i3s (I01),Gen3 BEV (2013-2022),KLE,On-board charger (UCX2),0x15,0xDE85,22,read,LADEGERAET_LEISTUNG,Power values intermediate circuit of the charger,Leistungswerte Zwischenkreis des Ladegeräts,3,0,,,"ucx2_i01.prg (OVMS dump, GPL-3.0)",
BMW i3 / i3s (I01),Gen3 BEV (2013-2022),KLE,On-board charger (UCX2),0x15,0xDE86,22,read,LADEGERAET_SPANNUNG,AC and DC voltages charger,AC und DC Spannungen Ladegerät,7,0,,,"ucx2_i01.prg (OVMS dump, GPL-3.0)",
BMW i3 / i3s (I01),Gen3 BEV (2013-2022),KLE,On-board charger (UCX2),0x15,0xDE87,22,read,LADEGERAET_STROM,AC and DC currents charger,AC und DC Ströme Ladegerät,7,0,,,"ucx2_i01.prg (OVMS dump, GPL-3.0)",
BMW i3 / i3s (I01),Gen3 BEV (2013-2022),KLE,On-board charger (UCX2),0x15,0xDF25,22,read,AC_PHASENANZAHL,Status of the number of AC phases,Status AC-Phasenanzahl,1,0,unsigned char,,"ucx2_i01.prg (OVMS dump, GPL-3.0)",
BMW i3 / i3s (I01),Gen3 BEV (2013-2022),KLE,On-board charger (UCX2),0x15,0xDFB0,22,read,LADEGERAET_LADEDAUER,Information on the charging time,Information zur Ladedauer,3,0,,,"ucx2_i01.prg (OVMS dump, GPL-3.0)",
BMW i3 / i3s (I01),Gen3 BEV (2013-2022),KLE,On-board charger (UCX2),0x15,0xDFB1,22,read,LADEGERAET_TEMPERATUREN,Reading out temperatures,Auslesen Temperaturen,10,0,,,"ucx2_i01.prg (OVMS dump, GPL-3.0)",
BMW i3 / i3s (I01),Gen3 BEV (2013-2022),KLE,On-board charger (UCX2),0x15,0xDFB4,22,read,LADEGERAET_LEISTUNG2,Power values for second charger (multi-phase charging),Leistungswerte für zweites Ladegerät (mehrphasiges Laden),3,0,,,"ucx2_i01.prg (OVMS dump, GPL-3.0)",
BMW i3 / i3s (I01),Gen3 BEV (2013-2022),KLE,On-board charger (UCX2),0x15,0xDFB6,22,read,LADEGERAET_LADE_HISTOGRAMM,Charge histogram related to temperature and power,Ladehistogramm bezüglich Temperatur und Leistung,10,0,,,"ucx2_i01.prg (OVMS dump, GPL-3.0)",
BMW i3 / i3s (I01),Gen3 BEV (2013-2022),KLE,On-board charger (UCX2),0x15,0xDFB7,22,read,LADEGERAET_LADE_HISTOGRAMM2,Charging histogram relating to temperature and power for a second charger (multi-phase charging).,Ladehistogramm bezüglich Temperatur und Leistung für ein zweites Ladegerät (mehrphasiges Laden).,10,0,,,"ucx2_i01.prg (OVMS dump, GPL-3.0)",
BMW i3 / i3s (I01),Gen3 BEV (2013-2022),KLE,On-board charger (UCX2),0x15,0xDFB8,22,read,LADEGERAET_LADEDAUER2,Information on the charging time for a second charger (multi-phase charging),Information zur Ladedauer für ein zweites Ladegerät (mehrphasiges Laden),3,0,,,"ucx2_i01.prg (OVMS dump, GPL-3.0)",
BMW i3 / i3s (I01),Gen3 BEV (2013-2022),KLE,On-board charger (UCX2),0x15,0xDFB9,22,read,UMSCHALTMATRIX,Switching matrix (multi-phase charging): number of switching cycles and state of the switches,Umschaltmatrix (mehrphasiges Laden): Anzahl von Schaltzyklen und Zustand der Schalter,8,0,,,"ucx2_i01.prg (OVMS dump, GPL-3.0)",
BMW i3 / i3s (I01),Gen3 BEV (2013-2022),KLE,On-board charger (UCX2),0x15,0xDFBA,22,read,LADEGERAET_SPANNUNG2,AC and DC voltages for second charger (multi-phase charging),AC und DC Spannungen für zweites Ladegerät (mehrphasiges Laden),7,0,,,"ucx2_i01.prg (OVMS dump, GPL-3.0)",
BMW i3 / i3s (I01),Gen3 BEV (2013-2022),KLE,On-board charger (UCX2),0x15,0xDFBB,22,read,LADEGERAET_STROM2,Charger currents for second charger (multi-phase charging),Ströme des Ladegeräts für zweits Ladegerät (mehrphasiges Laden),7,0,,,"ucx2_i01.prg (OVMS dump, GPL-3.0)",
BMW i3 / i3s (I01),Gen3 BEV (2013-2022),KLE,On-board charger (UCX2),0x15,0xDFBC,22,read,BETRIEBSZUSTAND_LADEGERAET2,Operating modes charger for second charger (multi-phase charging),Betriebsarten Ladegerät für zweites Ladegerät (mehrphasiges Laden),11,0,,,"ucx2_i01.prg (OVMS dump, GPL-3.0)",
BMW i3 / i3s (I01),Gen3 BEV (2013-2022),KLE,On-board charger (UCX2),0x15,0xDFBD,22,read,LADEDAUER_LADEART,Charging time for different charging types,Ladedauer für verschiedene Ladearten,6,0,,,"ucx2_i01.prg (OVMS dump, GPL-3.0)",
BMW i3 / i3s (I01),Gen3 BEV (2013-2022),KLE,On-board charger (UCX2),0x15,0xF000,31,routine,FLASH_DSPS,RID used to flash DSPs,RID used to flash DSPs,1,0,unsigned char,0-n,"ucx2_i01.prg (OVMS dump, GPL-3.0)",
BMW i3 / i3s (I01),Gen3 BEV (2013-2022),LIM,Charge interface module,0x14,0x2541,22,read,STATUS_CALCVN,Read out Cal-ID (Calibration-ID) and CVN (Calibration Verification Number). (OBD scopes) Byte layout: 20 bytes long 00-15 = STAT_CALID_WERT 16-19 = STAT_CVN_EINH as Hex unit32 in Intel format,Cal-ID (Calibration-ID) und CVN(Calibration Verification Number) auslesen. (OBD-Umfänge)   Byte-Layout: 20 Byte lang 00-15 = STAT_CALID_WERT 16-19 = STAT_CVN_EINH als Hex  unit32 im Intel Format,2,0,,,"lim_i1.prg (OVMS dump, GPL-3.0) | lim_i1.prg rev 2.0 (2012)",
BMW i3 / i3s (I01),Gen3 BEV (2013-2022),LIM,Charge interface module,0x14,0xDB0E,2E;22,read/write,ZV_LADESTECKER_CN,Actuator AC plug lock (China front),Aktuator AC-Steckerverriegelung (China vorn),2,1,,,"lim_i1.prg (OVMS dump, GPL-3.0)",
BMW i3 / i3s (I01),Gen3 BEV (2013-2022),LIM,Charge interface module,0x14,0xDB0F,22,read,LADESTECKDOSE_TEMPERATUR,Temperature of the DC charging connection in ° C (China),Temperatur der DC-Ladeanschluss in °C (China),1,0,unsigned int,°C,"lim_i1.prg (OVMS dump, GPL-3.0)",
BMW i3 / i3s (I01),Gen3 BEV (2013-2022),LIM,Charge interface module,0x14,0xDE6B,22;2E,read/write,LADEN_HOSPITALITY_FUNKTION,Hospitality function (automatic unlocking of the charging plug at the end of the charging process).,Hospitality-Funktion (Automatisches Entriegeln des Ladesteckers nach Ende des Ladevorgangs).,1,1,unsigned char,0/1,"lim_i1.prg (OVMS dump, GPL-3.0)",
BMW i3 / i3s (I01),Gen3 BEV (2013-2022),LIM,Charge interface module,0x14,0xDEF0,22;2E,read/write,ZV_LADESTECKER,"Status and control of charging plug (depending on plug type and market) 0 = unlocked, 1 = locked","Status und Steuern Ladestecker (Steckertyp- und Marktabhängig) 0 = entriegelt, 1 = verriegelt",2,1,,,"lim_i1.prg (OVMS dump, GPL-3.0)",
BMW i3 / i3s (I01),Gen3 BEV (2013-2022),LIM,Charge interface module,0x14,0xDEF1,22;2E,read/write,ZV_LADEKLAPPE,"Status or control loading flap (0 = unlocked, 1 = locked)","Status oder Steuern loading flap (0 = entriegelt, 1 = verriegelt)",2,1,,,"lim_i1.prg (OVMS dump, GPL-3.0) | lim_i1.prg rev 2.0 (2012)",
BMW i3 / i3s (I01),Gen3 BEV (2013-2022),LIM,Charge interface module,0x14,0xDEF2,22,read,LADEBEREITSCHAFT_LIM,"Ready to charge (HW line), (1 = yes, 0 = no) sent from LIM to SLE","Ladebereitschaft (HW-Leitung), (1 = ja, 0 = nein) vom LIM an SLE gesendet",1,0,unsigned char,0/1,"lim_i1.prg (OVMS dump, GPL-3.0) | lim_i1.prg rev 2.0 (2012)",
BMW i3 / i3s (I01),Gen3 BEV (2013-2022),LIM,Charge interface module,0x14,0xDEF3,22;2E,read/write,LED_LADESTATUS,Status or control LED for charging status (RGB light ring),Zustand oder Ansteuern LED für Ladestatus (RGB-Leuchtring),1,1,unsigned char,0-n,"lim_i1.prg (OVMS dump, GPL-3.0)",
BMW i3 / i3s (I01),Gen3 BEV (2013-2022),LIM,Charge interface module,0x14,0xDEF4,22;2E,read/write,LED_SUCHBELEUCHTUNG,"Status or activation of the LED for search lighting (0 = not activated, 1 = activated) - only for separate DC charging socket","Zustand oder Ansteuern der LED für Suchbeleuchtung (0 = nicht angesteuert, 1 = angesteuert) - nur für separate DC-Ladedose",1,1,unsigned char,0/1,"lim_i1.prg (OVMS dump, GPL-3.0)",
BMW i3 / i3s (I01),Gen3 BEV (2013-2022),LIM,Charge interface module,0x14,0xDEF5,22,read,PROXIMITY,Current status of the proximity,Aktueller Zustand des Proximity,2,0,,,"lim_i1.prg (OVMS dump, GPL-3.0) | lim_i1.prg rev 2.0 (2012)",
BMW i3 / i3s (I01),Gen3 BEV (2013-2022),LIM,Charge interface module,0x14,0xDEF6,22,read,PILOTSIGNAL,current data of the pilot signal about the charging current,aktuelle Daten des Pilotsignals über den Ladestrom,6,0,,,"lim_i1.prg (OVMS dump, GPL-3.0) | lim_i1.prg rev 2.0 (2012)",
BMW i3 / i3s (I01),Gen3 BEV (2013-2022),LIM,Charge interface module,0x14,0xDEF7,22,read,LADESCHNITTSTELLE_DC_TEPCO,Status of the batch control lines,Status der Chargecontroll Leitungen,4,0,,,"lim_i1.prg (OVMS dump, GPL-3.0) | lim_i1.prg rev 2.0 (2012)",
BMW i3 / i3s (I01),Gen3 BEV (2013-2022),LIM,Charge interface module,0x14,0xDEF8,22,read,DC_SCHUETZ_SCHALTER,Contactor switch status (DC charging),Status Schützschalter (DC-Laden),1,0,unsigned char,0-n,"lim_i1.prg (OVMS dump, GPL-3.0) | lim_i1.prg rev 2.0 (2012)",
BMW i3 / i3s (I01),Gen3 BEV (2013-2022),LIM,Charge interface module,0x14,0xDEF9,22,read,DC_SCHUETZ_SPANNUNG_EINGANG,Voltage at the input of the relay box (contactors) for DC charging,Spannung am Eingang der Relaisbox (Schaltschütze) für DC-Laden,2,0,,,"lim_i1.prg (OVMS dump, GPL-3.0) | lim_i1.prg rev 2.0 (2012)",
BMW i3 / i3s (I01),Gen3 BEV (2013-2022),LIM,Charge interface module,0x14,0xDEFA,22,read,DC_PINABDECKUNG_COMBO,"State of the DC pin cover for combo socket (0 = closed, 1 = open)","Zustand der DC Pinabdeckung bei Combo-Steckdose (0 = geschlossen, 1 = geöffnet)",1,0,unsigned char,0/1,"lim_i1.prg (OVMS dump, GPL-3.0) | lim_i1.prg rev 2.0 (2012)",
BMW i3 / i3s (I01),Gen3 BEV (2013-2022),LIM,Charge interface module,0x14,0xDEF0,2E;22,read/write,ZV_LADESTECKER,"Status and control of charging plug (depending on plug type and market) 0 = unlocked, 1 = locked","Status und Steuern Ladestecker (Steckertyp- und Marktabhängig) 0 = entriegelt, 1 = verriegelt",2,1,,,lim_i1.prg rev 2.0 (2012),yes
BMW i3 / i3s (I01),Gen3 BEV (2013-2022),LIM,Charge interface module,0x14,0xDEF3,2E;22,read/write,LED_LADESTATUS,Status or control LED for charging status (RGB light ring),Zustand oder Ansteuern LED für Ladestatus (RGB-Leuchtring),1,1,unsigned char,0-n,lim_i1.prg rev 2.0 (2012),yes
BMW i3 / i3s (I01),Gen3 BEV (2013-2022),LIM,Charge interface module,0x14,0xDEF4,2E;22,read/write,LED_SUCHBELEUCHTUNG,"Status or activation of the LED for search lighting (0 = not activated, 1 = activated) - only for separate DC charging socket","Zustand oder Ansteuern der LED für Suchbeleuchtung (0 = nicht angesteuert, 1 = angesteuert) - nur für separate DC-Ladedose",1,1,unsigned char,0/1,lim_i1.prg rev 2.0 (2012),yes
BMW i3 / i3s (I01),Gen3 BEV (2013-2022),LIM,Charge interface module,0x14,0xF001,2E,write,_RGB_LED_RAW_CTRL,Raw control of RGB LED,Raw control of RGB LED,0,5,,,lim_i1.prg rev 2.0 (2012),yes
BMW i3 / i3s (I01),Gen3 BEV (2013-2022),LIM,Charge interface module,0x14,0xF002,2E,write,_IP_OF_LIM,Writes IP of the LIM,Writes IP of the LIM,0,9,,,lim_i1.prg rev 2.0 (2012),yes
BMW i3 / i3s (I01),Gen3 BEV (2013-2022),LIM,Charge interface module,0x14,0xF003,2E,write,_IP_OF_EVSE,Writes IF of the EVSE,Writes IF of the EVSE,0,9,,,lim_i1.prg rev 2.0 (2012),yes
BMW i3 / i3s (I01),Gen3 BEV (2013-2022),IHX,"Heating/AC, heat pump, HV heater",0x78,0xA111,31,routine,KLAPPENMOTOR_IDENT,Reading out the manufacturer-specific data of a flap motor.,Auslesen der herstellerspezifischen Daten eines  Klappenmotors.,3,1,,,"ihx_i1.prg (OVMS dump, GPL-3.0) | ihx_i1.prg rev 1.7 (2012)",
BMW i3 / i3s (I01),Gen3 BEV (2013-2022),IHX,"Heating/AC, heat pump, HV heater",0x78,0xA11B,31,routine,EDH_VERRIEGELUNG,Controlling the protective locking of the eDH.,Steuern der Schutzverriegelung des eDH.,2,0,,,"ihx_i1.prg (OVMS dump, GPL-3.0) | ihx_i1.prg rev 1.7 (2012)",
BMW i3 / i3s (I01),Gen3 BEV (2013-2022),IHX,"Heating/AC, heat pump, HV heater",0x78,0xA11C,31,routine,WP_BEFUELLUNG,Switching of the valves for filling the heat pump circuit,Schaltung der Ventile zur Befüllung Wärmepumpenkreislauf,1,0,unsigned char,0/1,"ihx_i1.prg (OVMS dump, GPL-3.0) | ihx_i1.prg rev 1.7 (2012)",
BMW i3 / i3s (I01),Gen3 BEV (2013-2022),IHX,"Heating/AC, heat pump, HV heater",0x78,0xA11D,31,routine,WP_EXP_VENTIL_KALIBRIEREN,Calibrate the expansion valves,Kalibrierung der Expansionsventile durchführen,1,0,unsigned char,0/1,"ihx_i1.prg (OVMS dump, GPL-3.0) | ihx_i1.prg rev 1.7 (2012)",
BMW i3 / i3s (I01),Gen3 BEV (2013-2022),IHX,"Heating/AC, heat pump, HV heater",0x78,0xD15D,22,read,SITZHEIZUNG_VORNE_TASTER_LINKS,"0 = button not pressed, 1 = button pressed","0 = Taste nicht betätigt, 1 = Taste betätigt",1,0,unsigned char,0/1,"ihx_i1.prg (OVMS dump, GPL-3.0) | ihx_i1.prg rev 1.7 (2012)",
BMW i3 / i3s (I01),Gen3 BEV (2013-2022),IHX,"Heating/AC, heat pump, HV heater",0x78,0xD15E,22,read,SITZHEIZUNG_VORNE_TASTER_RECHTS,"0 = button not pressed, 1 = button pressed","0 = Taste nicht betätigt, 1 = Taste betätigt",1,0,unsigned char,0/1,"ihx_i1.prg (OVMS dump, GPL-3.0) | ihx_i1.prg rev 1.7 (2012)",
BMW i3 / i3s (I01),Gen3 BEV (2013-2022),IHX,"Heating/AC, heat pump, HV heater",0x78,0xD15F,22,read,SITZHEIZUNG_VORNE_LED_RECHTS,"Status LED display seat heating, front right",Status LED-Anzeige Sitzheizung vorne rechts,4,0,,,"ihx_i1.prg (OVMS dump, GPL-3.0) | ihx_i1.prg rev 1.7 (2012)",
BMW i3 / i3s (I01),Gen3 BEV (2013-2022),IHX,"Heating/AC, heat pump, HV heater",0x78,0xD160,22,read,SITZHEIZUNG_VORNE_LED_LINKS,"Status LED display seat heating, front left",Status LED-Anzeige Sitzheizung vorne links,4,0,,,"ihx_i1.prg (OVMS dump, GPL-3.0) | ihx_i1.prg rev 1.7 (2012)",
BMW i3 / i3s (I01),Gen3 BEV (2013-2022),IHX,"Heating/AC, heat pump, HV heater",0x78,0xD592,2E;22,read/write,FBM_SENS_TASTEN,FBM sensors,FBM-Sensorik,8,2,,,"ihx_i1.prg (OVMS dump, GPL-3.0)",
BMW i3 / i3s (I01),Gen3 BEV (2013-2022),IHX,"Heating/AC, heat pump, HV heater",0x78,0xD593,2E;22,read/write,FBM_TASTEN,FBM buttons,FBM-Tasten,8,2,,,"ihx_i1.prg (OVMS dump, GPL-3.0) | ihx_i1.prg rev 1.7 (2012)",
BMW i3 / i3s (I01),Gen3 BEV (2013-2022),IHX,"Heating/AC, heat pump, HV heater",0x78,0xD598,2E,write,STEUERN_SIGNALMODE,Sets whether the signals are sent to the outside on the CAN when the control elements are operated (suppressed = Arg 1). Is automatically deactivated when changing terminals (or with Arg. 0),"Stellt ein, ob bei Betätigung der Bedienelemente die Signale auf den CAN nach außen verschickt werden (unterdrückt = Arg 1). Wird bei Klemmenwechsel automatisch deaktiviert (oder bei Arg. 0)",0,1,,,"ihx_i1.prg (OVMS dump, GPL-3.0) | ihx_i1.prg rev 1.7 (2012)",
BMW i3 / i3s (I01),Gen3 BEV (2013-2022),IHX,"Heating/AC, heat pump, HV heater",0x78,0xD599,22,read,FBM_TASTEN_VORHANDEN_WERT,"Indicates how many FBM buttons are installed: 0 = no FBM buttons installed, 1 = 1 button installed, 2 = 2 buttons installed, N = n buttons installed, 255 = number unknown","Gibt aus, wieviele FBM-Tasten verbaut sind: 0 = keine FBM-Tasten verbaut, 1 = 1 Taste verbaut, 2 = 2 Tasten verbaut, N = n Tasten verbaut, 255 = Anzahl unbekannt",1,0,unsigned char,Tasten,"ihx_i1.prg (OVMS dump, GPL-3.0) | ihx_i1.prg rev 1.7 (2012)",
BMW i3 / i3s (I01),Gen3 BEV (2013-2022),IHX,"Heating/AC, heat pump, HV heater",0x78,0xD5A0,2E,write,STEUERN_SH_TASTEN,Simulation of the actuation of the buttons for the seat heating.,Simulation der Betätigung der Tasten für die Sitzheizung.,0,2,,,"ihx_i1.prg (OVMS dump, GPL-3.0) | ihx_i1.prg rev 1.7 (2012)",
BMW i3 / i3s (I01),Gen3 BEV (2013-2022),IHX,"Heating/AC, heat pump, HV heater",0x78,0xD859,22,read,TEMP_FUSSRAUM_LINKS_WERT,Temperature sensor,Temperaturfühler,1,0,signed char,°C,"ihx_i1.prg (OVMS dump, GPL-3.0) | ihx_i1.prg rev 1.7 (2012)",
BMW i3 / i3s (I01),Gen3 BEV (2013-2022),IHX,"Heating/AC, heat pump, HV heater",0x78,0xD85A,22,read,TEMP_FUSSRAUM_RECHTS_WERT,Temperature sensor,Temperaturfühler,1,0,signed char,°C,"ihx_i1.prg (OVMS dump, GPL-3.0) | ihx_i1.prg rev 1.7 (2012)",
BMW i3 / i3s (I01),Gen3 BEV (2013-2022),IHX,"Heating/AC, heat pump, HV heater",0x78,0xD85C,22,read,TEMP_INNEN_UNBELUEFTET,Calculated internal temperature,Errechnete Innentemperatur,1,0,signed char,°C,"ihx_i1.prg (OVMS dump, GPL-3.0) | ihx_i1.prg rev 1.7 (2012)",
BMW i3 / i3s (I01),Gen3 BEV (2013-2022),IHX,"Heating/AC, heat pump, HV heater",0x78,0xD860,22,read,BUS_IN_POTI_SCHICHTUNG_FOND_WERT,Potentiometer layering base: 0 ... 100%,Potentiometer Schichtung Fond:  0 ... 100%,1,0,unsigned char,%,"ihx_i1.prg (OVMS dump, GPL-3.0) | ihx_i1.prg rev 1.7 (2012)",
BMW i3 / i3s (I01),Gen3 BEV (2013-2022),IHX,"Heating/AC, heat pump, HV heater",0x78,0xD866,22,read,KONFIGURATION_KLIMA_VORN,Configuration of the front air conditioning,Konfiguration der Klimaanlage vorn,7,0,,,"ihx_i1.prg (OVMS dump, GPL-3.0) | ihx_i1.prg rev 1.7 (2012)",
BMW i3 / i3s (I01),Gen3 BEV (2013-2022),IHX,"Heating/AC, heat pump, HV heater",0x78,0xD868,22,read,KAELTEMITTEL_MEDIUM,"Cooling medium: 0 = R134a, 1 = CO2","Kühlmedium: 0 = R134a, 1 = CO2",1,0,unsigned char,0-n,"ihx_i1.prg (OVMS dump, GPL-3.0) | ihx_i1.prg rev 1.7 (2012)",
BMW i3 / i3s (I01),Gen3 BEV (2013-2022),IHX,"Heating/AC, heat pump, HV heater",0x78,0xD86E,2E,write,STEUERN_KLAPPENMOTOR_VORN,Call for activation of the individual stepper motors for any opening,Aufruf für Ansteuerung der einzelnen Schrittmotore auf beliebige Öffnung,0,2,,,"ihx_i1.prg (OVMS dump, GPL-3.0) | ihx_i1.prg rev 1.7 (2012)",
BMW i3 / i3s (I01),Gen3 BEV (2013-2022),IHX,"Heating/AC, heat pump, HV heater",0x78,0xD86F,2E;22,read/write,KLIMA_TASTEN_VORN,Climate control panel buttons,Tasten Klimabedienfeld,30,2,,,"ihx_i1.prg (OVMS dump, GPL-3.0)",
BMW i3 / i3s (I01),Gen3 BEV (2013-2022),IHX,"Heating/AC, heat pump, HV heater",0x78,0xD875,2E,write,STEUERN_BEDIENUNG_TEMP,Simulates the setting of the temperature on the climate control unit.,Simuliert die Einstellung der Temperatur am Klimabedienteil.,0,2,,,"ihx_i1.prg (OVMS dump, GPL-3.0) | ihx_i1.prg rev 1.7 (2012)",
BMW i3 / i3s (I01),Gen3 BEV (2013-2022),IHX,"Heating/AC, heat pump, HV heater",0x78,0xD877,2E,write,STEUERN_GEBLAESE,Control of the blower output stage.,Ansteuern der Gebläseendstufe.,0,1,,,"ihx_i1.prg (OVMS dump, GPL-3.0) | ihx_i1.prg rev 1.7 (2012)",
BMW i3 / i3s (I01),Gen3 BEV (2013-2022),IHX,"Heating/AC, heat pump, HV heater",0x78,0xD88D,2F,io-control,STEUERN_MOTOREN_KALIBRIERLAUF,Calibration of the stepper motors.,Kalibrierung der Schrittmotore.,0,0,,,"ihx_i1.prg (OVMS dump, GPL-3.0) | ihx_i1.prg rev 1.7 (2012)",
BMW i3 / i3s (I01),Gen3 BEV (2013-2022),IHX,"Heating/AC, heat pump, HV heater",0x78,0xD88E,22,read,SCHRITTMOTOR_FEHLER,Query the stepper motor error,Abfrage der Schrittmotor-Fehler,4,0,,,"ihx_i1.prg (OVMS dump, GPL-3.0) | ihx_i1.prg rev 1.7 (2012)",
BMW i3 / i3s (I01),Gen3 BEV (2013-2022),IHX,"Heating/AC, heat pump, HV heater",0x78,0xD88F,2F,io-control,STEUERN_SELBSTTEST_SCHRITTMOTOREN,Call starts the self-test of the stepper motors. All motors are approached to 50% and then checked whether the position has been reached. The result can be queried with the SELFTEST_STRITTMOTOREN service.,"Aufruf startet den Selbsttest der Schrittmotoren. Alle Motore werden auf 50% angefahren und anschließend geprüft, ob die Position ereicht worden ist. Das Ergebnis kann mit dem Service SELBSTTEST_SCHRITTMOTOREN abgefragt werden.",0,0,,,"ihx_i1.prg (OVMS dump, GPL-3.0) | ihx_i1.prg rev 1.7 (2012)",
BMW i3 / i3s (I01),Gen3 BEV (2013-2022),IHX,"Heating/AC, heat pump, HV heater",0x78,0xD89A,2E,write,STEUERN_DISPLAY_TESTEN,Controls the display with bit patterns.,Steuert das Display mit Bitmustern an.,0,2,,,"ihx_i1.prg (OVMS dump, GPL-3.0) | ihx_i1.prg rev 1.7 (2012)",
BMW i3 / i3s (I01),Gen3 BEV (2013-2022),IHX,"Heating/AC, heat pump, HV heater",0x78,0xD8A0,2E,write,ELEKTRISCHER_ZUHEIZER_FRONT,"Job to activate the electrical auxiliary heater without the necessary boundary conditions, such as Energy management, energy distribution algorithm.","Job zur Aktivierung des elektrischen Zuheizers ohne die erforderlichen Randbedingungen, wie z.B. Energiemanagement, Energieverteilungsalgoritmus.",0,2,,,"ihx_i1.prg (OVMS dump, GPL-3.0) | ihx_i1.prg rev 1.7 (2012)",
BMW i3 / i3s (I01),Gen3 BEV (2013-2022),IHX,"Heating/AC, heat pump, HV heater",0x78,0xD8AA,22,read,VORHANDEN_FONDSCHICHTUNG,0 = rear stratification potentiometer not available 1 = rear stratification potentiometer available,0=Fondschichtungspotentiometer nicht vorhanden 1=Fondschichtungspotentiometer vorhanden,1,0,unsigned char,0/1,"ihx_i1.prg (OVMS dump, GPL-3.0) | ihx_i1.prg rev 1.7 (2012)",
BMW i3 / i3s (I01),Gen3 BEV (2013-2022),IHX,"Heating/AC, heat pump, HV heater",0x78,0xD8AB,22,read,SOLARSENSOR_VORHANDEN,Solar sensor: 0 = not available / coded; 1 = present / coded,Solarsensor: 0 = nicht vorhanden / codiert; 1 = vorhanden / codiert,1,0,unsigned char,0/1,"ihx_i1.prg (OVMS dump, GPL-3.0) | ihx_i1.prg rev 1.7 (2012)",
BMW i3 / i3s (I01),Gen3 BEV (2013-2022),IHX,"Heating/AC, heat pump, HV heater",0x78,0xD8AC,22,read,AUC_SENSOR_VORHANDEN,AUC sensor: 0 = not available; 1 = present,AUC-Sensor: 0 = nicht vorhanden; 1 = vorhanden,1,0,unsigned char,0/1,"ihx_i1.prg (OVMS dump, GPL-3.0) | ihx_i1.prg rev 1.7 (2012)",
BMW i3 / i3s (I01),Gen3 BEV (2013-2022),IHX,"Heating/AC, heat pump, HV heater",0x78,0xD8B5,2E;22,read/write,AUDIO_TASTEN,Audio control panel buttons,Tasten Audiobedienfeld,6,2,,,"ihx_i1.prg (OVMS dump, GPL-3.0)",
BMW i3 / i3s (I01),Gen3 BEV (2013-2022),IHX,"Heating/AC, heat pump, HV heater",0x78,0xD8C1,2E;22,read/write,LEDS_KLIMA_VORN,LEDs climate control panel,LEDs Klimabedienfeld,18,2,,,"ihx_i1.prg (OVMS dump, GPL-3.0)",
BMW i3 / i3s (I01),Gen3 BEV (2013-2022),IHX,"Heating/AC, heat pump, HV heater",0x78,0xD8C2,22,read,EKK_DREHZAHLERHOEHUNG,"Speed increase EKK 0 = OFF, 1 = ON","Drehzahlerhöhung EKK 0=AUS, 1=EIN",1,0,unsigned char,0/1,"ihx_i1.prg (OVMS dump, GPL-3.0) | ihx_i1.prg rev 1.7 (2012)",
BMW i3 / i3s (I01),Gen3 BEV (2013-2022),IHX,"Heating/AC, heat pump, HV heater",0x78,0xD8C3,22;2E,read/write,EKMV_DREHZAHL_GEN20,Speed of refrigerant seal,Drehzahl Kältemitteldichter,2,1,,,"ihx_i1.prg (OVMS dump, GPL-3.0) | ihx_i1.prg rev 1.7 (2012)",
BMW i3 / i3s (I01),Gen3 BEV (2013-2022),IHX,"Heating/AC, heat pump, HV heater",0x78,0xD8C4,22,read,EKMV_ANALOGWERTE_GEN20,Analog values from refrigerant compressor Gen. 2.0,Analogwertewerte von Kältemittelverdichter Gen. 2.0,6,0,,,"ihx_i1.prg (OVMS dump, GPL-3.0) | ihx_i1.prg rev 1.7 (2012)",
BMW i3 / i3s (I01),Gen3 BEV (2013-2022),IHX,"Heating/AC, heat pump, HV heater",0x78,0xD8C5,22,read,EKMV_BETRIEBSZUSTAND_GEN20,Operating states of refrigerant compressor Gen. 2.0,Betriebszustände von Kältemittelverdichter Gen. 2.0,1,0,BITFIELD,Bit,"ihx_i1.prg (OVMS dump, GPL-3.0) | ihx_i1.prg rev 1.7 (2012)",
BMW i3 / i3s (I01),Gen3 BEV (2013-2022),IHX,"Heating/AC, heat pump, HV heater",0x78,0xD8C6,2E,write,EKMV_RESET_GEN20,Reset refrigerant compressor gen. 2.0,Reset Kältemittelverdichter Gen. 2.0,0,1,,,"ihx_i1.prg (OVMS dump, GPL-3.0) | ihx_i1.prg rev 1.7 (2012)",
BMW i3 / i3s (I01),Gen3 BEV (2013-2022),IHX,"Heating/AC, heat pump, HV heater",0x78,0xD8C7,22;2E,read/write,EKMV_AKS_GEN20,Insulation test eKMV,Isolationsprüfung eKMV,1,1,unsigned char,0-n,"ihx_i1.prg (OVMS dump, GPL-3.0)",
BMW i3 / i3s (I01),Gen3 BEV (2013-2022),IHX,"Heating/AC, heat pump, HV heater",0x78,0xD8CB,22;2E,read/write,EKMV_FREILAUF,Freewheel eKMV,Freilauf eKMV,1,1,unsigned char,0/1,"ihx_i1.prg (OVMS dump, GPL-3.0) | ihx_i1.prg rev 1.7 (2012)",
BMW i3 / i3s (I01),Gen3 BEV (2013-2022),IHX,"Heating/AC, heat pump, HV heater",0x78,0xD8CD,22,read,EDH_STATUS,Status values of electrical instantaneous water heaters,Statuswerte elektrischer Durchlauferhitzer,4,0,,,"ihx_i1.prg (OVMS dump, GPL-3.0) | ihx_i1.prg rev 1.7 (2012)",
BMW i3 / i3s (I01),Gen3 BEV (2013-2022),IHX,"Heating/AC, heat pump, HV heater",0x78,0xD8CE,22,read,KONFIGURATION_KLIMA_PRODUKTLINIE,Outputs the product line coded in the control unit. See table TAB_KLIMA_PRODUKTLINIE,Gibt die im Steuergerät codierte Produktlinie aus. Siehe Tabelle TAB_KLIMA_PRODUKTLINIE,1,0,unsigned char,0-n,"ihx_i1.prg (OVMS dump, GPL-3.0) | ihx_i1.prg rev 1.7 (2012)",
BMW i3 / i3s (I01),Gen3 BEV (2013-2022),IHX,"Heating/AC, heat pump, HV heater",0x78,0xD8D2,22,read,BUS_IN_HV_POWERMANAGEMENT,The maximum power provided by the HV-PM for the air conditioning.,Die maximal vom HV-PM für die Klima bereitgestellten Leistungen.,2,0,,,"ihx_i1.prg (OVMS dump, GPL-3.0) | ihx_i1.prg rev 1.7 (2012)",
BMW i3 / i3s (I01),Gen3 BEV (2013-2022),IHX,"Heating/AC, heat pump, HV heater",0x78,0xD8D3,22,read,BUS_IN_HV_PM_EDH,The maximum power provided by the HV-PM for the EDH.,Die maximal vom HV-PM für den EDH bereitgestellte Leistung.,2,0,,,"ihx_i1.prg (OVMS dump, GPL-3.0) | ihx_i1.prg rev 1.7 (2012)",
BMW i3 / i3s (I01),Gen3 BEV (2013-2022),IHX,"Heating/AC, heat pump, HV heater",0x78,0xD8D4,22,read,BUS_IN_KUEHLMITTELTEMPERATUR,Engine coolant temperature,Kühlmitteltemperatur Motor,1,0,signed int,°C,"ihx_i1.prg (OVMS dump, GPL-3.0) | ihx_i1.prg rev 1.7 (2012)",
BMW i3 / i3s (I01),Gen3 BEV (2013-2022),IHX,"Heating/AC, heat pump, HV heater",0x78,0xD902,22,read,SOLLWERT_ELEKTRISCHER_ZUHEIZER_VORN,Electrical auxiliary heater (PTC or EDH) setpoint in percent 0 - 100%,Elektrischer Zuheizer (PTC oder EDH) Sollwert in Prozent 0 - 100 %,1,0,unsigned char,%,"ihx_i1.prg (OVMS dump, GPL-3.0) | ihx_i1.prg rev 1.7 (2012)",
BMW i3 / i3s (I01),Gen3 BEV (2013-2022),IHX,"Heating/AC, heat pump, HV heater",0x78,0xD904,22,read,BUS_OUT_ZUSATZWASSERPUMPE_EIN,"Auxiliary water pump status: 0 = OFF, 1 = ON","Zusatzwasserpumpenstatus: 0 = AUS, 1 = EIN",1,0,unsigned char,0/1,"ihx_i1.prg (OVMS dump, GPL-3.0) | ihx_i1.prg rev 1.7 (2012)",
BMW i3 / i3s (I01),Gen3 BEV (2013-2022),IHX,"Heating/AC, heat pump, HV heater",0x78,0xD905,22,read,TIMER_EINLAUFSCHUTZ,Determination of the remaining time for the inlet protection.,Ermittlung der verbleibenden Restzeit beim Einlaufschutz.,2,0,,,"ihx_i1.prg (OVMS dump, GPL-3.0) | ihx_i1.prg rev 1.7 (2012)",
BMW i3 / i3s (I01),Gen3 BEV (2013-2022),IHX,"Heating/AC, heat pump, HV heater",0x78,0xD90E,22,read,SITZHEIZUNG_VORNE_TASTER_VORHANDEN,0 = not available 1 = available,0=nicht vorhanden 1=vorhanden,1,0,unsigned char,0/1,"ihx_i1.prg (OVMS dump, GPL-3.0) | ihx_i1.prg rev 1.7 (2012)",
BMW i3 / i3s (I01),Gen3 BEV (2013-2022),IHX,"Heating/AC, heat pump, HV heater",0x78,0xD916,22,read,VORHANDEN_KOMPRESSORKUPPLUNG,0 = compressor clutch not available 1 = compressor clutch available,0=Kompressorkupplung nicht vorhanden 1=Kompressorkupplung vorhanden,1,0,unsigned char,0/1,"ihx_i1.prg (OVMS dump, GPL-3.0) | ihx_i1.prg rev 1.7 (2012)",
BMW i3 / i3s (I01),Gen3 BEV (2013-2022),IHX,"Heating/AC, heat pump, HV heater",0x78,0xD918,2E;22,read/write,EINLAUFSCHUTZ_KOMPRESSOR,Output of the status of the inlet protection for the air conditioning compressor or writing of the new status. This status is only reset after it has been completely run in.,Ausgabe des Status des Einlaufschutzes für den Klimakompressor oder schreiben des neuen Status. Erst nach vollständigem Einlauf wird dieser Status zurückgesetzt.,2,1,,,"ihx_i1.prg (OVMS dump, GPL-3.0)",
BMW i3 / i3s (I01),Gen3 BEV (2013-2022),IHX,"Heating/AC, heat pump, HV heater",0x78,0xD91A,22,read,KLIMA_VORN_LUFTVERTEILUNG_LI_RE,Output of the status of the air distribution in front.,Ausgabe des Status der Luftverteilung vorne.,2,0,,,"ihx_i1.prg (OVMS dump, GPL-3.0) | ihx_i1.prg rev 1.7 (2012)",
BMW i3 / i3s (I01),Gen3 BEV (2013-2022),IHX,"Heating/AC, heat pump, HV heater",0x78,0xD91D,22,read,BUS_OUT_KLIMAKOMPRESSOR_PWM_WERT,Signal for requesting the compressor power in PWM,Signal für die Anforderung der Kompressorleistung in PWM,1,0,unsigned char,%,"ihx_i1.prg (OVMS dump, GPL-3.0) | ihx_i1.prg rev 1.7 (2012)",
BMW i3 / i3s (I01),Gen3 BEV (2013-2022),IHX,"Heating/AC, heat pump, HV heater",0x78,0xD927,2E,write,STEUERN_DIAGNOSE_ENDE,Ends all controls started with diagnosis.,Beendet alle mit Diagnose gestarteten Ansteuerungen.,0,1,,,"ihx_i1.prg (OVMS dump, GPL-3.0) | ihx_i1.prg rev 1.7 (2012)",
BMW i3 / i3s (I01),Gen3 BEV (2013-2022),IHX,"Heating/AC, heat pump, HV heater",0x78,0xD928,22,read,KLIMA_VORN_KLAPPEN_PRG_MITTE,"Automatic flap program: 0 = OFF = manual setting, 1 = ON = AUTO switched on","Automatik-Klappenprogramm: 0 = AUS = Manuelle Einstellung, 1 = EIN = AUTO eingeschaltet",1,0,unsigned char,0/1,"ihx_i1.prg (OVMS dump, GPL-3.0) | ihx_i1.prg rev 1.7 (2012)",
BMW i3 / i3s (I01),Gen3 BEV (2013-2022),IHX,"Heating/AC, heat pump, HV heater",0x78,0xD92B,22,read,KLIMA_VORN_GEBLAESESTUFE_ANZ,Outputs the display of the current fan speed.,Gibt die Anzeige der aktuellen Gebläsestufe aus.,1,0,unsigned char,Stufe,"ihx_i1.prg (OVMS dump, GPL-3.0) | ihx_i1.prg rev 1.7 (2012)",
BMW i3 / i3s (I01),Gen3 BEV (2013-2022),IHX,"Heating/AC, heat pump, HV heater",0x78,0xD92C,22,read,KLIMA_VORN_OFF_EIN,"Function status air conditioning OFF: 0 = OFF = air conditioning is switched on, LED is off 1 = ON = air conditioning is switched off, LED is on","Funktionsstatus Klima OFF: 0 = AUS = Klima ist eingeschaltet, LED ist aus 1 = EIN = Klima ist ausgeschaltet, LED ist an",1,0,unsigned char,0/1,"ihx_i1.prg (OVMS dump, GPL-3.0) | ihx_i1.prg rev 1.7 (2012)",
BMW i3 / i3s (I01),Gen3 BEV (2013-2022),IHX,"Heating/AC, heat pump, HV heater",0x78,0xD92D,22,read,KLIMA_VORN_PRG_DEFROST_EIN,"Defrost program: 0 = OFF, 1 = ON","Defrost-Programm: 0 = AUS, 1 = EIN",1,0,unsigned char,0/1,"ihx_i1.prg (OVMS dump, GPL-3.0) | ihx_i1.prg rev 1.7 (2012)",
BMW i3 / i3s (I01),Gen3 BEV (2013-2022),IHX,"Heating/AC, heat pump, HV heater",0x78,0xD92E,22,read,KLIMA_VORN_PRG_MAX_AC_EIN,"Maximum cooling program: 0 = OFF, 1 = ON","Programm maximal Kühlen: 0 = AUS, 1 = EIN",1,0,unsigned char,0/1,"ihx_i1.prg (OVMS dump, GPL-3.0) | ihx_i1.prg rev 1.7 (2012)",
BMW i3 / i3s (I01),Gen3 BEV (2013-2022),IHX,"Heating/AC, heat pump, HV heater",0x78,0xD930,22,read,KLIMA_VORN_PRG_AUC_EIN,"Automatic air circulation control: 0 = OFF, 1 = ON","Automatische Umluft Control: 0 = AUS, 1 = EIN",1,0,unsigned char,0/1,"ihx_i1.prg (OVMS dump, GPL-3.0) | ihx_i1.prg rev 1.7 (2012)",
BMW i3 / i3s (I01),Gen3 BEV (2013-2022),IHX,"Heating/AC, heat pump, HV heater",0x78,0xD931,22,read,KLIMA_VORN_PRG_UMLUFT_EIN,"Recirculation program: 0 = OFF, 1 = ON","Programm Umluft: 0 = AUS, 1 = EIN",1,0,unsigned char,0/1,"ihx_i1.prg (OVMS dump, GPL-3.0) | ihx_i1.prg rev 1.7 (2012)",
BMW i3 / i3s (I01),Gen3 BEV (2013-2022),IHX,"Heating/AC, heat pump, HV heater",0x78,0xD932,22,read,KLIMA_VORN_PRG_HHS_EIN,"Rear window heating: 0 = OFF, 1 = ON","Heckscheibenheizung: 0 = AUS, 1 = EIN",1,0,unsigned char,0/1,"ihx_i1.prg (OVMS dump, GPL-3.0) | ihx_i1.prg rev 1.7 (2012)",
BMW i3 / i3s (I01),Gen3 BEV (2013-2022),IHX,"Heating/AC, heat pump, HV heater",0x78,0xD934,22,read,KLIMA_VORN_PRG_AC_EIN,"Climate program: 0 = OFF, 1 = ON","Klimaprogramm: 0 = AUS, 1 = EIN",1,0,unsigned char,0/1,"ihx_i1.prg (OVMS dump, GPL-3.0) | ihx_i1.prg rev 1.7 (2012)",
BMW i3 / i3s (I01),Gen3 BEV (2013-2022),IHX,"Heating/AC, heat pump, HV heater",0x78,0xD936,22,read,KLIMA_VORN_PRG_KLIMASTIL_MITTE,Output of the middle soft-intensity setting in steps: 1 - 7,Ausgabe der Soft-Intense-Einstellung Mitte in Stufen: 1 - 7,1,0,unsigned char,Stufe,"ihx_i1.prg (OVMS dump, GPL-3.0) | ihx_i1.prg rev 1.7 (2012)",
BMW i3 / i3s (I01),Gen3 BEV (2013-2022),IHX,"Heating/AC, heat pump, HV heater",0x78,0xD939,22,read,KLIMA_VORN_PRG_STANDLUEFTEN_EIN,"Independent ventilation program: 0 = OFF, 1 = ON","Programm Standlüften: 0 = AUS, 1 = EIN",1,0,unsigned char,0/1,"ihx_i1.prg (OVMS dump, GPL-3.0) | ihx_i1.prg rev 1.7 (2012)",
BMW i3 / i3s (I01),Gen3 BEV (2013-2022),IHX,"Heating/AC, heat pump, HV heater",0x78,0xD93F,22,read,KLIMA_VORN_GEBLAESELEISTUNG_WERT,Fan output of the IHKA fan output stage in%.,Gebläseleistung der Gebläseendstufe IHKA in %.,1,0,unsigned char,%,"ihx_i1.prg (OVMS dump, GPL-3.0) | ihx_i1.prg rev 1.7 (2012)",
BMW i3 / i3s (I01),Gen3 BEV (2013-2022),IHX,"Heating/AC, heat pump, HV heater",0x78,0xD941,22,read,KLP_POS_DEFROST_WERT,Reading out the setpoint and actual value of the flap position of the flap motor.,Auslesen des Soll- und Ist-Werts der Klappenposition des Klappenmotors.,2,0,,,"ihx_i1.prg (OVMS dump, GPL-3.0) | ihx_i1.prg rev 1.7 (2012)",
BMW i3 / i3s (I01),Gen3 BEV (2013-2022),IHX,"Heating/AC, heat pump, HV heater",0x78,0xD942,22,read,KLP_POS_BELUEFTUNG_WERT,Reading out the setpoint and actual value of the flap position of the flap motor.,Auslesen des Soll- und Ist-Werts der Klappenposition des Klappenmotors.,2,0,,,"ihx_i1.prg (OVMS dump, GPL-3.0) | ihx_i1.prg rev 1.7 (2012)",
BMW i3 / i3s (I01),Gen3 BEV (2013-2022),IHX,"Heating/AC, heat pump, HV heater",0x78,0xD947,22,read,KLP_POS_FUSSRAUM_WERT,Reading out the setpoint and actual value of the flap position of the flap motor.,Auslesen des Soll- und Ist-Werts der Klappenposition des Klappenmotors.,2,0,,,"ihx_i1.prg (OVMS dump, GPL-3.0) | ihx_i1.prg rev 1.7 (2012)",
BMW i3 / i3s (I01),Gen3 BEV (2013-2022),IHX,"Heating/AC, heat pump, HV heater",0x78,0xD949,22,read,KLP_POS_SCHICHTUNG_WERT,Reading out the setpoint and actual value of the flap position of the flap motor.,Auslesen des Soll- und Ist-Werts der Klappenposition des Klappenmotors.,2,0,,,"ihx_i1.prg (OVMS dump, GPL-3.0) | ihx_i1.prg rev 1.7 (2012)",
BMW i3 / i3s (I01),Gen3 BEV (2013-2022),IHX,"Heating/AC, heat pump, HV heater",0x78,0xD94A,22,read,KLP_POS_SCHICHTUNG_LI_WERT,Reading out the setpoint and actual value of the flap position of the flap motor.,Auslesen des Soll- und Ist-Werts der Klappenposition des Klappenmotors.,2,0,,,"ihx_i1.prg (OVMS dump, GPL-3.0) | ihx_i1.prg rev 1.7 (2012)",
BMW i3 / i3s (I01),Gen3 BEV (2013-2022),IHX,"Heating/AC, heat pump, HV heater",0x78,0xD94B,22,read,KLP_POS_SCHICHTUNG_RE_WERT,Reading out the setpoint and actual value of the flap position of the flap motor.,Auslesen des Soll- und Ist-Werts der Klappenposition des Klappenmotors.,2,0,,,"ihx_i1.prg (OVMS dump, GPL-3.0) | ihx_i1.prg rev 1.7 (2012)",
BMW i3 / i3s (I01),Gen3 BEV (2013-2022),IHX,"Heating/AC, heat pump, HV heater",0x78,0xD94D,22,read,KLP_POS_UMLUFT_WERT,Reading out the setpoint and actual value of the flap position of the flap motor.,Auslesen des Soll- und Ist-Werts der Klappenposition des Klappenmotors.,2,0,,,"ihx_i1.prg (OVMS dump, GPL-3.0) | ihx_i1.prg rev 1.7 (2012)",
BMW i3 / i3s (I01),Gen3 BEV (2013-2022),IHX,"Heating/AC, heat pump, HV heater",0x78,0xD950,22,read,KLP_POS_TEMP_LUFT_FOND_WERT,Reading out the setpoint and actual value of the flap position of the flap motor.,Auslesen des Soll- und Ist-Werts der Klappenposition des Klappenmotors.,2,0,,,"ihx_i1.prg (OVMS dump, GPL-3.0) | ihx_i1.prg rev 1.7 (2012)",
BMW i3 / i3s (I01),Gen3 BEV (2013-2022),IHX,"Heating/AC, heat pump, HV heater",0x78,0xD953,22,read,MOTOR_KALIBRIERLAUF,Query of the current status of the calibration run of the flap motors.,Abfrage des aktuellen Status des Kalibrierlaufs der Klappenmotoren.,22,0,,,"ihx_i1.prg (OVMS dump, GPL-3.0) | ihx_i1.prg rev 1.7 (2012)",
BMW i3 / i3s (I01),Gen3 BEV (2013-2022),IHX,"Heating/AC, heat pump, HV heater",0x78,0xD954,22,read,SELBSTTEST_SCHRITTMOTORE,"Status of stepper motor self-tests: 0 = not started / not requested, 1 = test is currently running, 2 = test successfully completed, 3 = test not completed successfully","Status Schrittmotorenselbsttests: 0 = nicht gestartet/nicht angefordert, 1 = Test läuft gerade, 2 = Test erfolgreich abgeschlossen, 3 = Test nicht erfolgreich abgeschlossen",1,0,unsigned char,0-n,"ihx_i1.prg (OVMS dump, GPL-3.0) | ihx_i1.prg rev 1.7 (2012)",
BMW i3 / i3s (I01),Gen3 BEV (2013-2022),IHX,"Heating/AC, heat pump, HV heater",0x78,0xD957,22,read,TEMP_BELUEFTUNG_LINKS_WERT,"Left ventilation flap temperature If the sensor is defective or unplugged, the value 127 is returned",Temperatur Belüftungsklappe links Bei defektem oder abgesteckten Sensor wird der Wert 127 zurück geliefert,1,0,signed char,°C,"ihx_i1.prg (OVMS dump, GPL-3.0) | ihx_i1.prg rev 1.7 (2012)",
BMW i3 / i3s (I01),Gen3 BEV (2013-2022),IHX,"Heating/AC, heat pump, HV heater",0x78,0xD958,22,read,TEMP_BELUEFTUNG_RECHTS_WERT,"Right ventilation flap temperature If the sensor is defective or unplugged, the value 127 is returned",Temperatur Belüftungsklappe rechts Bei defektem oder abgesteckten Sensor wird der Wert 127 zurück geliefert,1,0,signed char,°C,"ihx_i1.prg (OVMS dump, GPL-3.0) | ihx_i1.prg rev 1.7 (2012)",
BMW i3 / i3s (I01),Gen3 BEV (2013-2022),IHX,"Heating/AC, heat pump, HV heater",0x78,0xD959,22,read,DRUCKSENSOR_VORHANDEN,"Indicates whether a pressure sensor is installed for R134A: 0 = not available, 1 = available","Gibt aus, ob ein Drucksensor für R134A verbaut ist: 0 = nicht vorhanden, 1 = vorhanden",1,0,unsigned char,0/1,"ihx_i1.prg (OVMS dump, GPL-3.0) | ihx_i1.prg rev 1.7 (2012)",
BMW i3 / i3s (I01),Gen3 BEV (2013-2022),IHX,"Heating/AC, heat pump, HV heater",0x78,0xD95A,22,read,VORHANDEN_WASSERVENTIL,Water valve available,Wasserventil vorhanden,2,0,,,"ihx_i1.prg (OVMS dump, GPL-3.0) | ihx_i1.prg rev 1.7 (2012)",
BMW i3 / i3s (I01),Gen3 BEV (2013-2022),IHX,"Heating/AC, heat pump, HV heater",0x78,0xD95C,22,read,TEMP_VERDAMPFER_WERT,"Temperature sensor evaporator If the sensor is defective or unplugged, the value 127 is returned",Temperaturfühler Verdampfer Bei defektem oder abgesteckten Sensor wird der Wert 127 zurück geliefert,1,0,signed char,°C,"ihx_i1.prg (OVMS dump, GPL-3.0) | ihx_i1.prg rev 1.7 (2012)",
BMW i3 / i3s (I01),Gen3 BEV (2013-2022),IHX,"Heating/AC, heat pump, HV heater",0x78,0xD960,22,read,BUS_IN_KOMPRESSORFREIGABE,"Air conditioning compressor release from the engine electronics: 0 = not released, 1 = released","Klimakompressorfreigabe von der Motorelektronik: 0 = nicht freigegeben, 1 = Freigabe erteilt",1,0,unsigned char,0/1,"ihx_i1.prg (OVMS dump, GPL-3.0) | ihx_i1.prg rev 1.7 (2012)",
BMW i3 / i3s (I01),Gen3 BEV (2013-2022),IHX,"Heating/AC, heat pump, HV heater",0x78,0xD962,22,read,BUS_IN_SOLARSENSOR_WERT,BUS signal solar sensor,BUS-Signal Solarsensor,2,0,,,"ihx_i1.prg (OVMS dump, GPL-3.0) | ihx_i1.prg rev 1.7 (2012)",
BMW i3 / i3s (I01),Gen3 BEV (2013-2022),IHX,"Heating/AC, heat pump, HV heater",0x78,0xD964,22,read,BUS_IN_AUC_SENSOR_WERT,Load level from the AUC sensor,Belastungsstufe vom AUC-Sensor,1,0,unsigned char,Stufe,"ihx_i1.prg (OVMS dump, GPL-3.0) | ihx_i1.prg rev 1.7 (2012)",
BMW i3 / i3s (I01),Gen3 BEV (2013-2022),IHX,"Heating/AC, heat pump, HV heater",0x78,0xD966,22,read,BUS_IN_BESCHLAGSENSOR_WERT,PMW signal condensation sensor,PMW-Signal Beschlagssensor,1,0,unsigned char,%,"ihx_i1.prg (OVMS dump, GPL-3.0) | ihx_i1.prg rev 1.7 (2012)",
BMW i3 / i3s (I01),Gen3 BEV (2013-2022),IHX,"Heating/AC, heat pump, HV heater",0x78,0xD968,22,read,BUS_IN_KAELTEMITTELDRUCK_WERT,Refrigerant pressure for R134A,Kältemitteldruck für R134A,1,0,unsigned char,bar,"ihx_i1.prg (OVMS dump, GPL-3.0) | ihx_i1.prg rev 1.7 (2012)",
BMW i3 / i3s (I01),Gen3 BEV (2013-2022),IHX,"Heating/AC, heat pump, HV heater",0x78,0xD96B,22,read,BUS_IN_TEMP_AUSSEN_WERT,Outside temperature,Außentemperatur,1,0,signed int,°C,"ihx_i1.prg (OVMS dump, GPL-3.0) | ihx_i1.prg rev 1.7 (2012)",
BMW i3 / i3s (I01),Gen3 BEV (2013-2022),IHX,"Heating/AC, heat pump, HV heater",0x78,0xD96D,22,read,BESCHLAGSENSOR_VORHANDEN,0: Condensation sensor not available / coded 1: Condensation sensor available / coded,0: Beschlagsensor nicht vorhanden / codiert   1: Beschlagsensor vorhanden / codiert,1,0,unsigned char,0/1,"ihx_i1.prg (OVMS dump, GPL-3.0) | ihx_i1.prg rev 1.7 (2012)",
BMW i3 / i3s (I01),Gen3 BEV (2013-2022),IHX,"Heating/AC, heat pump, HV heater",0x78,0xD96F,2E;22,read/write,FRONTSCHEIBENHEIZUNG,Windshield heating,Frontscheibenheizung,1,2,unsigned char,0/1,"ihx_i1.prg (OVMS dump, GPL-3.0)",
BMW i3 / i3s (I01),Gen3 BEV (2013-2022),IHX,"Heating/AC, heat pump, HV heater",0x78,0xD977,22,read,KLIMA_TEMPERATUR_SOLLWERT,Output of the setpoint temperature (left and right) of the air conditioning system.,Ausgabe der eingestellten Sollwert-Temperatur (links und rechts) der Klimaanlage.,2,0,,,"ihx_i1.prg (OVMS dump, GPL-3.0) | ihx_i1.prg rev 1.7 (2012)",
BMW i3 / i3s (I01),Gen3 BEV (2013-2022),IHX,"Heating/AC, heat pump, HV heater",0x78,0xD978,2E,write,STEUERN_EINZELADRESSIERUNG,Address assignment to individual motors.,Adressvergabe an einzelnen Motor.,0,5,,,"ihx_i1.prg (OVMS dump, GPL-3.0) | ihx_i1.prg rev 1.7 (2012)",
BMW i3 / i3s (I01),Gen3 BEV (2013-2022),IHX,"Heating/AC, heat pump, HV heater",0x78,0xD97B,22,read,KLIMA_LIN_1_ADRESSEN,Reading of all addressable LIN addresses of the LIN bus system.,Lesen aller ansprechbaren LIN-Adressen des LIN-Bus-System.,18,0,,,"ihx_i1.prg (OVMS dump, GPL-3.0) | ihx_i1.prg rev 1.7 (2012)",
BMW i3 / i3s (I01),Gen3 BEV (2013-2022),IHX,"Heating/AC, heat pump, HV heater",0x78,0xD97C,2F,io-control,STEUERN_RESET_LIN,Resetting the LIN bus with switching off the LIN supply voltage.,Rücksetzen des LIN-Bus mit Wegschalten der LIN-Versorgungsspannung.,0,0,,,"ihx_i1.prg (OVMS dump, GPL-3.0) | ihx_i1.prg rev 1.7 (2012)",
BMW i3 / i3s (I01),Gen3 BEV (2013-2022),IHX,"Heating/AC, heat pump, HV heater",0x78,0xD980,22,read,KLAPPEN_VERSTELLBEREICH,Reading out the adjustment range of the individual flaps as increments that could be determined via the calibration run.,"Auslesen des Verstellbereichs der einzelnen Klappen als Inkremente, die über den Eichlauf ermittelt werden konnten.",20,0,,,"ihx_i1.prg (OVMS dump, GPL-3.0) | ihx_i1.prg rev 1.7 (2012)",
BMW i3 / i3s (I01),Gen3 BEV (2013-2022),IHX,"Heating/AC, heat pump, HV heater",0x78,0xD981,2F,io-control,STEUERN_AUTOADR_KLAPPENMOTOREN,Starts the auto addressing to assign the motor addresses in the system based on the sequence of the connections on the wiring harness.,Startet die Autoadressierung zur Vergabe der Motoradressen im System anhand der Reihenfolge der Anschlüsse am Kabelbaum.,0,0,,,"ihx_i1.prg (OVMS dump, GPL-3.0) | ihx_i1.prg rev 1.7 (2012)",
BMW i3 / i3s (I01),Gen3 BEV (2013-2022),IHX,"Heating/AC, heat pump, HV heater",0x78,0xD988,22,read,KLIMA_TEMPERATUR_MITTE_SOLLWERT,Output of the set target temperature,Ausgabe der eingestellten Sollwert-Temperatur,1,0,unsigned char,°C,"ihx_i1.prg (OVMS dump, GPL-3.0) | ihx_i1.prg rev 1.7 (2012)",
BMW i3 / i3s (I01),Gen3 BEV (2013-2022),IHX,"Heating/AC, heat pump, HV heater",0x78,0xD98A,22,read,KLP_POS_MISCHLUFT_WERT,Reading out the setpoint and actual value of the flap position of the flap motor.,Auslesen des Soll- und Ist-Werts der Klappenposition des Klappenmotors.,2,0,,,"ihx_i1.prg (OVMS dump, GPL-3.0) | ihx_i1.prg rev 1.7 (2012)",
BMW i3 / i3s (I01),Gen3 BEV (2013-2022),IHX,"Heating/AC, heat pump, HV heater",0x78,0xD98B,22,read,KLP_POS_ZENTRALANTRIEB_WERT,Reading out the setpoint and actual value of the motor for the central drive with link plate.,Auslesen des Soll- und Ist-Werts des Motors für den Zentralantrieb mit Kulissenscheibe.,2,0,,,"ihx_i1.prg (OVMS dump, GPL-3.0) | ihx_i1.prg rev 1.7 (2012)",
BMW i3 / i3s (I01),Gen3 BEV (2013-2022),IHX,"Heating/AC, heat pump, HV heater",0x78,0xD98C,22,read,KLP_POS_MISCHLUFT_LINKS_WERT,Reading out the setpoint and actual value of the flap position of the flap motor.,Auslesen des Soll- und Ist-Werts der Klappenposition des Klappenmotors.,2,0,,,"ihx_i1.prg (OVMS dump, GPL-3.0) | ihx_i1.prg rev 1.7 (2012)",
BMW i3 / i3s (I01),Gen3 BEV (2013-2022),IHX,"Heating/AC, heat pump, HV heater",0x78,0xD98E,22,read,KLP_POS_MISCHLUFT_RECHTS_WERT,Reading out the setpoint and actual value of the flap position of the flap motor.,Auslesen des Soll- und Ist-Werts der Klappenposition des Klappenmotors.,2,0,,,"ihx_i1.prg (OVMS dump, GPL-3.0) | ihx_i1.prg rev 1.7 (2012)",
BMW i3 / i3s (I01),Gen3 BEV (2013-2022),IHX,"Heating/AC, heat pump, HV heater",0x78,0xD98F,22,read,MIKROSCHALTER_ZENTRALANTRIEB,"Output of the status of the microswitch on the central drive: 0 = OFF, 1 = ON","Ausgabe des Status des Mikroschalters am Zentralantrieb:  0 = AUS, 1 = EIN",1,0,unsigned char,0/1,"ihx_i1.prg (OVMS dump, GPL-3.0) | ihx_i1.prg rev 1.7 (2012)",
BMW i3 / i3s (I01),Gen3 BEV (2013-2022),IHX,"Heating/AC, heat pump, HV heater",0x78,0xD990,22,read,TEMP_BELUEFTUNG_WERT,Ventilation temperature sensor,Temperaturfühler Belüftung,1,0,signed char,°C,"ihx_i1.prg (OVMS dump, GPL-3.0) | ihx_i1.prg rev 1.7 (2012)",
BMW i3 / i3s (I01),Gen3 BEV (2013-2022),IHX,"Heating/AC, heat pump, HV heater",0x78,0xD991,22,read,TEMP_FUSSRAUM_WERT,Footwell temperature sensor,Temperaturfühler Fussraum,1,0,signed char,°C,"ihx_i1.prg (OVMS dump, GPL-3.0) | ihx_i1.prg rev 1.7 (2012)",
BMW i3 / i3s (I01),Gen3 BEV (2013-2022),IHX,"Heating/AC, heat pump, HV heater",0x78,0xD995,22,read,VORHANDEN_AUDIOBEDIENTEIL,0 = not available 1 = available,0=nicht vorhanden 1=vorhanden,1,0,signed int,0/1,"ihx_i1.prg (OVMS dump, GPL-3.0) | ihx_i1.prg rev 1.7 (2012)",
BMW i3 / i3s (I01),Gen3 BEV (2013-2022),IHX,"Heating/AC, heat pump, HV heater",0x78,0xD998,22,read,POTI_SCHICHTUNG_MITTE_WERT,Potentiometer stratification ventilation: 0 ... 100%,Potentiometer Schichtung Belüftung: 0 ... 100%,1,0,unsigned char,%,"ihx_i1.prg (OVMS dump, GPL-3.0) | ihx_i1.prg rev 1.7 (2012)",
BMW i3 / i3s (I01),Gen3 BEV (2013-2022),IHX,"Heating/AC, heat pump, HV heater",0x78,0xD99C,22,read,MOT_POS_BEL_FUSS_LI_RE_WERT,Reading out the setpoint and actual values for the central drive for ventilation and footwell.,Auslesen der Soll- und Ist-Werte für den Zentralantrieb für Belüftung und Fussraum.,4,0,,,"ihx_i1.prg (OVMS dump, GPL-3.0) | ihx_i1.prg rev 1.7 (2012)",
BMW i3 / i3s (I01),Gen3 BEV (2013-2022),IHX,"Heating/AC, heat pump, HV heater",0x78,0xD9A0,22,read,VARIANTE_AUDIOBEDIENTEIL,"For the audio control version, see table TAB_VARIANTE_AUDIOBEDIENTEIL",Variante Audiobedienteil siehe Tabelle TAB_VARIANTE_AUDIOBEDIENTEIL,1,0,unsigned char,0-n,"ihx_i1.prg (OVMS dump, GPL-3.0) | ihx_i1.prg rev 1.7 (2012)",
BMW i3 / i3s (I01),Gen3 BEV (2013-2022),IHX,"Heating/AC, heat pump, HV heater",0x78,0xD9A1,22,read,BUS_OUT_KOMPRESSORKUPPLUNG_EIN,Signal for the request to the compressor clutch 0 = clutch open 1 = clutch closed,Signal für die Anforderung an die Kompressorkupplung 0 = Kupplung offen 1 = Kupplung geschlossen,1,0,unsigned char,0/1,"ihx_i1.prg (OVMS dump, GPL-3.0) | ihx_i1.prg rev 1.7 (2012)",
BMW i3 / i3s (I01),Gen3 BEV (2013-2022),IHX,"Heating/AC, heat pump, HV heater",0x78,0xD9A4,22,read,VORHANDEN_EKMV,Electric refrigerant compressor: see table TAB_KMV_HYBRID_GENERATION,Elektrischer Kältemittelverdichter: siehe Tabelle TAB_KMV_HYBRID_GENERATION,1,0,unsigned char,0-n,"ihx_i1.prg (OVMS dump, GPL-3.0) | ihx_i1.prg rev 1.7 (2012)",
BMW i3 / i3s (I01),Gen3 BEV (2013-2022),IHX,"Heating/AC, heat pump, HV heater",0x78,0xD9A6,2E,write,STEUERN_ZENTRALANTRIEB,Control of central drives,Ansteuerung von Zentralantrieben,0,2,,,"ihx_i1.prg (OVMS dump, GPL-3.0) | ihx_i1.prg rev 1.7 (2012)",
BMW i3 / i3s (I01),Gen3 BEV (2013-2022),IHX,"Heating/AC, heat pump, HV heater",0x78,0xD9A7,22;2E,read/write,FREIGABE_KOMPRESSOREINLAUF,Release for compressor inlet,Freigabe für Kompressoreinlauf,1,1,unsigned char,0/1,"ihx_i1.prg (OVMS dump, GPL-3.0)",
BMW i3 / i3s (I01),Gen3 BEV (2013-2022),IHX,"Heating/AC, heat pump, HV heater",0x78,0xD9A8,22,read,KLIMA_VORN_PRG_HFS,Functional status of front window heating: 0 = OFF 1 = ON,Funktionszustand Frontscheibenheizung: 0 = AUS 1 = EIN,1,0,unsigned char,0/1,"ihx_i1.prg (OVMS dump, GPL-3.0) | ihx_i1.prg rev 1.7 (2012)",
BMW i3 / i3s (I01),Gen3 BEV (2013-2022),IHX,"Heating/AC, heat pump, HV heater",0x78,0xD9AC,22,read,WAERMEPUMPE_SENSOREN,Heat pump sensors,Sensoren der Wärmepumpe,7,0,,,"ihx_i1.prg (OVMS dump, GPL-3.0) | ihx_i1.prg rev 1.7 (2012)",
BMW i3 / i3s (I01),Gen3 BEV (2013-2022),IHX,"Heating/AC, heat pump, HV heater",0x78,0xD9AD,22;2E,read/write,WAERMEPUMPE_VENTILE,Heat pump valves,Ventile der Wärmepumpe,7,7,,,"ihx_i1.prg (OVMS dump, GPL-3.0)",
BMW i3 / i3s (I01),Gen3 BEV (2013-2022),IHX,"Heating/AC, heat pump, HV heater",0x78,0xD9AE,22,read,VORHANDEN_EDH,0x00 = eDH not available 0x01 = eDH available,0x00 = eDH nicht vorhanden 0x01 = eDH vorhanden,1,0,unsigned char,0/1,"ihx_i1.prg (OVMS dump, GPL-3.0) | ihx_i1.prg rev 1.7 (2012)",
BMW i3 / i3s (I01),Gen3 BEV (2013-2022),IHX,"Heating/AC, heat pump, HV heater",0x78,0xD9AF,22,read,VORHANDEN_WAERMEPUMPE,0x00 = heat pump not available 0x01 = heat pump available,0x00 = Wärmepumpe nicht vorhanden 0x01 = Wärmepumpe vorhanden,1,0,unsigned char,0/1,"ihx_i1.prg (OVMS dump, GPL-3.0) | ihx_i1.prg rev 1.7 (2012)",
BMW i3 / i3s (I01),Gen3 BEV (2013-2022),IHX,"Heating/AC, heat pump, HV heater",0x78,0xD9B1,22,read,VORHANDEN_FSH,0x00 = front window heating not available 0x01 = front window heating available,0x00 = Frontscheibenheizung nicht vorhanden 0x01 = Frontscheibenheizung vorhanden,1,0,unsigned char,0/1,"ihx_i1.prg (OVMS dump, GPL-3.0) | ihx_i1.prg rev 1.7 (2012)",
BMW i3 / i3s (I01),Gen3 BEV (2013-2022),IHX,"Heating/AC, heat pump, HV heater",0x78,0xD9DE,2E;22,read/write,WAERMEPUMPE_ZWP,Additional water pump of the heat pump,Zusatzwasserpumpe der Wärmepumpe,1,2,unsigned char,%,"ihx_i1.prg (OVMS dump, GPL-3.0) | ihx_i1.prg rev 1.7 (2012)",
BMW i3 / i3s (I01),Gen3 BEV (2013-2022),IHX,"Heating/AC, heat pump, HV heater",0x78,0xD9DF,2E,write,WAERMEPUMPE_EINZELNE_VENTILE,Control of individual valves of the heat pump,Ansteuerung einzelner Ventile der Wärmepumpe,0,2,,,"ihx_i1.prg (OVMS dump, GPL-3.0) | ihx_i1.prg rev 1.7 (2012)",
BMW i3 / i3s (I01),Gen3 BEV (2013-2022),IHX,"Heating/AC, heat pump, HV heater",0x78,0xDAD8,22,read,SPANNUNG_KLEMME_30_WERT,Voltage value on the control unit at terminal 30 (accurate to one decimal place),Spannungswert am Steuergerät an Klemme 30 (auf eine Nachkommastelle genau),1,0,signed int,V,"ihx_i1.prg (OVMS dump, GPL-3.0) | ihx_i1.prg rev 1.7 (2012)",
BMW i3 / i3s (I01),Gen3 BEV (2013-2022),IHX,"Heating/AC, heat pump, HV heater",0x78,0xDAFD,22,read,STATUS_KLEMME_R_EIN,"Status of terminal R in the control unit: 0 = OFF, 1 = ON","Status Klemme R im Steuergerät: 0=AUS, 1=EIN",1,0,signed int,0/1,"ihx_i1.prg (OVMS dump, GPL-3.0) | ihx_i1.prg rev 1.7 (2012)",
BMW i3 / i3s (I01),Gen3 BEV (2013-2022),IHX,"Heating/AC, heat pump, HV heater",0x78,0xDAFE,22,read,STATUS_KLEMME_15_EIN,Status of terminal 15 in the control unit: 0 = OFF; 1 = ON,Status Klemme 15 im Steuergerät: 0=AUS; 1=EIN,1,0,signed int,0/1,"ihx_i1.prg (OVMS dump, GPL-3.0) | ihx_i1.prg rev 1.7 (2012)",
BMW i3 / i3s (I01),Gen3 BEV (2013-2022),IHX,"Heating/AC, heat pump, HV heater",0x78,0xDB06,22,read,STATUS_KLEMME_30B_EIN,Status of terminal 30B in the control unit: 0 = OFF; 1 = ON,Status Klemme 30B im Steuergerät: 0=AUS; 1=EIN,1,0,signed int,0/1,"ihx_i1.prg (OVMS dump, GPL-3.0) | ihx_i1.prg rev 1.7 (2012)",
BMW i3 / i3s (I01),Gen3 BEV (2013-2022),IHX,"Heating/AC, heat pump, HV heater",0x78,0xDB10,22,read,STATUS_KLEMME_50_EIN,Status of terminal 50 in the control unit: 0 = OFF; 1 = ON,Status Klemme 50 im Steuergerät: 0=AUS; 1=EIN,1,0,signed int,0/1,"ihx_i1.prg (OVMS dump, GPL-3.0) | ihx_i1.prg rev 1.7 (2012)",
BMW i3 / i3s (I01),Gen3 BEV (2013-2022),IHX,"Heating/AC, heat pump, HV heater",0x78,0xDFC0,22,read,HV_EDH_STECKVERBINDUNG,Status high-voltage plug connection: See table TAB_HV_STECKVERBINDUNG,Status Hochvolt-Steckverbindung: Siehe Tabelle TAB_HV_STECKVERBINDUNG,1,0,unsigned char,0-n,"ihx_i1.prg (OVMS dump, GPL-3.0)",
BMW i3 / i3s (I01),Gen3 BEV (2013-2022),IHX,"Heating/AC, heat pump, HV heater",0x78,0xDFC1,22,read,HV_EKMV_STECKVERBINDUNG,Status high-voltage plug connection: See table TAB_HV_STECKVERBINDUNG,Status Hochvolt-Steckverbindung: Siehe Tabelle TAB_HV_STECKVERBINDUNG,1,0,unsigned char,0-n,"ihx_i1.prg (OVMS dump, GPL-3.0)",
BMW i3 / i3s (I01),Gen3 BEV (2013-2022),IHX,"Heating/AC, heat pump, HV heater",0x78,0x4001,2F,io-control,UWB_CPD_DIAGINFO,Environmental conditions for HV battery cooling performance,Umweltbedingungen zum HV-Batterie Kühlperformance,0,0,,,"ihx_i1.prg (OVMS dump, GPL-3.0)",
BMW i3 / i3s (I01),Gen3 BEV (2013-2022),IHX,"Heating/AC, heat pump, HV heater",0x78,0x4002,22,read,UWB_HKLUSV_DIAGINFO,Diagnostic status of the heating circuit switching valve. Distinction stuck open / closed.,Diagnosezustand der Heizkreislaufumschaltventil. Unterscheidung klemmt offen / zu.,10,0,,,"ihx_i1.prg (OVMS dump, GPL-3.0)",
BMW i3 / i3s (I01),Gen3 BEV (2013-2022),IHX,"Heating/AC, heat pump, HV heater",0x78,0x4010,22,read,_ADC_EINGAENGE_WERT,Return value of ADC converter for all analogue input: STAT_ADC_VERDAMPFER_WERT for TEMP_SENS_VERD,Return value of ADC converter for all analogue input: STAT_ADC_VERDAMPFER_WERT  for TEMP_SENS_VERD,11,0,,,"ihx_i1.prg (OVMS dump, GPL-3.0)",
BMW i3 / i3s (I01),Gen3 BEV (2013-2022),IHX,"Heating/AC, heat pump, HV heater",0x78,0x4011,22,read,_STAT_STANDHEIZUNG_WERT,Return the value of the parking heater ECU input: WAKESH,Return the value of the parking-heater ECU input:  WAKESH,1,0,unsigned char,HEX,"ihx_i1.prg (OVMS dump, GPL-3.0)",
BMW i3 / i3s (I01),Gen3 BEV (2013-2022),IHX,"Heating/AC, heat pump, HV heater",0x78,0x4012,22,read,_STANDHEIZUNG_AUSGANG,Command the ECU output OUTPUT_SH,Command the ECU output OUTPUT_SH,3,0,,,"ihx_i1.prg (OVMS dump, GPL-3.0)",
BMW i3 / i3s (I01),Gen3 BEV (2013-2022),IHX,"Heating/AC, heat pump, HV heater",0x78,0x4018,2E,write,_VALEO_ENABLE,Enable all Valeo Diag Write jobs: _STEUERN_xx until reset,Enable all Valeo Diag Write jobs: _STEUERN_xx until reset,0,1,,,"ihx_i1.prg (OVMS dump, GPL-3.0)",
BMW i3 / i3s (I01),Gen3 BEV (2013-2022),IHX,"Heating/AC, heat pump, HV heater",0x78,0x4019,2E;22,read/write,_VALEO_PCB_HW_NUMBER,PCB / Electronic nomenclature index: industrial folder revision,PCB / Electronic nomenclature index: industrial folder revision,1,1,unsigned int,HEX,"ihx_i1.prg (OVMS dump, GPL-3.0)",
BMW i3 / i3s (I01),Gen3 BEV (2013-2022),IHX,"Heating/AC, heat pump, HV heater",0x78,0x401A,2E;22,read/write,_VALEO_PCB_PRODUCTION_DATA,Production date,Production date,3,3,,,"ihx_i1.prg (OVMS dump, GPL-3.0)",
BMW i3 / i3s (I01),Gen3 BEV (2013-2022),IHX,"Heating/AC, heat pump, HV heater",0x78,0x401B,2E;22,read/write,_VALEO_PART_NUMBER,Valeo part number,Valeo part number,1,1,unsigned long,HEX,"ihx_i1.prg (OVMS dump, GPL-3.0)",
BMW i3 / i3s (I01),Gen3 BEV (2013-2022),IHX,"Heating/AC, heat pump, HV heater",0x78,0x401C,2E;22,read/write,_VALEO_PART_NUMBER_INDEX,Valeo part number index,Valeo part number index,1,1,unsigned char,HEX,"ihx_i1.prg (OVMS dump, GPL-3.0)",
BMW i3 / i3s (I01),Gen3 BEV (2013-2022),IHX,"Heating/AC, heat pump, HV heater",0x78,0x401D,2E;22,read/write,_VALEO_SERIAL_NUMBER,serial number of the PCB to be set at 0 at the beginning of each day,serial number of the PCB to be set at 0at beginning of each day,1,1,unsigned long,HEX,"ihx_i1.prg (OVMS dump, GPL-3.0)",
BMW i3 / i3s (I01),Gen3 BEV (2013-2022),IHX,"Heating/AC, heat pump, HV heater",0x78,0x401E,2E;22,read/write,_ICT_STEP_COUNTER,"indicates if product passed ICT (In Circuit Tester) and functional tests successfully or not. At the end of ICT, when the product is successfully tested, write 0x01 in the step counter address. At the end of Final Tester, when product is successfully tested, write 0x03 in the step counter address","indicates if product passed ICT (In Circuit Tester) and functional tests successfully or not. At end of ICT, when product is successfully tested, write 0x01 in the step counter address. At end of Final Tester, when product is successfully tested, write 0x03 in the step counter address",1,1,unsigned char,HEX,"ihx_i1.prg (OVMS dump, GPL-3.0)",
BMW i3 / i3s (I01),Gen3 BEV (2013-2022),IHX,"Heating/AC, heat pump, HV heater",0x78,0x401F,2E,write,_HWAP_ID,1st byte of HWAP ID,1st Byte of HWAP ID,0,4,,,"ihx_i1.prg (OVMS dump, GPL-3.0)",
BMW i3 / i3s (I01),Gen3 BEV (2013-2022),IHX,"Heating/AC, heat pump, HV heater",0x78,0x4020,22,read,_VALEO_LESEN_SPEICHER,MEMORY BLOCK,SPEICHER BLOCK,1,0,unsigned char,0-n,"ihx_i1.prg (OVMS dump, GPL-3.0)",
BMW i3 / i3s (I01),Gen3 BEV (2013-2022),IHX,"Heating/AC, heat pump, HV heater",0x78,0x4021,2E,write,_VALEO_LESEN_SCHREIBEN,Write EERPOM values at block number,Write EERPOM values at block number,0,5,,,"ihx_i1.prg (OVMS dump, GPL-3.0)",
BMW i3 / i3s (I01),Gen3 BEV (2013-2022),IHX,"Heating/AC, heat pump, HV heater",0x78,0x4023,2E,write,_HWAP_VERSION,HWAP VERSION,HWAP VERSION,0,3,,,"ihx_i1.prg (OVMS dump, GPL-3.0)",
BMW i3 / i3s (I01),Gen3 BEV (2013-2022),IHX,"Heating/AC, heat pump, HV heater",0x78,0x2541,22,read,STATUS_CALCVN,Read out Cal-ID (Calibration-ID) and CVN (Calibration Verification Number). (OBD scopes) Byte layout: 20 bytes long 00-15 = STAT_CALID_WERT 16-19 = STAT_CVN_EINH as Hex unit32 in Intel format,Cal-ID (Calibration-ID) und CVN(Calibration Verification Number) auslesen. (OBD-Umfänge)   Byte-Layout: 20 Byte lang 00-15 = STAT_CALID_WERT 16-19 = STAT_CVN_EINH als Hex  unit32 im Intel Format,2,0,,,ihx_i1.prg rev 1.7 (2012),yes
BMW i3 / i3s (I01),Gen3 BEV (2013-2022),IHX,"Heating/AC, heat pump, HV heater",0x78,0xD592,22;2E,read/write,FBM_SENS_TASTEN,FBM sensors,FBM-Sensorik,8,2,,,ihx_i1.prg rev 1.7 (2012),yes
BMW i3 / i3s (I01),Gen3 BEV (2013-2022),IHX,"Heating/AC, heat pump, HV heater",0x78,0xD86F,22;2E,read/write,KLIMA_TASTEN_VORN,Climate control panel buttons,Tasten Klimabedienfeld,30,2,,,ihx_i1.prg rev 1.7 (2012),yes
BMW i3 / i3s (I01),Gen3 BEV (2013-2022),IHX,"Heating/AC, heat pump, HV heater",0x78,0xD89D,22,read,BUS_OUT_WASSERVENTIL_PWM_WERT,"Bus signal, dual water valve",Bussignal Duo Wasserventil,2,0,,,ihx_i1.prg rev 1.7 (2012),yes
BMW i3 / i3s (I01),Gen3 BEV (2013-2022),IHX,"Heating/AC, heat pump, HV heater",0x78,0xD8B5,22;2E,read/write,AUDIO_TASTEN,Audio control panel buttons,Tasten Audiobedienfeld,6,2,,,ihx_i1.prg rev 1.7 (2012),yes
BMW i3 / i3s (I01),Gen3 BEV (2013-2022),IHX,"Heating/AC, heat pump, HV heater",0x78,0xD8C1,22;2E,read/write,LEDS_KLIMA_VORN,LEDs climate control panel,LEDs Klimabedienfeld,18,2,,,ihx_i1.prg rev 1.7 (2012),yes
BMW i3 / i3s (I01),Gen3 BEV (2013-2022),IHX,"Heating/AC, heat pump, HV heater",0x78,0xD8C7,2E;22,read/write,EKMV_AKS_GEN20,Insulation test eKMV,Isolationsprüfung eKMV,1,1,unsigned char,0-n,ihx_i1.prg rev 1.7 (2012),yes
BMW i3 / i3s (I01),Gen3 BEV (2013-2022),IHX,"Heating/AC, heat pump, HV heater",0x78,0xD900,22,read,BUS_OUT_WASSERVENTIL_MONO_PWM_WERT,PWM value water valve in percent,PWM-Wert Wasserventil in Prozent,1,0,unsigned char,%,ihx_i1.prg rev 1.7 (2012),yes
BMW i3 / i3s (I01),Gen3 BEV (2013-2022),IHX,"Heating/AC, heat pump, HV heater",0x78,0xD918,22;2E,read/write,EINLAUFSCHUTZ_KOMPRESSOR,"Output of the run-in protection status for the A/C compressor, or writing of the new status. This status is only reset after the run-in process is fully complete.",Ausgabe des Status des Einlaufschutzes für den Klimakompressor oder schreiben des  neuen Status. Erst nach vollständigem Einlauf  wird dieser Status zurückgesetzt.,2,1,,,ihx_i1.prg rev 1.7 (2012),yes
BMW i3 / i3s (I01),Gen3 BEV (2013-2022),IHX,"Heating/AC, heat pump, HV heater",0x78,0xD96F,22;2E,read/write,FRONTSCHEIBENHEIZUNG,Windshield heating,Frontscheibenheizung,1,2,unsigned char,0/1,ihx_i1.prg rev 1.7 (2012),yes
BMW i3 / i3s (I01),Gen3 BEV (2013-2022),IHX,"Heating/AC, heat pump, HV heater",0x78,0xD9A7,2E;22,read/write,FREIGABE_KOMPRESSOREINLAUF,Release for compressor inlet,Freigabe für Kompressoreinlauf,1,1,unsigned char,0/1,ihx_i1.prg rev 1.7 (2012),yes
BMW i3 / i3s (I01),Gen3 BEV (2013-2022),IHX,"Heating/AC, heat pump, HV heater",0x78,0xD9AD,2E;22,read/write,WAERMEPUMPE_VENTILE,Heat pump valves,Ventile der Wärmepumpe,7,7,,,ihx_i1.prg rev 1.7 (2012),yes
BMW i3 / i3s (I01),Gen3 BEV (2013-2022),IHX,"Heating/AC, heat pump, HV heater",0x78,0x4002,22,read,_STATUS_AUTOADRESIERUNG_MOTOREN,Auto-addressing of the LIN motors,Autoadressierung des LIN Motoren,10,0,,,ihx_i1.prg rev 1.7 (2012),yes
BMW i3 / i3s (I01),Gen3 BEV (2013-2022),IHX,"Heating/AC, heat pump, HV heater",0x78,0x4010,22,read,_STATUS_ADC_EINGAENGE_WERT,Return value of ADC converter for all analogue input: STAT_ADC_VERDAMPFER_WERT for TEMP_SENS_VERD,Return value of ADC converter for all analogue input: STAT_ADC_VERDAMPFER_WERT  for TEMP_SENS_VERD,11,0,,,ihx_i1.prg rev 1.7 (2012),yes
BMW i3 / i3s (I01),Gen3 BEV (2013-2022),EDME,Vehicle control unit / 12V energy mgmt,0x12,0xA1D0,31,routine,ENTLUEFTUNG_KUEHLSYSTEM,"Ventilation routine for cooling system, only for F56 BEV","Entlüftungsroutine für Kühlsystem, nur für F56 BEV",2,0,,,"edmei1.prg (OVMS dump, GPL-3.0)",
BMW i3 / i3s (I01),Gen3 BEV (2013-2022),EDME,Vehicle control unit / 12V energy mgmt,0x12,0xADC2,31,routine,ELUE,Control of electric fans,Ansteuerung E-Lüfter,2,1,,,"edmei1.prg (OVMS dump, GPL-3.0) | edmei1.prg rev 2.345 (2012)",
BMW i3 / i3s (I01),Gen3 BEV (2013-2022),EDME,Vehicle control unit / 12V energy mgmt,0x12,0xADC6,31,routine,ELUE_ZUSATZLUEFTER,Control of additional fan,Ansteuerung Zusatzlüfter,2,1,,,"edmei1.prg (OVMS dump, GPL-3.0) | edmei1.prg rev 2.345 (2012)",
BMW i3 / i3s (I01),Gen3 BEV (2013-2022),EDME,Vehicle control unit / 12V energy mgmt,0x12,0xADC7,31,routine,ELUE_RELAIS,Control relay for electric fan,Ansteuerung Relais E-Lüfter,1,1,unsigned char,0-n,"edmei1.prg (OVMS dump, GPL-3.0) | edmei1.prg rev 2.345 (2012)",
BMW i3 / i3s (I01),Gen3 BEV (2013-2022),EDME,Vehicle control unit / 12V energy mgmt,0x12,0xADC8,31,routine,ELUE_ZUSATZLUEFTER_RELAIS,Control relay of additional fan,Ansteuerung Relais Zusatzlüfter,1,1,unsigned char,0-n,"edmei1.prg (OVMS dump, GPL-3.0) | edmei1.prg rev 2.345 (2012)",
BMW i3 / i3s (I01),Gen3 BEV (2013-2022),EDME,Vehicle control unit / 12V energy mgmt,0x12,0xADF3,31,routine,EME_EWAP,Control of the LIN water pump EME with specification of the speed and control time,Ansteuerung der LIN Wasserpumpe EME mit Vorgabe der Drehzahl und Ansteuerzeit,2,2,,,"edmei1.prg (OVMS dump, GPL-3.0) | edmei1.prg rev 2.345 (2012)",
BMW i3 / i3s (I01),Gen3 BEV (2013-2022),EDME,Vehicle control unit / 12V energy mgmt,0x12,0xADFA,31,routine,MCAMOS,Return goods analysis of parts from the factory in series,Rückwarenanalyse von Teilen aus dem Werk in Serie,0,0,,,"edmei1.prg (OVMS dump, GPL-3.0) | edmei1.prg rev 2.345 (2012)",
BMW i3 / i3s (I01),Gen3 BEV (2013-2022),EDME,Vehicle control unit / 12V energy mgmt,0x12,0xAE02,31,routine,12V_NACHLADEHISTORIE_LOESCHEN,Deleting the history memory for the last 4 charging processes of the 12V battery from the high-voltage battery (ring memory with 4 records each),Löschen des Historienspeichers für die letzen 4 Ladevorgänge der 12V-Batterie aus der Hochvolt-Batterie (Ringspeicher mit je 4 Sätze),0,0,,,"edmei1.prg (OVMS dump, GPL-3.0)",
BMW i3 / i3s (I01),Gen3 BEV (2013-2022),EDME,Vehicle control unit / 12V energy mgmt,0x12,0xAE03,31,routine,12V_NACHLADEHISTOGRAMM_LOESCHEN,Deletion of the histogram and counter of all charging processes of the 12V battery from the high-voltage system,Löschen von Histogramm und Zähler aller Ladevorgänge der 12V-Batterie aus dem Hochvolt-Sys,0,0,,,"edmei1.prg (OVMS dump, GPL-3.0)",
BMW i3 / i3s (I01),Gen3 BEV (2013-2022),EDME,Vehicle control unit / 12V energy mgmt,0x12,0xDE22,22,read,EME_KAELTEMITTEL_ABSPERRVENTIL_ON_OFF,Status of the refrigerant shut-off valve; 0 = valve closed; 1 = valve open,Status des Kältemittelabsperrventils; 0 = Ventil geschlossen; 1 = Ventil offen,1,0,unsigned char,0/1,"edmei1.prg (OVMS dump, GPL-3.0) | edmei1.prg rev 2.345 (2012)",
BMW i3 / i3s (I01),Gen3 BEV (2013-2022),EDME,Vehicle control unit / 12V energy mgmt,0x12,0xDE23,2E,write,EME_KAELTEMITTEL_ABSPERRVENTIL,Control of the refrigerant shut-off valve,Ansteuerung des Kältemittelabsperrventils,0,1,,,"edmei1.prg (OVMS dump, GPL-3.0) | edmei1.prg rev 2.345 (2012)",
BMW i3 / i3s (I01),Gen3 BEV (2013-2022),EDME,Vehicle control unit / 12V energy mgmt,0x12,0xDE9C,22,read,PEDALWERTGEBER,Values from the pedal encoder,Werte vom Pedalwertgeber,3,0,,,"edmei1.prg (OVMS dump, GPL-3.0) | edmei1.prg rev 2.345 (2012)",
BMW i3 / i3s (I01),Gen3 BEV (2013-2022),EDME,Vehicle control unit / 12V energy mgmt,0x12,0xDEE1,22,read,REX_STATISTIK_BETRIEB,Reading out the operating statistics from the range extender motor,Auslesen der Betriebs-Statistik vom Range Extender Motor,6,0,,,"edmei1.prg (OVMS dump, GPL-3.0) | edmei1.prg rev 2.345 (2012)",
BMW i3 / i3s (I01),Gen3 BEV (2013-2022),EDME,Vehicle control unit / 12V energy mgmt,0x12,0xDEE2,22,read,REX_STATISTIK_DREHZAHL,Reading out speed statistics from the range extender motor,Auslesen Drehzahl Statistik vom Range Extender Motor,18,0,,,"edmei1.prg (OVMS dump, GPL-3.0) | edmei1.prg rev 2.345 (2012)",
BMW i3 / i3s (I01),Gen3 BEV (2013-2022),EDME,Vehicle control unit / 12V energy mgmt,0x12,0xDEE3,2E,write,REX_STATISTIK_RESET,Resetting the statistics counters from the range extender motor,Rücksetzen der Statistikzähler vom Range Extender Motor,0,1,,,"edmei1.prg (OVMS dump, GPL-3.0) | edmei1.prg rev 2.345 (2012)",
BMW i3 / i3s (I01),Gen3 BEV (2013-2022),EDME,Vehicle control unit / 12V energy mgmt,0x12,0xDEFC,2E,write,WARTUNGSLAUF_REX_FAELLIG,Trigger the REX maintenance run,Wartungslauf REX auslösen,0,1,,,"edmei1.prg (OVMS dump, GPL-3.0)",
BMW i3 / i3s (I01),Gen3 BEV (2013-2022),EDME,Vehicle control unit / 12V energy mgmt,0x12,0xDEFD,22,read,ZYKLISCHES_NACHLADEN_INFO,Reading out of important parameters of the last 4 processes of the cyclical reloading plus the last parking process.,Auslesen von wichtigen Kenngrößen der letzten 4 Vorgänge des zyklischen Nachladens plus dem letzten Parkvorgang.,51,0,,,"edmei1.prg (OVMS dump, GPL-3.0)",
BMW i3 / i3s (I01),Gen3 BEV (2013-2022),EDME,Vehicle control unit / 12V energy mgmt,0x12,0xDEFE,22,read,ZYKLISCHES_NACHLADEN_HISTOGRAMM,Reading out the histograms over the service life up to the start of the cyclical reloading and the loading times of the cyclical reloading processes,Auslesen der Histogramme über die Standzeit bis zum Beginn des zyklischen Nachladens und der Ladedauern der zyklischen Nachladevorgänge,16,0,,,"edmei1.prg (OVMS dump, GPL-3.0)",
BMW i3 / i3s (I01),Gen3 BEV (2013-2022),EDME,Vehicle control unit / 12V energy mgmt,0x12,0xDF4E,2E,write,CBS_NV_RESET,CBS data in EDME,CBS-Daten in EDME,0,1,,,"edmei1.prg (OVMS dump, GPL-3.0)",
BMW i3 / i3s (I01),Gen3 BEV (2013-2022),EDME,Vehicle control unit / 12V energy mgmt,0x12,0xDF53,22,read,REX_STATISTIK_TEMPERATUR,Temperature statistics from the REX burner,Temperaturstatistik vom REX-Verbrenner,9,0,,,"edmei1.prg (OVMS dump, GPL-3.0)",
BMW i3 / i3s (I01),Gen3 BEV (2013-2022),EDME,Vehicle control unit / 12V energy mgmt,0x12,0xDF54,22,read,REX_STATISTIK_KILOMETER_KLASSEN,Statistics with the number of trips in the respective kilometer classes in REX operation.,Statistik mit Anzahl der Fahrten in den jeweiligen Kilometerklassen im REX-Betrieb.,5,0,,,"edmei1.prg (OVMS dump, GPL-3.0)",
BMW i3 / i3s (I01),Gen3 BEV (2013-2022),EDME,Vehicle control unit / 12V energy mgmt,0x12,0xDF55,22,read,REX_STATISTIK_ZYKLEN,Driving cycle counter,Zähler für Fahrzyklen,2,0,,,"edmei1.prg (OVMS dump, GPL-3.0)",
BMW i3 / i3s (I01),Gen3 BEV (2013-2022),EDME,Vehicle control unit / 12V energy mgmt,0x12,0xDF56,22,read,REX_STATISTIK_SOC_KILOMETER_KLASSEN,Number of REX starts after X kilometers with Y SOC at the start of the journey,Anzahl der REX-Starts nach X-Kilometer mit Y SOC bei Fahrtbeginn,32,0,,,"edmei1.prg (OVMS dump, GPL-3.0)",
BMW i3 / i3s (I01),Gen3 BEV (2013-2022),EDME,Vehicle control unit / 12V energy mgmt,0x12,0xDF5E,22,read,REX_STATISTIK_ZAEHLER,Query meter statistics from the REX network,Abfrage Zählerstatistik vom REX-Verbund,3,0,,,"edmei1.prg (OVMS dump, GPL-3.0)",
BMW i3 / i3s (I01),Gen3 BEV (2013-2022),EDME,Vehicle control unit / 12V energy mgmt,0x12,0x1061,31,routine,STEUERN_INTERLOCK,LOCKED ECU,LOCKED ECU,0,0,,,"edmei1.prg (OVMS dump, GPL-3.0)",
BMW i3 / i3s (I01),Gen3 BEV (2013-2022),EDME,Vehicle control unit / 12V energy mgmt,0x12,0x409D,22,read,12V_NACHLADEHISTORIE,History with important parameters of the 12V recharge function. Last 4 records,Historie mit wichtigen Kenngrößen der 12V Nachladefunktion. Letzte 4 Datensätze,47,0,,,"edmei1.prg (OVMS dump, GPL-3.0)",
BMW i3 / i3s (I01),Gen3 BEV (2013-2022),EDME,Vehicle control unit / 12V energy mgmt,0x12,0x409E,22,read,12V_NACHLADEHISTOGRAMM,Reading out the histograms for the 12V recharge function,Auslesen der Histogramme für 12V Nachladefunktion,16,0,,,"edmei1.prg (OVMS dump, GPL-3.0)",
BMW i3 / i3s (I01),Gen3 BEV (2013-2022),EDME,Vehicle control unit / 12V energy mgmt,0x12,0x4101,22,read,STATUS_E_S_KL_15_WUP,Wakeup Line (E_S_KL15_WUP),Wakeup Line (E_S_KL15_WUP),1,0,unsigned int,0/1,"edmei1.prg (OVMS dump, GPL-3.0)",
BMW i3 / i3s (I01),Gen3 BEV (2013-2022),EDME,Vehicle control unit / 12V energy mgmt,0x12,0x4102,22,read,STATUS_E_A_PWG1_RAW,Pedal position sensor 1 raw,Pedal Position Sensor 1 raw,1,0,unsigned int,V,"edmei1.prg (OVMS dump, GPL-3.0)",
BMW i3 / i3s (I01),Gen3 BEV (2013-2022),EDME,Vehicle control unit / 12V energy mgmt,0x12,0x4103,22,read,STATUS_E_A_PWG2_RAW,Pedal position sensor 2 raw,Pedal Position Sensor 2 raw,1,0,unsigned int,V,"edmei1.prg (OVMS dump, GPL-3.0)",
BMW i3 / i3s (I01),Gen3 BEV (2013-2022),EDME,Vehicle control unit / 12V energy mgmt,0x12,0x4104,22,read,STATUS_E_A_TMEL_RAW,Engine temperature raw,Engine Temperatur raw,1,0,unsigned int,V,"edmei1.prg (OVMS dump, GPL-3.0)",
BMW i3 / i3s (I01),Gen3 BEV (2013-2022),EDME,Vehicle control unit / 12V energy mgmt,0x12,0x4105,22,read,STATUS_BATTERIE_VOLTAGE_RAUS,Battery voltage raw,Batterie Voltage raw,1,0,unsigned int,V,"edmei1.prg (OVMS dump, GPL-3.0)",
BMW i3 / i3s (I01),Gen3 BEV (2013-2022),EDME,Vehicle control unit / 12V energy mgmt,0x12,0x4106,22,read,STATUS_A_U_PWG1,5 V supply 1,5 V Supply 1,1,0,unsigned int,V,"edmei1.prg (OVMS dump, GPL-3.0)",
BMW i3 / i3s (I01),Gen3 BEV (2013-2022),EDME,Vehicle control unit / 12V energy mgmt,0x12,0x4107,22,read,STATUS_A_U_PWG2,5 V supply 2,5 V Supply 2,1,0,unsigned int,V,"edmei1.prg (OVMS dump, GPL-3.0)",
BMW i3 / i3s (I01),Gen3 BEV (2013-2022),EDME,Vehicle control unit / 12V energy mgmt,0x12,0x4109,22,read,STATUS_E_A_MEL,Voltage Fan 2 raw,Voltage Fan 2 raw,1,0,unsigned int,V,"edmei1.prg (OVMS dump, GPL-3.0)",
BMW i3 / i3s (I01),Gen3 BEV (2013-2022),EDME,Vehicle control unit / 12V energy mgmt,0x12,0x410A,22,read,STATUS_ECU_MICRO_TEMPERATUR,Ecu micro temperature,Ecu micro Temperatur,1,0,signed int,°C,"edmei1.prg (OVMS dump, GPL-3.0)",
BMW i3 / i3s (I01),Gen3 BEV (2013-2022),EDME,Vehicle control unit / 12V energy mgmt,0x12,0x410B,22,read,STATUS_E_A_TMEL2_RAW,E_A_TMEL2,E_A_TMEL2,1,0,unsigned int,V,"edmei1.prg (OVMS dump, GPL-3.0)",
BMW i3 / i3s (I01),Gen3 BEV (2013-2022),EDME,Vehicle control unit / 12V energy mgmt,0x12,0x4114,2F,io-control,_STEUERN_E_A_TMEL,engine temperature,engine Temperatur,0,1,,,"edmei1.prg (OVMS dump, GPL-3.0)",
BMW i3 / i3s (I01),Gen3 BEV (2013-2022),EDME,Vehicle control unit / 12V energy mgmt,0x12,0x4115,2F,io-control,_STEUERN_BATTERY_VOLTAGE_RAW,Battery Voltage Raw,Battery Voltage Raw,0,1,,,"edmei1.prg (OVMS dump, GPL-3.0)",
BMW i3 / i3s (I01),Gen3 BEV (2013-2022),EDME,Vehicle control unit / 12V energy mgmt,0x12,0x4116,2F,io-control,_STEUERN_A_U_PWG1,5 V supply 1,5 V Supply 1,0,1,,,"edmei1.prg (OVMS dump, GPL-3.0)",
BMW i3 / i3s (I01),Gen3 BEV (2013-2022),EDME,Vehicle control unit / 12V energy mgmt,0x12,0x4117,2F,io-control,_STEUERN_A_U_PWG2,5 V supply 2,5 V Supply 2,0,1,,,"edmei1.prg (OVMS dump, GPL-3.0)",
BMW i3 / i3s (I01),Gen3 BEV (2013-2022),EDME,Vehicle control unit / 12V energy mgmt,0x12,0x4119,2F,io-control,_STEUERN_VOLTAGE_FAN_2,Voltage Fan 2,Voltage Fan 2,0,1,,,"edmei1.prg (OVMS dump, GPL-3.0)",
BMW i3 / i3s (I01),Gen3 BEV (2013-2022),EDME,Vehicle control unit / 12V energy mgmt,0x12,0x411A,2F,io-control,_STEUERN_ECU_MICRO_TEMPERATUR,ECU temperature,ECU Temperatur,0,1,,,"edmei1.prg (OVMS dump, GPL-3.0)",
BMW i3 / i3s (I01),Gen3 BEV (2013-2022),EDME,Vehicle control unit / 12V energy mgmt,0x12,0x411B,2F,io-control,_STEUERN_TMEL2,Control motor temperature 2,Steueren Motortemperatur 2,0,1,,,"edmei1.prg (OVMS dump, GPL-3.0)",
BMW i3 / i3s (I01),Gen3 BEV (2013-2022),EDME,Vehicle control unit / 12V energy mgmt,0x12,0x4120,22,read,STATUS_A_S_ELRLY,Status Electric Fan Relay,Status Electric Fan Relais,1,0,unsigned int,0/1,"edmei1.prg (OVMS dump, GPL-3.0)",
BMW i3 / i3s (I01),Gen3 BEV (2013-2022),EDME,Vehicle control unit / 12V energy mgmt,0x12,0x4121,22,read,STATUS_A_T_ELUE,Status Electric Fan Module,Status Electric Fan Module,1,0,unsigned int,%,"edmei1.prg (OVMS dump, GPL-3.0)",
BMW i3 / i3s (I01),Gen3 BEV (2013-2022),EDME,Vehicle control unit / 12V energy mgmt,0x12,0x4122,22,read,STATUS_A_T_EWP,Water pump,Water Pump,1,0,unsigned int,%,"edmei1.prg (OVMS dump, GPL-3.0)",
BMW i3 / i3s (I01),Gen3 BEV (2013-2022),EDME,Vehicle control unit / 12V energy mgmt,0x12,0x4123,22,read,STATUS_A_S_KV1,Expansion Valve,Expansion Valve,1,0,unsigned int,0/1,"edmei1.prg (OVMS dump, GPL-3.0)",
BMW i3 / i3s (I01),Gen3 BEV (2013-2022),EDME,Vehicle control unit / 12V energy mgmt,0x12,0x4124,22,read,STATUS_A_S_KV2,Shutoff valve,Shutoff Valve,1,0,unsigned int,0/1,"edmei1.prg (OVMS dump, GPL-3.0)",
BMW i3 / i3s (I01),Gen3 BEV (2013-2022),EDME,Vehicle control unit / 12V energy mgmt,0x12,0x4125,22,read,STATUS_A_S_MEL,Fan relay 2,Fan Relais 2,1,0,unsigned int,0/1,"edmei1.prg (OVMS dump, GPL-3.0)",
BMW i3 / i3s (I01),Gen3 BEV (2013-2022),EDME,Vehicle control unit / 12V energy mgmt,0x12,0x4140,2F,io-control,_STEUERN_A_S_ELRLY,Status electric fan relay,Status electric Fan Relais,0,1,,,"edmei1.prg (OVMS dump, GPL-3.0)",
BMW i3 / i3s (I01),Gen3 BEV (2013-2022),EDME,Vehicle control unit / 12V energy mgmt,0x12,0x4141,2F,io-control,_STEUERN_A_T_ELUE,Status Electric Fan Module,Status Electric Fan Modul,0,1,,,"edmei1.prg (OVMS dump, GPL-3.0)",
BMW i3 / i3s (I01),Gen3 BEV (2013-2022),EDME,Vehicle control unit / 12V energy mgmt,0x12,0x4142,2F,io-control,_STEUERN_A_T_EWP,Water pump,Water Pump,0,1,,,"edmei1.prg (OVMS dump, GPL-3.0)",
BMW i3 / i3s (I01),Gen3 BEV (2013-2022),EDME,Vehicle control unit / 12V energy mgmt,0x12,0x4143,2F,io-control,STEUERN_A_S_KV1,Expansion Valve,Expansion Valve,0,1,,,"edmei1.prg (OVMS dump, GPL-3.0)",
BMW i3 / i3s (I01),Gen3 BEV (2013-2022),EDME,Vehicle control unit / 12V energy mgmt,0x12,0x4144,2F,io-control,_STEUERN_A_S_KV2,Shutoff valve,Shutoff Valve,0,1,,,"edmei1.prg (OVMS dump, GPL-3.0)",
BMW i3 / i3s (I01),Gen3 BEV (2013-2022),EDME,Vehicle control unit / 12V energy mgmt,0x12,0x4145,2F,io-control,_STEUERN_A_S_MEL,Fan relay 2 (A_S_MEL),Fan Relais 2 (A_S_MEL),0,1,,,"edmei1.prg (OVMS dump, GPL-3.0)",
BMW i3 / i3s (I01),Gen3 BEV (2013-2022),EDME,Vehicle control unit / 12V energy mgmt,0x12,0x4182,22,read,STATUS_E_A_PWG1,Pedal position sensor 1 filtered,Pedal Position Sensor 1 filtered,1,0,unsigned int,%,"edmei1.prg (OVMS dump, GPL-3.0)",
BMW i3 / i3s (I01),Gen3 BEV (2013-2022),EDME,Vehicle control unit / 12V energy mgmt,0x12,0x4183,22,read,STATUS_E_A_PWG2_FILTERED,Pedal position sensor 2 filtered,Pedal position sensor 2 filtered,1,0,unsigned int,%,"edmei1.prg (OVMS dump, GPL-3.0)",
BMW i3 / i3s (I01),Gen3 BEV (2013-2022),EDME,Vehicle control unit / 12V energy mgmt,0x12,0x4184,22,read,STATUS_TEMPERATUR_SENSOR_1,Temperature value of the first temperature sensor in the engine compartment,Temperaturwert des ersten Temperatursensors im Motorraum,1,0,signed int,°C,"edmei1.prg (OVMS dump, GPL-3.0)",
BMW i3 / i3s (I01),Gen3 BEV (2013-2022),EDME,Vehicle control unit / 12V energy mgmt,0x12,0x4185,22,read,STATUS_BATTERY_VOLTAGE_FILTERED,Battery voltage filtered,Battery Voltage filtered,1,0,signed int,V,"edmei1.prg (OVMS dump, GPL-3.0)",
BMW i3 / i3s (I01),Gen3 BEV (2013-2022),EDME,Vehicle control unit / 12V energy mgmt,0x12,0x418B,22,read,STATUS_TEMPERATUR_SENSOR_2,Temperature value of the second temperature sensor in the engine compartment,Temperaturwert des zweiten Temperatursensors im Motorraum,1,0,signed int,°C,"edmei1.prg (OVMS dump, GPL-3.0)",
BMW i3 / i3s (I01),Gen3 BEV (2013-2022),EDME,Vehicle control unit / 12V energy mgmt,0x12,0x60C3,2F,io-control,AKKS_INPUTOUTPUTCONTROL,AKKS control,AKKS Ansteuerung,0,1,,,"edmei1.prg (OVMS dump, GPL-3.0)",
BMW i3 / i3s (I01),Gen3 BEV (2013-2022),EDME,Vehicle control unit / 12V energy mgmt,0x12,0x63F0,2E,write,_AEP_GRUND_LADEENDE,Requirement to set the final reason for the end of charging,Anforderung Setzen des letzter Grundes für Ladeende,0,1,,,"edmei1.prg (OVMS dump, GPL-3.0)",
BMW i3 / i3s (I01),Gen3 BEV (2013-2022),EDME,Vehicle control unit / 12V energy mgmt,0x12,0xF000,31,routine,_AEP_TEST_BATTERY_GUARD,Request to call Battery Guard,Anforderung Aufruf Battery Guard,1,1,unsigned char,0/1,"edmei1.prg (OVMS dump, GPL-3.0)",
BMW i3 / i3s (I01),Gen3 BEV (2013-2022),EDME,Vehicle control unit / 12V energy mgmt,0x12,0xF086,31,routine,STEUERN_BETRIEBSART_EM1,Control operating mode E-machine 1,Steuern Betriebsart E-Maschine 1,2,1,,,"edmei1.prg (OVMS dump, GPL-3.0) | edmei1.prg rev 2.345 (2012)",
BMW i3 / i3s (I01),Gen3 BEV (2013-2022),EDME,Vehicle control unit / 12V energy mgmt,0x12,0xF087,31,routine,STEUERN_BETRIEBSART_EM2,Control operating mode E-machine 2,Steuern Betriebsart E-Maschine 2,2,1,,,"edmei1.prg (OVMS dump, GPL-3.0) | edmei1.prg rev 2.345 (2012)",
BMW i3 / i3s (I01),Gen3 BEV (2013-2022),EDME,Vehicle control unit / 12V energy mgmt,0x12,0xF0D5,31,routine,STEUERN_AKKS,Controlling the active cooling flap,Steuern der aktiven Kühlklappe,6,0,,,"edmei1.prg (OVMS dump, GPL-3.0)",
BMW i3 / i3s (I01),Gen3 BEV (2013-2022),EDME,Vehicle control unit / 12V energy mgmt,0x12,0xADFD,31,routine,12V_NACHLADEHISTORIE_SATZ_LESEN,Read one record of the 12V top-up charge history,Lesen eine Satz der 12V-Nachladehistorie,14,1,,,edmei1.prg rev 2.345 (2012),yes
BMW i3 / i3s (I01),Gen3 BEV (2013-2022),EDME,Vehicle control unit / 12V energy mgmt,0x12,0xDEA2,2E,write,12V_NACHLADEHISTORIE,Read/clear the history memory for the last 4 charging events of the 12V battery from the high-voltage battery (ring buffer of 4 records),Lesen/Löschen des Historienspeichers für die letzen 4 Ladevorgänge der 12V-Batterie aus der Hochvolt-Batterie (Ringspeicher à 4 Sätze),0,1,,,edmei1.prg rev 2.345 (2012),yes
BMW i3 / i3s (I01),Gen3 BEV (2013-2022),EDME,Vehicle control unit / 12V energy mgmt,0x12,0xDEAF,22;2E,read/write,12V_NACHLADEHISTOGRAMM,Read/clear histogram and counter of all charging events of the 12V battery from the high-voltage system,Lesen/Löschen von Histogramm und Zähler aller Ladevorgänge der 12V-Batterie aus dem Hochvolt-System,24,1,,,edmei1.prg rev 2.345 (2012),yes
BMW i3 REx (I01),Gen3 BEV (2013-2022),REME,Range-extender generator electronics,,0xADF4,31,routine,EME_AKS_EMK,Command the electric machine in the AKS: 0 - Control on EME-SW; 1 - AKS E-machine requested,E-Maschine in den AKS kommandieren: 0 - Kontrolle an EME-SW; 1 - AKS E-Maschine angefordert,1,1,unsigned char,0-n,reme_i1.prg rev 0.401 (2012),
BMW i3 REx (I01),Gen3 BEV (2013-2022),REME,Range-extender generator electronics,,0xADF7,31,routine,EME_IGBT_FREILAUF,Opening the IGBTs to switch the e-machine to high impedance on the AC side,"Öffnen der IGBTS, um die E-Maschine AC-seitig hochohmig wegzuschalten",1,0,unsigned char,0-n,reme_i1.prg rev 0.401 (2012),
BMW i3 REx (I01),Gen3 BEV (2013-2022),REME,Range-extender generator electronics,,0xDDF0,22,read,EME_TEMP_EMASCHINE,Read the current temperature value of the e-machine in degrees Celsius,Wert der aktuellen Temperatur der E-Maschine in Grad Celsius lesen,5,0,,,reme_i1.prg rev 0.401 (2012),
BMW i3 REx (I01),Gen3 BEV (2013-2022),REME,Range-extender generator electronics,,0xDDF1,22,read,EME_SPANNUNG_DC_HV,"DC voltage of the e-machine after rectification by the EME (HV battery side, referred to internal)",DC Spannung der E-Maschine nach Gleichrichtung durch die EME (HV-Batterieseitig nach intern),1,0,int,V,reme_i1.prg rev 0.401 (2012),
BMW i3 REx (I01),Gen3 BEV (2013-2022),REME,Range-extender generator electronics,,0xDDF3,22,read,EME_STROM_EMASCHINE_AC,HV current of the DC/DC converter and the averaged RMS current of the e-machine,HV-Strom des DCDC Wandlers und dem gemitteltem Effektivstrom der E-Maschine,3,0,,,reme_i1.prg rev 0.401 (2012),
BMW i3 REx (I01),Gen3 BEV (2013-2022),REME,Range-extender generator electronics,,0xDDF4,22,read,EME_STROM_EMASCHINE_DC,DC current (on the HV side) caused by the EMK,DC Strom (auf der HV Seite) verursacht durch die EMK,1,0,int,A,reme_i1.prg rev 0.401 (2012),
BMW i3 REx (I01),Gen3 BEV (2013-2022),REME,Range-extender generator electronics,,0xDDF5,22,read,EME_POSITIONSGEBER,Angular position of the e-machines in degrees,Winkelstellung der E-Maschinen in Grad,1,0,unsigned int,°,reme_i1.prg rev 0.401 (2012),
BMW i3 REx (I01),Gen3 BEV (2013-2022),REME,Range-extender generator electronics,,0xDDF7,22,read,EME_ELEKTRISCHE_MASCHINE,Read speed and torque of the e-machine,Auslesen von Drehzahl und Drehmoment der E-Maschine,3,0,,,reme_i1.prg rev 0.401 (2012),
BMW i3 REx (I01),Gen3 BEV (2013-2022),REME,Range-extender generator electronics,,0xDDFC,22,read,EME_INFO_EMK,Bit-coded derating information from the e-machine control,Bitkodierte Deratinginformation  der E-Maschinenregelung,1,0,unsigned int,,reme_i1.prg rev 0.401 (2012),
BMW i3 REx (I01),Gen3 BEV (2013-2022),REME,Range-extender generator electronics,,0xDDFE,22,read,EME_ANTRIEBSART,"Feedback of the currently active drive mode, e.g. recuperation, boost, etc.","Rückmeldung der aktuell anliegenden Antriebsart. z.B. Rekuperation, Boost etc.",1,0,unsigned char,0-n,reme_i1.prg rev 0.401 (2012),
BMW i3 REx (I01),Gen3 BEV (2013-2022),REME,Range-extender generator electronics,,0xDE2E,22,read,EME_SERIENNUMMERN_BOSCH,"Serial, part and revision number of the ECU (Bosch)","Serien-, Sach- und Änderungsnummer des Steuergeräts (Bosch)",4,0,,,reme_i1.prg rev 0.401 (2012),
BMW i3 REx (I01),Gen3 BEV (2013-2022),RDME,Range-extender engine DME,,0x4004,22;2C,read (dyn. DID),SLS_DIAG,Secondary air system diagnostic status.,Status Diagnose Sekundärluftsystem.,2,0,,,rdme_i1.prg rev 0.220 (2012),
BMW i3 REx (I01),Gen3 BEV (2013-2022),RDME,Range-extender engine DME,,0x4007,22,read,STATUS_DIGITAL_0,Control loop status bank 1,Status Regelkreis Bank 1,1,0,unsigned char,,rdme_i1.prg rev 0.220 (2012),
BMW i3 REx (I01),Gen3 BEV (2013-2022),RDME,Range-extender engine DME,,0x4402,22;2C,read (dyn. DID),ITOEL,Oil temperature,Öltemperatur,1,0,unsigned char,°C,rdme_i1.prg rev 0.220 (2012),
BMW i3 REx (I01),Gen3 BEV (2013-2022),RDME,Range-extender engine DME,,0x4506,22,read,IPNWE,Intake camshaft sensor position in crankshaft degrees,Einlassnockenwellensensor Position in Grad Kurbelwelle,1,0,unsigned int,° KW,rdme_i1.prg rev 0.220 (2012),
BMW i3 REx (I01),Gen3 BEV (2013-2022),RDME,Range-extender engine DME,,0x4600,22;2C,read (dyn. DID),IWDKL,Throttle valve angle relative to the lower stop,Drosselklappenwinkel bezogen auf unteren Anschlag,1,0,unsigned int,% DK,rdme_i1.prg rev 0.220 (2012),
BMW i3 REx (I01),Gen3 BEV (2013-2022),RDME,Range-extender engine DME,,0x4700,22;2C,read (dyn. DID),ISBV1,ISBV1,ISBV1,1,0,unsigned char,,rdme_i1.prg rev 0.220 (2012),
BMW i3 REx (I01),Gen3 BEV (2013-2022),RDME,Range-extender engine DME,,0x4807,22;2C,read (dyn. DID),INMOT,Crankshaft speed,Kurbelwellendrehzahl,1,0,unsigned int,1/min,rdme_i1.prg rev 0.220 (2012),
BMW i3 REx (I01),Gen3 BEV (2013-2022),RDME,Range-extender engine DME,,0x480B,22,read,IFPWG,Driver-demand accelerator pedal in %,Fahrerwunsch Fahrpedal in %,1,0,unsigned char,%,rdme_i1.prg rev 0.220 (2012),
BMW i3 REx (I01),Gen3 BEV (2013-2022),RDME,Range-extender engine DME,,0x4A30,22;2C,read (dyn. DID),ILUZ1,ILUZ1,ILUZ1,1,0,int,Nm,rdme_i1.prg rev 0.220 (2012),
BMW i3 REx (I01),Gen3 BEV (2013-2022),RDME,Range-extender engine DME,,0x4A35,22;2C,read (dyn. DID),ILUZ2,ILUZ2,ILUZ2,1,0,int,Nm,rdme_i1.prg rev 0.220 (2012),
BMW i3 REx (I01),Gen3 BEV (2013-2022),RDME,Range-extender engine DME,,0x4A85,22;2C,read (dyn. DID),IMUL1,IMUL1,IMUL1,1,0,int,%,rdme_i1.prg rev 0.220 (2012),
BMW i3 REx (I01),Gen3 BEV (2013-2022),RDME,Range-extender engine DME,,0x4A87,22;2C,read (dyn. DID),FAC_LAM_COR,limited lambda controller output plus pre control correction.,limited lambda controller output plus pre control correction.,1,0,int,%,rdme_i1.prg rev 0.220 (2012),
BMW i3 REx (I01),Gen3 BEV (2013-2022),RDME,Range-extender engine DME,,0x4A89,22;2C,read (dyn. DID),FAC_LAM_OUT,lambda controller output,lambda controller output,1,0,int,%,rdme_i1.prg rev 0.220 (2012),
BMW i3 REx (I01),Gen3 BEV (2013-2022),RDME,Range-extender engine DME,,0x4A96,22;2C,read (dyn. DID),IANWE,"Intake camshaft adaptation value, bank 1",Adaptionswert Nockenwelle Einlass Bank 1,1,0,unsigned char,° KW,rdme_i1.prg rev 0.220 (2012),
BMW i3 REx (I01),Gen3 BEV (2013-2022),RDME,Range-extender engine DME,,0x5801,22;2C,read (dyn. DID),UIPUMG,Ambient pressure,Umgebungsdruck,1,0,unsigned char,kPa,rdme_i1.prg rev 0.220 (2012),
BMW i3 REx (I01),Gen3 BEV (2013-2022),RDME,Range-extender engine DME,,0x5802,22;2C,read (dyn. DID),PWMTEV,PWM control signal for tank ventilation,PWM Steuerungssignal für Tankentlüftung,1,0,unsigned char,%,rdme_i1.prg rev 0.220 (2012),
BMW i3 REx (I01),Gen3 BEV (2013-2022),RDME,Range-extender engine DME,,0x5803,22;2C,read (dyn. DID),UILAM1,Lambda sensor adaptation value,Lambdasonden Adaptionswert,1,0,unsigned char,%,rdme_i1.prg rev 0.220 (2012),
BMW i3 REx (I01),Gen3 BEV (2013-2022),RDME,Range-extender engine DME,,0x5804,22;2C,read (dyn. DID),UIINT1,Lambda sensor adaptation value,Adaptionswert Lambdasonde,1,0,unsigned char,%,rdme_i1.prg rev 0.220 (2012),
BMW i3 REx (I01),Gen3 BEV (2013-2022),RDME,Range-extender engine DME,,0x5805,22;2C,read (dyn. DID),UIUDK1,Absolute throttle valve position (sensor 1),Absolute Drosselklappenposition (Sensor1),1,0,unsigned char,% DK,rdme_i1.prg rev 0.220 (2012),
BMW i3 REx (I01),Gen3 BEV (2013-2022),RDME,Range-extender engine DME,,0x5806,22;2C,read (dyn. DID),UIUDK2,Absolute throttle valve position,Absolute Drosselklappen Position,1,0,unsigned char,% DK,rdme_i1.prg rev 0.220 (2012),
BMW i3 REx (I01),Gen3 BEV (2013-2022),RDME,Range-extender engine DME,,0x5807,22;2C,read (dyn. DID),UIKTFS,Fuel tank level,Fuellstand Kraftstofftank,1,0,unsigned char,l,rdme_i1.prg rev 0.220 (2012),
BMW i3 REx (I01),Gen3 BEV (2013-2022),RDME,Range-extender engine DME,,0x5808,22;2C,read (dyn. DID),UIGANG,Ignition angle,Zündwinkel,1,0,unsigned char,° KW,rdme_i1.prg rev 0.220 (2012),
BMW i3 REx (I01),Gen3 BEV (2013-2022),RDME,Range-extender engine DME,,0x5809,22;2C,read (dyn. DID),UTRMLT,Secondary fuel trim value (long-term),Sekundärer Gemischregelungswert (langzeitiger),1,0,unsigned char,%,rdme_i1.prg rev 0.220 (2012),
BMW i3 REx (I01),Gen3 BEV (2013-2022),RDME,Range-extender engine DME,,0x580A,22;2C,read (dyn. DID),UTRMST,Secondary fuel trim value (short-term),Sekundärer Gemischregelungswert (kurzzeitiger),1,0,unsigned char,%,rdme_i1.prg rev 0.220 (2012),
BMW i3 REx (I01),Gen3 BEV (2013-2022),RDME,Range-extender engine DME,,0x580B,22;2C,read (dyn. DID),UILAG1,Lambda value,Lambdawert,1,0,unsigned char,,rdme_i1.prg rev 0.220 (2012),
BMW i3 REx (I01),Gen3 BEV (2013-2022),RDME,Range-extender engine DME,,0x580C,22;2C,read (dyn. DID),UILAGSP1,Lambda setpoint,Lambda-Sollwert,1,0,unsigned char,,rdme_i1.prg rev 0.220 (2012),
BMW i3 REx (I01),Gen3 BEV (2013-2022),RDME,Range-extender engine DME,,0x580D,22;2C,read (dyn. DID),MOTORLAST,Relative engine load,Relative Motorlast,1,0,unsigned char,%,rdme_i1.prg rev 0.220 (2012),
BMW i3 REx (I01),Gen3 BEV (2013-2022),RDME,Range-extender engine DME,,0x580E,22;2C,read (dyn. DID),UIPSAU,Intake manifold pressure - label MAP_MES_SAE,Saugrohrdruck - Label MAP_MES_SAE,1,0,unsigned char,kPa,rdme_i1.prg rev 0.220 (2012),
BMW i3 REx (I01),Gen3 BEV (2013-2022),RDME,Range-extender engine DME,,0x580F,22;2C,read (dyn. DID),UINMOT,Engine speed,Motordrehzahl,1,0,unsigned char,1/min,rdme_i1.prg rev 0.220 (2012),
BMW i3 REx (I01),Gen3 BEV (2013-2022),RDME,Range-extender engine DME,,0x5810,22;2C,read (dyn. DID),UPWG1,Accelerator pedal position (sensor 1),Position Gaspedal (Sensor 1),1,0,unsigned char,%,rdme_i1.prg rev 0.220 (2012),
BMW i3 REx (I01),Gen3 BEV (2013-2022),RDME,Range-extender engine DME,,0x5811,22;2C,read (dyn. DID),UPWG2,Accelerator pedal position (sensor 2),Position Gaspedal (Sensor 2),1,0,unsigned char,%,rdme_i1.prg rev 0.220 (2012),
BMW i3 REx (I01),Gen3 BEV (2013-2022),RDME,Range-extender engine DME,,0x5812,22;2C,read (dyn. DID),UKSYS,Fuel system status,Status Kraftstoffsystem,1,0,unsigned char,0-n,rdme_i1.prg rev 0.220 (2012),
BMW i3 REx (I01),Gen3 BEV (2013-2022),RDME,Range-extender engine DME,,0x5813,22;2C,read (dyn. DID),MOTORLAUFZEIT,Elapsed time after engine start,Abgelaufene Zeit nach dem Motorstart,1,0,unsigned char,s,rdme_i1.prg rev 0.220 (2012),
BMW i3 REx (I01),Gen3 BEV (2013-2022),RDME,Range-extender engine DME,,0x5814,22;2C,read (dyn. DID),UITANS,Intake air temperature from the HFM (air mass meter),Ansauglufttemperatur vom HFM,1,0,unsigned char,°C,rdme_i1.prg rev 0.220 (2012),
BMW i3 REx (I01),Gen3 BEV (2013-2022),RDME,Range-extender engine DME,,0x5815,22;2C,read (dyn. DID),UITSAUM,Air temperature in the intake manifold,Lufttemperatur im Saugrohr,1,0,unsigned char,°C,rdme_i1.prg rev 0.220 (2012),
BMW i3 REx (I01),Gen3 BEV (2013-2022),RDME,Range-extender engine DME,,0x5816,22;2C,read (dyn. DID),UITUMGM,Ambient air temperature,Umgebungslufttemperatur,1,0,unsigned char,°C,rdme_i1.prg rev 0.220 (2012),
BMW i3 REx (I01),Gen3 BEV (2013-2022),RDME,Range-extender engine DME,,0x5817,22;2C,read (dyn. DID),UITUMG,Ambient air temperature,Umgebungslufttemperatur,1,0,unsigned char,°C,rdme_i1.prg rev 0.220 (2012),
BMW i3 REx (I01),Gen3 BEV (2013-2022),RDME,Range-extender engine DME,,0x5818,22;2C,read (dyn. DID),UTCLNT,Coolant temperature,Kühlmitteltemperatur,1,0,unsigned char,°C,rdme_i1.prg rev 0.220 (2012),
BMW i3 REx (I01),Gen3 BEV (2013-2022),RDME,Range-extender engine DME,,0x5819,22;2C,read (dyn. DID),UITKUM,Coolant temperature in degrees Celsius,Kühlmitteltemperatur in Grad Celsius,1,0,unsigned char,°C,rdme_i1.prg rev 0.220 (2012),
BMW i3 REx (I01),Gen3 BEV (2013-2022),RDME,Range-extender engine DME,,0x581A,22;2C,read (dyn. DID),DK_POSITION,Relative throttle valve position,Relative Position der Drosselklappe,1,0,unsigned char,% DK,rdme_i1.prg rev 0.220 (2012),
BMW i3 REx (I01),Gen3 BEV (2013-2022),RDME,Range-extender engine DME,,0x581B,22;2C,read (dyn. DID),DK_SOLLWERT,Throttle valve setpoint,Sollwert Drosselklappe,1,0,unsigned char,% DK,rdme_i1.prg rev 0.220 (2012),
BMW i3 REx (I01),Gen3 BEV (2013-2022),RDME,Range-extender engine DME,,0x581C,22;2C,read (dyn. DID),IUK87,Battery voltage,Batteriespannung,1,0,unsigned char,V,rdme_i1.prg rev 0.220 (2012),
BMW i3 REx (I01),Gen3 BEV (2013-2022),RDME,Range-extender engine DME,,0x581D,22;2C,read (dyn. DID),UIUSV1,Probe voltage of the wideband lambda sensor upstream of the catalytic converter (ADC value),Sondenspannung Breitbandlambdasonde vor Kat (ADC-Wert),1,0,unsigned char,V,rdme_i1.prg rev 0.220 (2012),
BMW i3 REx (I01),Gen3 BEV (2013-2022),RDME,Range-extender engine DME,,0x581E,22;2C,read (dyn. DID),UIUSN1,Voltage lambda sensor downstream of catalytic converter (ADC value),Spannung Lambdasonde nach Kat (ADC-Wert),1,0,unsigned char,V,rdme_i1.prg rev 0.220 (2012),
BMW i3 REx (I01),Gen3 BEV (2013-2022),RDME,Range-extender engine DME,,0x581F,22;2C,read (dyn. DID),FAHRGESCHWINDIGKEIT,Vehicle speed,Fahrzeuggeschwindigkeit,1,0,unsigned char,km/h,rdme_i1.prg rev 0.220 (2012),
BMW i3 REx (I01),Gen3 BEV (2013-2022),RDME,Range-extender engine DME,,0x5820,22;2C,read (dyn. DID),UIUTANS,Voltage (air temperature sensor),Spannung (Lufttemperatursensor),1,0,unsigned char,V,rdme_i1.prg rev 0.220 (2012),
BMW i3 REx (I01),Gen3 BEV (2013-2022),RDME,Range-extender engine DME,,0x5821,22;2C,read (dyn. DID),UIUTANSST,Air temperature in the intake manifold at first start (current drive cycle),Lufttemperatur im Saugrohr beim ersten Start (aktueller Fahrzyklus),1,0,unsigned char,°C,rdme_i1.prg rev 0.220 (2012),
BMW i3 REx (I01),Gen3 BEV (2013-2022),RDME,Range-extender engine DME,,0x5822,22;2C,read (dyn. DID),UIUTUMGST,Ambient air temperature at start,Umgebungslufttemperatur beim Start,1,0,unsigned char,°C,rdme_i1.prg rev 0.220 (2012),
BMW i3 REx (I01),Gen3 BEV (2013-2022),RDME,Range-extender engine DME,,0x5823,22;2C,read (dyn. DID),UIUPW1,Voltage (pedal value sensor 1),Spannung (Pedalwertsensor 1),1,0,unsigned char,V,rdme_i1.prg rev 0.220 (2012),
BMW i3 REx (I01),Gen3 BEV (2013-2022),RDME,Range-extender engine DME,,0x5824,22;2C,read (dyn. DID),UIUPW2,Voltage (pedal value sensor 2),Spannung (Pedalwertsensor 2),1,0,unsigned char,V,rdme_i1.prg rev 0.220 (2012),
BMW i3 REx (I01),Gen3 BEV (2013-2022),RDME,Range-extender engine DME,,0x5825,22;2C,read (dyn. DID),VP_TCO_ENVD,Voltage (coolant temperature sensor),Spannung (Kühlmitteltemperatursensor),1,0,unsigned char,V,rdme_i1.prg rev 0.220 (2012),
BMW i3 REx (I01),Gen3 BEV (2013-2022),RDME,Range-extender engine DME,,0x5826,22;2C,read (dyn. DID),TCO_ST_DC,Coolant temperature at first start (current drive cycle),Kühlmitteltemperatur beim ersten Start (aktueller Fahrzyklus),1,0,unsigned char,°C,rdme_i1.prg rev 0.220 (2012),
BMW i3 REx (I01),Gen3 BEV (2013-2022),RDME,Range-extender engine DME,,0x5827,22;2C,read (dyn. DID),TCO_STOP,Coolant temperature when the engine is switched off,Kühlmitteltemperatur beim abstellen des Motors,1,0,unsigned char,°C,rdme_i1.prg rev 0.220 (2012),
BMW i3 REx (I01),Gen3 BEV (2013-2022),RDME,Range-extender engine DME,,0x5828,22;2C,read (dyn. DID),CL_MMV_ENVD,Charge in the activated-carbon filter (moving average),Ladung im Aktivkohlefilter (gleitender MIttelwert),1,0,unsigned char,,rdme_i1.prg rev 0.220 (2012),
BMW i3 REx (I01),Gen3 BEV (2013-2022),RDME,Range-extender engine DME,,0x5829,22;2C,read (dyn. DID),MFF_SP_MV_KWP,Fuel mass setpoint,Sollwert Kraftstoffmasse,1,0,unsigned char,mg/stroke,rdme_i1.prg rev 0.220 (2012),
BMW i3 REx (I01),Gen3 BEV (2013-2022),RDME,Range-extender engine DME,,0x582A,22;2C,read (dyn. DID),TI_1_HOM_ENVD_1,"Injection time (cylinder-specific, first pulse, cylinder 1)","Einspritzzeit (Zylinderindividuell, erster Puls, Zylinder 1)",1,0,unsigned char,ms,rdme_i1.prg rev 0.220 (2012),
BMW i3 REx (I01),Gen3 BEV (2013-2022),RDME,Range-extender engine DME,,0x582B,22;2C,read (dyn. DID),TI_1_HOM_ENVD_2,"Injection time (cylinder-specific, first pulse, cylinder 2)","Einspritzzeit (Zylinderindividuell, erster Puls, Zylinder 2)",1,0,unsigned char,ms,rdme_i1.prg rev 0.220 (2012),
BMW i3 REx (I01),Gen3 BEV (2013-2022),RDME,Range-extender engine DME,,0x582C,22;2C,read (dyn. DID),UMAIRT,Air mass flow per segment,Luftmassenstrom pro Segment,1,0,unsigned char,kg/h,rdme_i1.prg rev 0.220 (2012),
BMW i3 REx (I01),Gen3 BEV (2013-2022),RDME,Range-extender engine DME,,0x582D,22;2C,read (dyn. DID),UMAIRS,Air mass flow per segment,Luftmassenstrom pro Segment,1,0,unsigned char,mg/stroke,rdme_i1.prg rev 0.220 (2012),
BMW i3 REx (I01),Gen3 BEV (2013-2022),RDME,Range-extender engine DME,,0x582E,22;2C,read (dyn. DID),STAT_0X582E_WERT,Air mass,Luftmasse,1,0,unsigned char,%,rdme_i1.prg rev 0.220 (2012),
BMW i3 REx (I01),Gen3 BEV (2013-2022),RDME,Range-extender engine DME,,0x582F,22;2C,read (dyn. DID),STAT_0X582F_WERT,Pressure regulator actuation value (divided by ambient pressure),Ansteuerungswert Druckregler (dividiert durch Umgebungsdruck),1,0,unsigned char,%,rdme_i1.prg rev 0.220 (2012),
BMW i3 REx (I01),Gen3 BEV (2013-2022),RDME,Range-extender engine DME,,0x5830,22;2C,read (dyn. DID),FAC_AD_KNK,Knock factor,Klopffaktor,1,0,unsigned char,,rdme_i1.prg rev 0.220 (2012),
BMW i3 REx (I01),Gen3 BEV (2013-2022),RDME,Range-extender engine DME,,0x5831,22;2C,read (dyn. DID),V_TPS_1,Voltage (throttle valve position sensor 1),Spannung (Drosselklappe Positionssensor 1),1,0,unsigned char,V,rdme_i1.prg rev 0.220 (2012),
BMW i3 REx (I01),Gen3 BEV (2013-2022),RDME,Range-extender engine DME,,0x5832,22;2C,read (dyn. DID),V_TPS_2,Voltage (throttle valve position sensor 2),Spannung (Drosselklappe Positionssensor 2),1,0,unsigned char,V,rdme_i1.prg rev 0.220 (2012),
BMW i3 REx (I01),Gen3 BEV (2013-2022),RDME,Range-extender engine DME,,0x5833,22;2C,read (dyn. DID),ENVD_0_MON,Environment data for general error,Umweltdaten  für allgemeinen Fehler,1,0,unsigned char,,rdme_i1.prg rev 0.220 (2012),
BMW i3 REx (I01),Gen3 BEV (2013-2022),RDME,Range-extender engine DME,,0x5834,22;2C,read (dyn. DID),ENVD_1_MON,Environment data for general error,Umweltdaten  für allgemeinen Fehler,1,0,unsigned char,,rdme_i1.prg rev 0.220 (2012),
BMW i3 REx (I01),Gen3 BEV (2013-2022),RDME,Range-extender engine DME,,0x5835,22;2C,read (dyn. DID),ENVD_2_MON,Environment data for general error,Umweltdaten  für allgemeinen Fehler,1,0,unsigned char,,rdme_i1.prg rev 0.220 (2012),
BMW i3 REx (I01),Gen3 BEV (2013-2022),RDME,Range-extender engine DME,,0x5836,22;2C,read (dyn. DID),ENVD_3_MON,Environment data for general error,Umweltdaten  für allgemeinen Fehler,1,0,unsigned char,,rdme_i1.prg rev 0.220 (2012),
BMW i3 REx (I01),Gen3 BEV (2013-2022),RDME,Range-extender engine DME,,0x5837,22;2C,read (dyn. DID),ENVD_0_MON_3,Environment data for processor error,Umweltdaten beim Prozessorfehler,1,0,unsigned char,,rdme_i1.prg rev 0.220 (2012),
BMW i3 REx (I01),Gen3 BEV (2013-2022),RDME,Range-extender engine DME,,0x5838,22;2C,read (dyn. DID),ENVD_1_MON_3,Environment data for processor error,Umweltdaten beim Prozessorfehler,1,0,unsigned char,,rdme_i1.prg rev 0.220 (2012),
BMW i3 REx (I01),Gen3 BEV (2013-2022),RDME,Range-extender engine DME,,0x5839,22;2C,read (dyn. DID),ENVD_2_MON_3,Environment data for processor error,Umweltdaten beim Prozessorfehler,1,0,unsigned char,,rdme_i1.prg rev 0.220 (2012),
BMW i3 REx (I01),Gen3 BEV (2013-2022),RDME,Range-extender engine DME,,0x583A,22;2C,read (dyn. DID),ENVD_3_MON_3,Environment data for processor error,Umweltdaten beim Prozessorfehler,1,0,unsigned char,,rdme_i1.prg rev 0.220 (2012),
BMW i3 REx (I01),Gen3 BEV (2013-2022),RDME,Range-extender engine DME,,0x5A0E,22,read,IUSGI,ECU temperature,Steuergerätetemperatur,1,0,unsigned char,°C,rdme_i1.prg rev 0.220 (2012),
BMW i3 REx (I01),Gen3 BEV (2013-2022),RDME,Range-extender engine DME,,0x602A,2F,io-control,STEUERN_DK,Actuate throttle valve,Drosselklappe ansteuern,0,3,,,rdme_i1.prg rev 0.220 (2012),
BMW i3 REx (I01),Gen3 BEV (2013-2022),RDME,Range-extender engine DME,,0x60CB,2F,io-control,STEUERN_SLP,Control secondary air pump.,Steuern Sekundärluftpumpe.,0,3,,,rdme_i1.prg rev 0.220 (2012),
BMW i3 REx (I01),Gen3 BEV (2013-2022),RDME,Range-extender engine DME,,0x60CF,2F,io-control,STEUERN_TEV,Tank ventilation valve,Tankentlüftungsventil,0,3,,,rdme_i1.prg rev 0.220 (2012),
BMW i3 REx (I01),Gen3 BEV (2013-2022),RDME,Range-extender engine DME,,0x60D8,2F,io-control,STEUERN_EKP,Actuate electric fuel pump,EKP Ansteuern,0,3,,,rdme_i1.prg rev 0.220 (2012),
BMW i3 REx (I01),Gen3 BEV (2013-2022),RDME,Range-extender engine DME,,0xF020,31,routine,SLSCHECK,Secondary air system self-check,Systemcheck Sekundärluftsystem,1,0,unsigned char,0-n,rdme_i1.prg rev 0.220 (2012),
BMW i3 REx (I01),Gen3 BEV (2013-2022),RDME,Range-extender engine DME,,0xF022,31,routine,TEVCHECK,Tank ventilation valve self-check,Systemcheck Tankentlüftungsventil,1,0,unsigned char,0-n,rdme_i1.prg rev 0.220 (2012),
BMW i3 REx (I01),Gen3 BEV (2013-2022),RDME,Range-extender engine DME,,0xF030,31,routine,ADAP_SELEKTIV_LOESCHEN,Clear adaptations,Adaptionen löschen,3,3,,,rdme_i1.prg rev 0.220 (2012),
BMW i3 REx (I01),Gen3 BEV (2013-2022),RDME,Range-extender engine DME,,0xF031,31,routine,ADAP2_SELEKTIV_LOESCHEN,Clear adaptations (2),Adaptionen löschen (2),3,3,,,rdme_i1.prg rev 0.220 (2012),
BMW i3 REx (I01),Gen3 BEV (2013-2022),RDME,Range-extender engine DME,,0xF043,31,routine,MONTAGEMODUS,Activate assembly mode,Ansteuern Montage-Modus,2,0,,,rdme_i1.prg rev 0.220 (2012),
BMW i3 REx (I01),Gen3 BEV (2013-2022),RDME,Range-extender engine DME,,0xF0F2,31,routine,RAM,Save RAM / RAM save status,RAM sichern / Status RAM Sichern,1,0,unsigned char,0-n,rdme_i1.prg rev 0.220 (2012),
BMW i8 (I12),Gen3 PHEV (2014-2020),EME,Front e-machine electronics,,0xADC0,31,routine,STEUERN_START_LADEN,Request charging start,Ladestart anfordern,0,1,,,eme_i12.prg rev 0.417 (2012),
BMW i8 (I12),Gen3 PHEV (2014-2020),EME,Front e-machine electronics,,0xADC1,31,routine,STEUERN_STOP_LADEN,Request charging stop,Ladestop anfordern,0,1,,,eme_i12.prg rev 0.417 (2012),
BMW i8 (I12),Gen3 PHEV (2014-2020),EME,Front e-machine electronics,,0xADC4,31,routine,REX_ON_OFF,Switching on / off the range extender combustion engine,Ein-/Ausschalten des Range Extender Verbrennungsmotor,0,1,,,eme_i12.prg rev 0.417 (2012),
BMW i8 (I12),Gen3 PHEV (2014-2020),EME,Front e-machine electronics,,0xADC9,31,routine,AE_EWP,"Actuate and read out the electric coolant pump (actuation possible only when AE temperature is below threshold, house keeping not active, EWP not switched off, and manual speed control deactivated)","Ansteuern und Auslesen der elektrischen Wasserpumpe (Ansteuerung nur möglich bei AE Temperatur unter Schwelle, house keeping nicht aktiv, EWP nicht abgeschaltet und manuelle Drehzahl deaktivert)",3,2,,,eme_i12.prg rev 0.417 (2012),
BMW i8 (I12),Gen3 PHEV (2014-2020),EME,Front e-machine electronics,,0xADF1,31,routine,EME_DCDC_WANDLER,Control or read the status of the DC / DC converter,Steuern oder Auslesen des Status vom DC/DC-Wandler,2,6,,,eme_i12.prg rev 0.417 (2012),
BMW i8 (I12),Gen3 PHEV (2014-2020),EME,Front e-machine electronics,,0xADF4,31,routine,EME_AKS_EMK,Command the electric machine in the AKS: 0 - Control on EME-SW; 1 - AKS E-machine requested,E-Maschine in den AKS kommandieren: 0 - Kontrolle an EME-SW; 1 - AKS E-Maschine angefordert,1,1,unsigned char,0-n,eme_i12.prg rev 0.417 (2012),
BMW i8 (I12),Gen3 PHEV (2014-2020),EME,Front e-machine electronics,,0xADF6,31,routine,AE_ROTORLAGESENSOR_ANLERNEN,Teaching in the rotor position sensor (TA-EOL STEUERN),Anlernen Rotorlagesensor (TA-EOL STEUERN),5,1,,,eme_i12.prg rev 0.417 (2012),
BMW i8 (I12),Gen3 PHEV (2014-2020),EME,Front e-machine electronics,,0xADF8,31,routine,AE_KLASSIERUNG,Reading out the speed / torque classification data,Auslesen der  Drehzahl/Drehmoment-Klassierungsdaten,43,1,,,eme_i12.prg rev 0.417 (2012),
BMW i8 (I12),Gen3 PHEV (2014-2020),EME,Front e-machine electronics,,0xADF9,31,routine,AE_DCDC_HISTOGRAMM,Reading the requested histogram of the DCDC converter,Lesen des angeforderten Histogramm des DCDC-Wandlers,10,1,,,eme_i12.prg rev 0.417 (2012),
BMW i8 (I12),Gen3 PHEV (2014-2020),EME,Front e-machine electronics,,0xDDF6,22,read,EME_DCDC_LV,Voltage / current DCDC (12V vehicle electrical system) at the B + bolt,Spannung / Strom DCDC (12V Bordnetz) am B+ Bolzen,2,0,,,eme_i12.prg rev 0.417 (2012),
BMW i8 (I12),Gen3 PHEV (2014-2020),EME,Front e-machine electronics,,0xDE00,22,read,EME_HVPM_DCDC_ANSTEUERUNG,Return values from the HVPM for DCDC control,Rückgabewerte vom HVPM für DCDC Ansteuerung,16,0,,,eme_i12.prg rev 0.417 (2012),
BMW i8 (I12),Gen3 PHEV (2014-2020),EME,Front e-machine electronics,,0xDE02,22,read,EME_HVPM_HV_SYSTEM_ON_OFF,High-voltage system on / off,Hochvoltsystem An / Aus,7,0,,,eme_i12.prg rev 0.417 (2012),
BMW i8 (I12),Gen3 PHEV (2014-2020),EME,Front e-machine electronics,,0xDE03,22,read,EME_HVPM_ENERGIEBORDNETZ,Return values of the HVPM for HV energy and cell voltages,Rückgabewerte des HVPM über HV-Energie und Zellspannungen,34,0,,,eme_i12.prg rev 0.417 (2012),
BMW i8 (I12),Gen3 PHEV (2014-2020),EME,Front e-machine electronics,,0xDE04,22,read,EME_HVPM_ENERGIEBORDNETZ_2,Number of times the vehicle was ready to drive in the SOC area,Anzahl der Herstellung von Fahrbereitschaft im SOC Bereich,14,0,,,eme_i12.prg rev 0.417 (2012),
BMW i8 (I12),Gen3 PHEV (2014-2020),EME,Front e-machine electronics,,0xDE06,22,read,EME_HVPM_PKOR,HVPM performance coordinator,HVPM Leistungskoordinator,24,0,,,eme_i12.prg rev 0.417 (2012),
BMW i8 (I12),Gen3 PHEV (2014-2020),EME,Front e-machine electronics,,0xDE08,2E,write,EME_HVPM_INFOSPEICHER_PKOR_LOESCHEN,All fault memory entries of diagnostic job STATUS_HVPM_EKMV are set to zero.,Alle Infospeicher des Diagnosejobs STATUS_HVPM_EKMV werden auf Null gesetzt.,0,1,,,eme_i12.prg rev 0.417 (2012),
BMW i8 (I12),Gen3 PHEV (2014-2020),EME,Front e-machine electronics,,0xDE09,2E,write,EME_HVPM_INFOSPEICHER_STRZLR_LOESCHEN,Clear the info memory HSPM (STRZL),Löschen des Infospeicher HSPM (STRZL),0,1,,,eme_i12.prg rev 0.417 (2012),
BMW i8 (I12),Gen3 PHEV (2014-2020),EME,Front e-machine electronics,,0xDE0A,2E,write,EME_HVPM_INFOSPEICHER_SPMON_LOESCHEN,Deleting the information memory HVPMP (SPMON),Löschen des Infospeichers HVPMP (SPMON),0,1,,,eme_i12.prg rev 0.417 (2012),
BMW i8 (I12),Gen3 PHEV (2014-2020),EME,Front e-machine electronics,,0xDE0C,22,read,EME_HVIL_GESAMT,"Reading out the HVIL status in the EME; if HVIL is interrupted, then not ok","Auslesen des HVIL-Zustandes in der EME; falls HVIL unterbrochen, dann n.i.O.",1,0,unsigned char,0-n,eme_i12.prg rev 0.417 (2012),
BMW i8 (I12),Gen3 PHEV (2014-2020),EME,Front e-machine electronics,,0xDE18,22,read,EME_HVPM_SPANNUNGSFREIHEIT,Info memory for the de-energized state of the high-voltage system (monitored by HVPM),Infospeicher zur Spannungsfreiheit des Hochvoltsystems (durch HVPM überwacht),40,0,,,eme_i12.prg rev 0.417 (2012),
BMW i8 (I12),Gen3 PHEV (2014-2020),EME,Front e-machine electronics,,0xDE19,22,read,EME_ELUP,"Number of brake actuations, running time and starts of the ELUP","Anzahl der Bremsbetätigungen, Laufzeit und Anläufe der ELUP",3,0,,,eme_i12.prg rev 0.417 (2012),
BMW i8 (I12),Gen3 PHEV (2014-2020),EME,Front e-machine electronics,,0xDE1C,22,read,EME_HVPM_DCDC_ALS,HVPM DCDC ALS,HVPM DCDC ALS,4,0,,,eme_i12.prg rev 0.417 (2012),
BMW i8 (I12),Gen3 PHEV (2014-2020),EME,Front e-machine electronics,,0xDE2D,22,read,AE_CPLD_VERSION,CPLD version,CPLD-Version,1,0,unsigned char,,eme_i12.prg rev 0.417 (2012),
BMW i8 (I12),Gen3 PHEV (2014-2020),EME,Front e-machine electronics,,0xDE71,22,read,AE_CHARGE_ENABLE,Statement about the granting of loading clearance,Aussage über die Erteilung der Ladefreigabe,1,0,unsigned char,0-n,eme_i12.prg rev 0.417 (2012),
BMW i8 (I12),Gen3 PHEV (2014-2020),EME,Front e-machine electronics,,0xDE75,22,read,AE_HV_SPANNUNG_LESEN,Values of all intermediate circuit voltages,Werte aller Zwischenkreisspannungen,5,0,,,eme_i12.prg rev 0.417 (2012),
BMW i8 (I12),Gen3 PHEV (2014-2020),EME,Front e-machine electronics,,0xDE7D,22,read,AE_ROHSIG_AUSGANG,Raw signals output pins,Rohsignale Ausgangspins,4,0,,,eme_i12.prg rev 0.417 (2012),
BMW i8 (I12),Gen3 PHEV (2014-2020),EME,Front e-machine electronics,,0xDE7E,22,read,AE_ROHSIG_EINGANG_SENS_ELUP_BUDS,"Raw signals output pins sensors ELUP, BUDS","Rohsignale Ausgangspins Sensoren ELUP, BUDS",2,0,,,eme_i12.prg rev 0.417 (2012),
BMW i8 (I12),Gen3 PHEV (2014-2020),EME,Front e-machine electronics,,0xDE7F,22,read,AE_ROHSIG_EINGANG_SENS_EM_INV,Raw signals sensors / inputs for e-machines / converters,Rohsignale Sensoren/Eingänge für E-Maschine/Umrichter,13,0,,,eme_i12.prg rev 0.417 (2012),
BMW i8 (I12),Gen3 PHEV (2014-2020),EME,Front e-machine electronics,,0xDE80,22,read,AE_ROHSIG_EINGANG_SENS_PARKSPERRE,Raw signals sensors / inputs parking lock,Rohsignale Sensoren/Eingänge Parksperre,3,0,,,eme_i12.prg rev 0.417 (2012),
BMW i8 (I12),Gen3 PHEV (2014-2020),EME,Front e-machine electronics,,0xDE81,22,read,AE_ROHSIG_EINGANG_SENS_SG,Raw signals sensors / inputs control unit,Rohsignale Sensoren/Eingänge Steuergerät,5,0,,,eme_i12.prg rev 0.417 (2012),
BMW i8 (I12),Gen3 PHEV (2014-2020),EME,Front e-machine electronics,,0xDE82,22,read,AE_ROHSIG_EINGANG_SENS_SLE,Raw signals sensors / inputs SLE,Rohsignale Sensoren/Eingänge SLE,10,0,,,eme_i12.prg rev 0.417 (2012),
BMW i8 (I12),Gen3 PHEV (2014-2020),EME,Front e-machine electronics,,0xDE83,22,read,AE_ROHSIG_EINGANG_SENS_DCDC,Raw signals sensors / inputs DC / DC converter,Rohsignale Sensoren/Eingänge DC/DC Wandler,3,0,,,eme_i12.prg rev 0.417 (2012),
BMW i8 (I12),Gen3 PHEV (2014-2020),EME,Front e-machine electronics,,0xDE84,22,read,AE_BETRIEBSZUSTAND_SLE,Operating modes SLE,Betriebsarten SLE,6,0,,,eme_i12.prg rev 0.417 (2012),
BMW i8 (I12),Gen3 PHEV (2014-2020),EME,Front e-machine electronics,,0xDE85,22,read,AE_SLE_LEISTUNG,Power values intermediate circuit of the SLE,Leistungswerte Zwischenkreis der SLE,3,0,,,eme_i12.prg rev 0.417 (2012),
BMW i8 (I12),Gen3 PHEV (2014-2020),EME,Front e-machine electronics,,0xDE86,22,read,AE_SLE_SPANNUNG,AC and DC voltages SLE,AC und DC Spannungen SLE,3,0,,,eme_i12.prg rev 0.417 (2012),
BMW i8 (I12),Gen3 PHEV (2014-2020),EME,Front e-machine electronics,,0xDE87,22,read,AE_SLE_STROM,AC and DC currents SLE,AC und DC Ströme SLE,4,0,,,eme_i12.prg rev 0.417 (2012),
BMW i8 (I12),Gen3 PHEV (2014-2020),EME,Front e-machine electronics,,0xDE88,22,read,AE_SPANNUNG_KLEMME30B,current voltage at KL30B,aktuelle Spannung an KL30B,1,0,unsigned int,V,eme_i12.prg rev 0.417 (2012),
BMW i8 (I12),Gen3 PHEV (2014-2020),EME,Front e-machine electronics,,0xDE89,22,read,AE_STROM_DCDC,DC / DC converter currents,Ströme DC/DC Wandler,6,0,,,eme_i12.prg rev 0.417 (2012),
BMW i8 (I12),Gen3 PHEV (2014-2020),EME,Front e-machine electronics,,0xDE8B,2E;22,read/write,AE_STROM_MAX,Maximum measured currents since last reset or reset of values,maximal gemessene Ströme seit letztem Rücksetzen oder Rücksetzen der Werte,8,1,,,eme_i12.prg rev 0.417 (2012),
BMW i8 (I12),Gen3 PHEV (2014-2020),EME,Front e-machine electronics,,0xDE8C,22,read,AE_TEMP_LE,Temperatures control unit drive electronics,Temperaturen Steuergerät Antriebselektronik,21,0,,,eme_i12.prg rev 0.417 (2012),
BMW i8 (I12),Gen3 PHEV (2014-2020),EME,Front e-machine electronics,,0xDE92,22,read,AE_ZUSTAND_1_DCDC,DC / DC converter status,Status DC/DC-Wandler,3,0,,,eme_i12.prg rev 0.417 (2012),
BMW i8 (I12),Gen3 PHEV (2014-2020),EME,Front e-machine electronics,,0xDE93,2E;22,read/write,AE_ELUP,Current status ELUP or activate / deactivate ELUP,aktueller Zustand ELUP bzw. aktivieren/deaktivieren ELUP,4,1,,,eme_i12.prg rev 0.417 (2012),
BMW i8 (I12),Gen3 PHEV (2014-2020),EME,Front e-machine electronics,,0xDE96,22,read,AE_ZUSTAND_DCDC_FEHLERBILD,Return of active / inactive errors DC / DC converter,Rückgabe aktiver/inaktiver Fehler DC/DC-Wandler,1,0,BITFIELD,bit,eme_i12.prg rev 0.417 (2012),
BMW i8 (I12),Gen3 PHEV (2014-2020),EME,Front e-machine electronics,,0xDE9E,22,read,STATUS_CONNECTED_DRIVE,Information about Connected Drive,Informationen über Connected Drive,10,0,,,eme_i12.prg rev 0.417 (2012),
BMW i8 (I12),Gen3 PHEV (2014-2020),EME,Front e-machine electronics,,0xDEA0,22,read,STATUS_TSR_LADEN,All return values regarding TSR charging,Alle Rückgabewert bezüglich TSR Laden,130,0,,,eme_i12.prg rev 0.417 (2012),
BMW i8 (I12),Gen3 PHEV (2014-2020),EME,Front e-machine electronics,,0xDEA5,22,read,AE_BUDS,Brake vacuum sensor value,Sensorwert des Bremsunterdrucks,1,0,unsigned char,hPa,eme_i12.prg rev 0.417 (2012),
BMW i8 (I12),Gen3 PHEV (2014-2020),EME,Front e-machine electronics,,0xDEA6,22,read,AE_TEMP_EMASCHINE,Value of the current temperatures of the e-machine in degrees Celsius,Wert der aktuellen Temperaturen der E-Maschine in Grad Celsius,2,0,,,eme_i12.prg rev 0.417 (2012),
BMW i8 (I12),Gen3 PHEV (2014-2020),EME,Front e-machine electronics,,0xDEA7,22,read,AE_ELEKTRISCHE_MASCHINE,"Reading out the speed, torque and operating mode of the electric machine","Auslesen von Drehzahl, Drehmoment und Betriebsart der E-Maschine",4,0,,,eme_i12.prg rev 0.417 (2012),
BMW i8 (I12),Gen3 PHEV (2014-2020),EME,Front e-machine electronics,,0xDEA9,22,read,AE_ZUSTAND_2_DCDC,Various statuses returned from the DCDC converter,Rückgabe verschiederer Status vom DCDC-Wandler,1,0,BITFIELD,bit,eme_i12.prg rev 0.417 (2012),
BMW i8 (I12),Gen3 PHEV (2014-2020),EME,Front e-machine electronics,,0xDEB1,2E,write,AE_ROTORLAGESENSOR_SCHREIBEN,Direct write of the resolver offset angle,Direktes Schreiben des Resolveroffset Winkels,0,1,,,eme_i12.prg rev 0.417 (2012),
BMW i8 (I12),Gen3 PHEV (2014-2020),EME,Front e-machine electronics,,0xDEB2,2E,write,AE_DCDC_TEMPHISTOGRAMM_LESEN,Read out temperature histograms DCDC / reset temperature histograms (0 = no reset; 1 = reset),Auslesen Temperatur-Histogramme DCDC / Rücksetzen Temperatur-Histogramme (0 = kein Reset; 1 = Reset),0,1,,,eme_i12.prg rev 0.417 (2012),
BMW i8 (I12),Gen3 PHEV (2014-2020),EME,Front e-machine electronics,,0xDEB3,2E,write,AE_DCDC_LEISTUNGSHISTOGRAMM,Read out power histograms DCDC converter / reset power histograms (0 = no reset; 1 = reset),Auslesen Leistungs-Histogramme DCDC-Wandler / Zurücksetzen Leistungs-Histogramme (0 = kein Reset; 1 = Reset),0,1,,,eme_i12.prg rev 0.417 (2012),
BMW i8 (I12),Gen3 PHEV (2014-2020),EME,Front e-machine electronics,,0xDEB4,2E,write,AE_RESET_TEMP_MIN_MAX,Resetting the minimum and maximum temperature of the DC / DC converter (0 = no reset; 1 = reset),Rücksetzen der minimalen und maximalen Temperatur des DC/DC Wandlers (0 = kein Reset; 1 = Reset),0,1,,,eme_i12.prg rev 0.417 (2012),
BMW i8 (I12),Gen3 PHEV (2014-2020),EME,Front e-machine electronics,,0xDEB5,22,read,AE_PIC_SW_VERSION,Returns current version of the PIC software,Gibt aktuellen Versionen der PIC-SW zurück,2,0,,,eme_i12.prg rev 0.417 (2012),
BMW i8 (I12),Gen3 PHEV (2014-2020),EME,Front e-machine electronics,,0xDEB6,2E,write,AE_ROTORLAGESENSOR_RESET,Resetting the resolver offset angle,Zurücksetzen des Resolveroffsetwinkels,0,1,,,eme_i12.prg rev 0.417 (2012),
BMW i8 (I12),Gen3 PHEV (2014-2020),EME,Front e-machine electronics,,0xDEB7,2E,write,AE_KLASSIERUNG_LOESCHEN,Deletion of the entire classification data,Loeschen der gesamten Klassierungsdaten,0,1,,,eme_i12.prg rev 0.417 (2012),
BMW i8 (I12),Gen3 PHEV (2014-2020),EME,Front e-machine electronics,,0xDEBC,22,read,AE_CTRL_VERSION,Controller board version,Controllerbord-Version,1,0,unsigned char,,eme_i12.prg rev 0.417 (2012),
BMW i8 (I12),Gen3 PHEV (2014-2020),EME,Front e-machine electronics,,0xDEBD,22,read,AE_SPANNUNG_DCDC,Voltages DCDC converter,Spannungen DCDC Wandler,2,0,,,eme_i12.prg rev 0.417 (2012),
BMW i8 (I12),Gen3 PHEV (2014-2020),EME,Front e-machine electronics,,0xDEBE,22,read,AE_SPANNUNG_LE,Internal voltages of the power electronics,Interne Spannungen der Leistungselektronik,9,0,,,eme_i12.prg rev 0.417 (2012),
BMW i8 (I12),Gen3 PHEV (2014-2020),EME,Front e-machine electronics,,0xDEBF,22,read,AE_SYSSTATE,Internal status states of the control unit,Interne Statuszustände des Steuergerät,4,0,,,eme_i12.prg rev 0.417 (2012),
BMW i8 (I12),Gen3 PHEV (2014-2020),EME,Front e-machine electronics,,0xDEC4,22;2E,read/write,AE_PRND_AKTOR_EINLERNEN,"Read the learning status of the PRND actuator, or initialize the PRND actuator",Auslesen des Einlernszustandes vom PRND Aktor oder Initialisierung PRND Aktor,2,1,,,eme_i12.prg rev 0.417 (2012),
BMW i8 (I12),Gen3 PHEV (2014-2020),EME,Front e-machine electronics,,0xDEC5,22,read,AE_PRND_AKTOR_POSITION,Current position of the PRND actuator,Aktuelle Position der PRND Aktor,1,0,unsigned int,0-n,eme_i12.prg rev 0.417 (2012),
BMW i8 (I12),Gen3 PHEV (2014-2020),EME,Front e-machine electronics,,0xDEC6,22,read,AE_PRND_AKTOR_POSITIONEN,Read the learned PRND actuator positions,Auslesen der eingelernten PRND Aktor Positionen,4,0,,,eme_i12.prg rev 0.417 (2012),
BMW i8 (I12),Gen3 PHEV (2014-2020),EME,Front e-machine electronics,,0xDEC7,22,read,AE_PRND_AKTOR_SENSOREN,Status of the PRND actuator sensors,Status Sensoren des PRND Aktors,2,0,,,eme_i12.prg rev 0.417 (2012),
BMW i8 (I12),Gen3 PHEV (2014-2020),EME,Front e-machine electronics,,0xDEC8,22,read,AE_PRND_AKTOR_SPANNUNGEN,Read the voltages of the PRND actuator,Auslesen der Spannungen des PRND Aktors,2,0,,,eme_i12.prg rev 0.417 (2012),
BMW i8 (I12),Gen3 PHEV (2014-2020),EME,Front e-machine electronics,,0xDEC9,22,read,AE_PRND_AKTOR_SW,PRND actuator software status,Status PRND Aktor Software,1,0,unsigned char,0-n,eme_i12.prg rev 0.417 (2012),
BMW i8 (I12),Gen3 PHEV (2014-2020),EME,Front e-machine electronics,,0xDECA,22,read,AE_PRND_AKTOR_VERSION,Read current version of the PRND actuator software,Auslesen aktuelle Version der PRND Aktor SW,2,0,,,eme_i12.prg rev 0.417 (2012),
BMW i8 (I12),Gen3 PHEV (2014-2020),EME,Front e-machine electronics,,0xDECB,2E,write,AE_PRND_AKTOR,Initiates the approach to the transmission positions P/R/N/D,Initiert das Anfahren der Getiebepositionen P/R/N/D,0,1,,,eme_i12.prg rev 0.417 (2012),
BMW i8 (I12),Gen3 PHEV (2014-2020),EME,Front e-machine electronics,,0xDECC,2E,write,AE_PRND_AKTOR_AUSLIEFERPOSITION,"Moves the actuator to the delivery position (based on default data, also possible in the non-learned state). The actuator can then be learned","Verfährt den Aktor in die Auslieferposition (auf Basis von Defaultdaten, auch im nicht eingelernten Zustand möglich). Aktor kann anschließend eingelernt werden",0,1,,,eme_i12.prg rev 0.417 (2012),
BMW i8 (I12),Gen3 PHEV (2014-2020),EME,Front e-machine electronics,,0xDECD,2E,write,AE_PRND_AKTOR_MAGNET,Switch on the solenoid for the PRND actuator,Einschalten des Magneten für den PRND Aktor,0,1,,,eme_i12.prg rev 0.417 (2012),
BMW i8 (I12),Gen3 PHEV (2014-2020),EME,Front e-machine electronics,,0xDECE,2E,write,AE_PRND_AKTOR_NVRAM_LOESCHEN,Clears the NV-RAM data of the PRND actuator. Important: after this job the ECU must go to sleep so that the cleared values are adopted in NV-RAM,"Löscht die NV-Ram Daten des PRND-Aktors. Wichtig: nach diesem Job muss das SG einschlafen, damit die gelöschten Werte in NV-RAM übernommen werden",0,1,,,eme_i12.prg rev 0.417 (2012),
BMW i8 (I12),Gen3 PHEV (2014-2020),EME,Front e-machine electronics,,0xDEDD,22,read,AE_FAHRSTUFE,current actual position of the drive train (PRND),aktuelle Ist-Position des Antriebsstrangs (PRND),1,0,unsigned char,0-n,eme_i12.prg rev 0.417 (2012),
BMW i8 (I12),Gen3 PHEV (2014-2020),EME,Front e-machine electronics,,0xDEDE,22,read,AE_LSC_LADEN,Feedback on the charging process,Rückmeldung zum Ladeverfahrens,26,0,,,eme_i12.prg rev 0.417 (2012),
BMW i8 (I12),Gen3 PHEV (2014-2020),EME,Front e-machine electronics,,0x400C,2E,write,AE_SN_SETZEN,serial number,Seriennummer,0,4,,,eme_i12.prg rev 0.417 (2012),
BMW i8 (I12),Gen3 PHEV (2014-2020),EME,Front e-machine electronics,,0x400D,2E,write,AE_HWCAL_SETZEN,Set hardware calibration data of the AE The serial number cannot be set (own job _steuern_sn_etzen) !!!,Hardware Kalibrierungsdaten der AE setzen Es kann nicht die Seriennummer gesetz werden (eigener Job _steuern_sn_setzen)!!!,0,5,,,eme_i12.prg rev 0.417 (2012),
BMW i8 (I12),Gen3 PHEV (2014-2020),EME,Front e-machine electronics,,0x400E,2E,write,AE_HWCAL_FLASHEN,Writes the HWCALs of a certain block into the flash,Schreibt die HWCALs eines bestimmten Blocks ins Flash,0,2,,,eme_i12.prg rev 0.417 (2012),
BMW i8 (I12),Gen3 PHEV (2014-2020),EME,Front e-machine electronics,,0x400F,2E,write,AE_HWCAL_MODE,Bring the SG into HWCAL Flash mode,SG in den HWCAL Flash-Mode bringen,0,1,,,eme_i12.prg rev 0.417 (2012),
BMW i8 (I12),Gen3 PHEV (2014-2020),EME,Front e-machine electronics,,0xF010,31,routine,AE_HWCAL_LESEN,Reading out the HWCALs using the block number and processor,Auslesen der HWCALs anhand von Blocknummer und Prozessor,2,3,,,eme_i12.prg rev 0.417 (2012),
BMW i8 (I12),Gen3 PHEV (2014-2020),EME,Front e-machine electronics,,0xF011,31,routine,AE_RESETINFO_LESEN,Reading out the reset info from the flash,Auslesen der Resetinfo aus dem Flash,12,1,,,eme_i12.prg rev 0.417 (2012),
BMW i8 (I12),Gen3 PHEV (2014-2020),EME,Front e-machine electronics,,0xF050,31,routine,AE_FREILAUF_MODUS,Free running mode,Freilauf Modus,1,0,char,0-n,eme_i12.prg rev 0.417 (2012),
BMW i8 (I12),Gen3 PHEV (2014-2020),REME,High-voltage starter-generator electronics,,0xADF4,31,routine,EME_AKS_EMK,Command the electric machine in the AKS: 0 - Control on EME-SW; 1 - AKS E-machine requested,E-Maschine in den AKS kommandieren: 0 - Kontrolle an EME-SW; 1 - AKS E-Maschine angefordert,1,1,unsigned char,0-n,reme_i12.prg rev 0.200 (2012),
BMW i8 (I12),Gen3 PHEV (2014-2020),REME,High-voltage starter-generator electronics,,0xADF7,31,routine,EME_IGBT_FREILAUF,Opening the IGBTs to switch the e-machine to high impedance on the AC side,"Öffnen der IGBTS, um die E-Maschine AC-seitig hochohmig wegzuschalten",1,0,unsigned char,0-n,reme_i12.prg rev 0.200 (2012),
BMW i8 (I12),Gen3 PHEV (2014-2020),REME,High-voltage starter-generator electronics,,0xDDF0,22,read,EME_TEMP_EMASCHINE,Read the current temperature value of the e-machine in degrees Celsius,Wert der aktuellen Temperatur der E-Maschine in Grad Celsius lesen,5,0,,,reme_i12.prg rev 0.200 (2012),
BMW i8 (I12),Gen3 PHEV (2014-2020),REME,High-voltage starter-generator electronics,,0xDDF1,22,read,EME_SPANNUNG_DC_HV,"DC voltage of the e-machine after rectification by the EME (HV battery side, referred to internal)",DC Spannung der E-Maschine nach Gleichrichtung durch die EME (HV-Batterieseitig nach intern),1,0,int,V,reme_i12.prg rev 0.200 (2012),
BMW i8 (I12),Gen3 PHEV (2014-2020),REME,High-voltage starter-generator electronics,,0xDDF3,22,read,EME_STROM_EMASCHINE_AC,HV current of the DC/DC converter and the averaged RMS current of the e-machine,HV-Strom des DCDC Wandlers und dem gemitteltem Effektivstrom der E-Maschine,3,0,,,reme_i12.prg rev 0.200 (2012),
BMW i8 (I12),Gen3 PHEV (2014-2020),REME,High-voltage starter-generator electronics,,0xDDF4,22,read,EME_STROM_EMASCHINE_DC,DC current (on the HV side) caused by the EMK,DC Strom (auf der HV Seite) verursacht durch die EMK,1,0,int,A,reme_i12.prg rev 0.200 (2012),
BMW i8 (I12),Gen3 PHEV (2014-2020),REME,High-voltage starter-generator electronics,,0xDDF5,22,read,EME_POSITIONSGEBER,Angular position of the e-machines in degrees,Winkelstellung der E-Maschinen in Grad,1,0,unsigned int,°,reme_i12.prg rev 0.200 (2012),
BMW i8 (I12),Gen3 PHEV (2014-2020),REME,High-voltage starter-generator electronics,,0xDDF7,22,read,EME_ELEKTRISCHE_MASCHINE,Read speed and torque of the e-machine,Auslesen von Drehzahl und Drehmoment der E-Maschine,3,0,,,reme_i12.prg rev 0.200 (2012),
BMW i8 (I12),Gen3 PHEV (2014-2020),REME,High-voltage starter-generator electronics,,0xDDFC,22,read,EME_INFO_EMK,Bit-coded derating information from the e-machine control,Bitkodierte Deratinginformation  der E-Maschinenregelung,1,0,unsigned int,,reme_i12.prg rev 0.200 (2012),
BMW i8 (I12),Gen3 PHEV (2014-2020),REME,High-voltage starter-generator electronics,,0xDDFE,22,read,EME_ANTRIEBSART,"Feedback of the currently active drive mode, e.g. recuperation, boost, etc.","Rückmeldung der aktuell anliegenden Antriebsart. z.B. Rekuperation, Boost etc.",1,0,unsigned char,0-n,reme_i12.prg rev 0.200 (2012),
BMW i8 (I12),Gen3 PHEV (2014-2020),REME,High-voltage starter-generator electronics,,0xDE2E,22,read,EME_SERIENNUMMERN_BOSCH,"Serial, part and revision number of the ECU (Bosch)","Serien-, Sach- und Änderungsnummer des Steuergeräts (Bosch)",4,0,,,reme_i12.prg rev 0.200 (2012),
BMW 530Le (F18),"Gen2 PHEV (2014-2017, China)",SME,HV battery management,,0xAD61,31,routine,ISOLATION,Isolation test result,Ergebnis Isolationstest,2,0,,,sme_f18.prg rev 0.107 (2012),
BMW 530Le (F18),"Gen2 PHEV (2014-2017, China)",SME,HV battery management,,0xAD69,31,routine,NV_DATEN_SCHREIBEN,Saving data in the NV-RAM,Sichern von Daten im NV-RAM,1,0,unsigned char,0/1,sme_f18.prg rev 0.107 (2012),
BMW 530Le (F18),"Gen2 PHEV (2014-2017, China)",SME,HV battery management,,0xAD6B,31,routine,SYMMETRIERUNG,Activate balancing,Symmetrierung ansteueren,1,0,unsigned char,0-n,sme_f18.prg rev 0.107 (2012),
BMW 530Le (F18),"Gen2 PHEV (2014-2017, China)",SME,HV battery management,,0xAD6E,31,routine,ZELLSPANNUNG_LESEN,Cell whose voltage is to be determined,Zelle deren Spannung ermittelt werden soll,1,1,unsigned int,V,sme_f18.prg rev 0.107 (2012),
BMW 530Le (F18),"Gen2 PHEV (2014-2017, China)",SME,HV battery management,,0xAD7B,31,routine,ENTLUEFTUNG_KUEHLKREIS,Routine for venting the coolant circuit (dedicated cooling for HV battery),Routine zum Entlüften des Kühlmittelkreislaufs (Eigene Kühlung für HV-Speicher),1,0,unsigned char,0-n,sme_f18.prg rev 0.107 (2012),
BMW 530Le (F18),"Gen2 PHEV (2014-2017, China)",SME,HV battery management,,0xDD60,22,read,SCHUETZ_SCHALTER,"Job: Status, contactor switch: closed or open Result: Status of the contactor switch: closed or open. See table TAB_SCHUETZ_SCHALTER for results",Job: Status Schützschalter: geschlossen oder offen Result: Status der Schützschalter: geschlossen oder offen. Ergebnisse siehe Tabelle TAB_SCHUETZ_SCHALTER,1,0,unsigned char,0-n,sme_f18.prg rev 0.107 (2012),
BMW 530Le (F18),"Gen2 PHEV (2014-2017, China)",SME,HV battery management,,0xDD61,22;2E,read/write,SCHUETZ_FREIGABE,Writes or reads the bit to enable or disable the contactor switch. Job is clamp-safe,Schreibt bzw. liest das Bit zur Freigabe oder Sperrung der Schützschalter. Job ist Klemmensicher,1,1,unsigned char,0-n,sme_f18.prg rev 0.107 (2012),
BMW 530Le (F18),"Gen2 PHEV (2014-2017, China)",SME,HV battery management,,0xDD64,22,read,HVIL,Job: Result of HVIL test Result: Result of HVIL test,Job: Ergebnis HVIL-Prüfung Result: Ergebnis HVIL-Prüfung,1,0,unsigned char,0-n,sme_f18.prg rev 0.107 (2012),
BMW 530Le (F18),"Gen2 PHEV (2014-2017, China)",SME,HV battery management,,0xDD66,22,read,HV_SPANNUNG,"Job: HV voltage of the DC link before the contactors Result: DC-link voltage before the contactors, independent of contactor state","Job: HV-Spannung des Zwischenkreises vor den Schützen Result: Zwischenkreisspannung vor den Schützen, unabhängig vom Schützzustand",1,0,unsigned int,V,sme_f18.prg rev 0.107 (2012),
BMW 530Le (F18),"Gen2 PHEV (2014-2017, China)",SME,HV battery management,,0xDD67,22,read,ANZAHL_KUEHLANFORDERUNG_DRINGEND,Job: Counter describes how often a higher temperature state was reached in consecutive terminal cycles. (Maximum value) Result: Number of higher temperature states in consecutive terminal cycles.,Job: Zähler beschreibt wie häufig in aufeinanderfolgenden Klemmenzyklen in einen höheren Temperaturzustand gefahren wurde. (Maximalwert) Result: Anzahl der höheren T-Zustände in aufeinanderfolgenden Klemmenzyklen.,1,0,unsigned char,,sme_f18.prg rev 0.107 (2012),
BMW 530Le (F18),"Gen2 PHEV (2014-2017, China)",SME,HV battery management,,0xDD69,22,read,HV_STROM,Job: HV current Result: HV current in A,Job: HV-Strom Result: HV-Strom in A,1,0,long,A,sme_f18.prg rev 0.107 (2012),
BMW 530Le (F18),"Gen2 PHEV (2014-2017, China)",SME,HV battery management,,0xDD6A,22,read,ISOLATIONSWIDERSTAND,Reading out the currently applied insulation resistance,Auslesen des aktuell anliegenden Isolationswiderstands,4,0,,,sme_f18.prg rev 0.107 (2012),
BMW 530Le (F18),"Gen2 PHEV (2014-2017, China)",SME,HV battery management,,0xDD6C,22,read,KUEHLKREISLAUF_TEMP,Job: Temperature of the coolant circuit Result: Temperature of the coolant medium in °C,Job: Temperatur des Kühlkreislaufs Result: Temperatur des Kühlmediums in °C,1,0,int,°C,sme_f18.prg rev 0.107 (2012),
BMW 530Le (F18),"Gen2 PHEV (2014-2017, China)",SME,HV battery management,,0xDD6F,22;2E,read/write,KUEHLKREISLAUF_VENTIL,Status / control coolant valve: Closed or open / close or open,Status / Steuern Kühlmittel-Ventil: Geschlossen oder offen / schliessen oder öffnen,1,1,unsigned char,0-n,sme_f18.prg rev 0.107 (2012),
BMW 530Le (F18),"Gen2 PHEV (2014-2017, China)",SME,HV battery management,,0xDD73,22,read,CUMULATIVE_LADUNG,"Job: Status, cumulative charge Result: The cumulative charge for charging events in Ah",Job: Status kumulierte Ladung Result: Die kumulierte Ladung für Ladevorgänge in Ah,1,0,unsigned long,Ah,sme_f18.prg rev 0.107 (2012),
BMW 530Le (F18),"Gen2 PHEV (2014-2017, China)",SME,HV battery management,,0xDD74,22,read,CUMULATIVE_ENTLADUNG,"Job: Status, cumulative discharge Result: The cumulative charge for discharge events in Ah",Job: Status kumulierte Entladung Result: Die kumulierte Ladung für Entladevorgänge in Ah,1,0,unsigned long,Ah,sme_f18.prg rev 0.107 (2012),
BMW 530Le (F18),"Gen2 PHEV (2014-2017, China)",SME,HV battery management,,0xDD76,22,read,STATUS_KL30C_SPANNUNG,"Job: Voltage, terminal 30C Result: Voltage, terminal 30C in V",Job: Spannung Klemme 30C Result: Spannung Klemme 30C in V,1,0,unsigned char,V,sme_f18.prg rev 0.107 (2012),
BMW 530Le (F18),"Gen2 PHEV (2014-2017, China)",SME,HV battery management,,0xDD7D,22,read,STROMGRENZEN,Current limits,Stromgrenzen,2,0,,,sme_f18.prg rev 0.107 (2012),
BMW 530Le (F18),"Gen2 PHEV (2014-2017, China)",SME,HV battery management,,0xDD7E,22,read,SPANNUNGSGRENZEN,Voltage limits,Spannungsgrenzen,2,0,,,sme_f18.prg rev 0.107 (2012),
BMW 530Le (F18),"Gen2 PHEV (2014-2017, China)",SME,HV battery management,,0xDD91,22,read,ZEIT_SOC_KLASSE,Time since installation in SOC classes,Zeit seit Einbau in SOC-Klassen,12,0,,,sme_f18.prg rev 0.107 (2012),
BMW 530Le (F18),"Gen2 PHEV (2014-2017, China)",SME,HV battery management,,0xDDA1,2E;22,read/write,KUEHLMITTELPUMPE,Result values or control of the coolant pump for cooling the HV battery in % (0-100%),Resultwerte oder Steuerung der Kühlmittelpumpe für die Kühlung des Hochvoltspeichers in % (0-100%),1,2,unsigned char,%,sme_f18.prg rev 0.107 (2012),
BMW 530Le (F18),"Gen2 PHEV (2014-2017, China)",SME,HV battery management,,0xDDB4,22,read,HV_SPANNUNG_BATTERIE,"Job: Battery voltage behind the contactors, independent of contactor state Result: Battery voltage behind the contactors, independent of contactor state","Job: Batteriespannung hinter den Schützen, unabhängig vom Schützzustand Result: Batteriespannung hinter den Schützen, unabhängig vom Schützzustand",1,0,unsigned int,V,sme_f18.prg rev 0.107 (2012),
BMW 530Le (F18),"Gen2 PHEV (2014-2017, China)",SME,HV battery management,,0xDDB6,22,read,ALTERUNG_INNENWIDERSTAND,"Job: Internal resistance aging in percent: internal resistance of the storage (battery) in new condition relative to the current internal resistance value  (R_neu /R_akt) *100   (100% = new condition, decreases with aging) Result: Internal resistance aging in percent: internal resistance of the storage (battery) in new condition relative to the current internal resistance value  (R_neu /R_akt) *100   (100% = new condition, decreases with aging)","Job: Alterung des Innenwiderstands in Prozent: Innenwiderstand des Speichers im Neuzustand auf den aktuellen Wert des Innenwiderstands bezogen  (R_neu /R_akt) *100   (100% = Neuzustand, sinkt mit Alterung) Result: Alterung des Innenwiderstands in Prozent: Innenwiderstand des Speichers im Neuzustand auf den aktuellen Wert des Innenwiderstands bezogen  (R_neu /R_akt) *100   (100% = Neuzustand, sinkt mit Alterung)",1,0,unsigned int,%,sme_f18.prg rev 0.107 (2012),
BMW 530Le (F18),"Gen2 PHEV (2014-2017, China)",SME,HV battery management,,0xDDB7,22,read,REFERENZ_KAPAZITAET,"Job: Remaining capacity of the storage (battery), percentage value: ( C_akt/C_nenn(neu) ) * 100, 100 = new condition. Raw estimate from the onboard capacity estimator of the overall storage Result: Remaining capacity of the storage (battery), percentage value: ( C_akt/C_nenn(neu) ) * 100, 0 = end of life reached, 100 = new condition","Job: Restkapazität des Speichers, prozentualer Wert: ( C_akt/C_nenn(neu) ) * 100, 100 = Neuzustand. Roh-Schätzwert des Onboard-Kapazitätsschätzers des Gesamtspeichers Result: Restkapazität des Speichers, prozentualer Wert: ( C_akt/C_nenn(neu) ) * 100, 0 = Lebensdauerende erreicht, 100 = Neuzustand",1,0,unsigned char,%,sme_f18.prg rev 0.107 (2012),
BMW 530Le (F18),"Gen2 PHEV (2014-2017, China)",SME,HV battery management,,0xDDBC,22,read,ANZEIGE_SOC,current advertisement Soc,aktueller Anzeige Soc,3,0,,,sme_f18.prg rev 0.107 (2012),
BMW 530Le (F18),"Gen2 PHEV (2014-2017, China)",SME,HV battery management,,0xDDBD,22,read,SERVICE_DISCONNECT,"Job: Status of the service disconnect (0 = open, 1 = closed) Result: Status, service disconnect (0 = open, 1 = closed)","Job: Status des Service Disconnects (0 = offen,1 = geschlossen) Result: Status Service Disconnect (0 = offen, 1 = geschlossen)",1,0,unsigned char,0/1,sme_f18.prg rev 0.107 (2012),
BMW 530Le (F18),"Gen2 PHEV (2014-2017, China)",SME,HV battery management,,0xDDBE,22,read,VORLADUNG,"Info about time, current and temperatures during pre-charging","Info über Zeit, Strom und Temperaturen bei Vorladung",15,0,,,sme_f18.prg rev 0.107 (2012),
BMW 530Le (F18),"Gen2 PHEV (2014-2017, China)",SME,HV battery management,,0xDDBF,22,read,ZELLSPANNUNGEN_MIN_MAX,minimum and maximum single cell voltages are output,minimale und maximale Einzelzellspannungen werden ausgegeben,2,0,,,sme_f18.prg rev 0.107 (2012),
BMW 530Le (F18),"Gen2 PHEV (2014-2017, China)",SME,HV battery management,,0xDDC0,22,read,TEMPERATUREN,"Output of minimum measured temperature, maximum measured temperature, average measured temperature, maximum cell core temperature","Ausgabe minimale Messtemperatur, maximale Messtemperatur, durchschnittliche Messtemperatur, maximale Zellkerntemperatur",4,0,,,sme_f18.prg rev 0.107 (2012),
BMW 530Le (F18),"Gen2 PHEV (2014-2017, China)",SME,HV battery management,,0xDDC4,2E;22,read/write,SOC,Read out SOC value (in%) and plausibility or specification of the SOC value (0-100%),Auslesen SOC Wert (in %) und Plausibilität oder Vorgabe des SOC Werts (0-100%),2,2,,,sme_f18.prg rev 0.107 (2012),
BMW 530Le (F18),"Gen2 PHEV (2014-2017, China)",SME,HV battery management,,0xDDCA,22,read,SERIENNUMMER_ECU,"Job: Serial number, SME ECU Result: Serial number of the SME ECU",Job: Seriennummer SME Steuergerät Result: Seriennummer des SME Steuergeräts,1,0,string[10],TEXT,sme_f18.prg rev 0.107 (2012),
BMW 530Le (F18),"Gen2 PHEV (2014-2017, China)",SME,HV battery management,,0xDDCB,22,read,SOC_GRENZEN,Reading and changing the SOC limits,Auslesen und Ändern der SOC Grenzen,2,0,,,sme_f18.prg rev 0.107 (2012),
BMW 530Le (F18),"Gen2 PHEV (2014-2017, China)",SME,HV battery management,,0xDDCD,2E,write,CC_MELDUNG,Activation / deactivation of the sending of CC messages (0 = sending not active; 1 = sending active),Aktivieren / Deaktivierung des Sendens von CC-Meldung (0 = Senden nicht aktiv; 1 = Senden aktiv),0,1,,,sme_f18.prg rev 0.107 (2012),
BMW 530Le (F18),"Gen2 PHEV (2014-2017, China)",SME,HV battery management,,0xDF61,2E,write,SOC_GRENZE_OBEN,Opening/resetting the upper SOC limit,Öffnen/Rücksetzen der oberen SOC Grenze,0,2,,,sme_f18.prg rev 0.107 (2012),
BMW 530Le (F18),"Gen2 PHEV (2014-2017, China)",SME,HV battery management,,0xDF71,22,read,PROJEKT_PARAMETER,Reading out the project-specific parameters,Auslesen der projektspezifischen Parametern,4,0,,,sme_f18.prg rev 0.107 (2012),
BMW 530Le (F18),"Gen2 PHEV (2014-2017, China)",SME,HV battery management,,0xDF7B,2E,write,RESET_ISOLATIONSMESSWERTE,Resetting the insulation resistance readings,Zurücksetzen der Isolationswiderstandsmesswerte,0,2,,,sme_f18.prg rev 0.107 (2012),
BMW 530Le (F18),"Gen2 PHEV (2014-2017, China)",SME,HV battery management,,0x5000,2F,io-control,STEUERN_KUEHLKREISLAUF_VENTIL,Control coolant valve: close or open,Steuern Kühlmittel-Ventil: schliessen oder öffnen,0,1,,,sme_f18.prg rev 0.107 (2012),
BMW 530Le (F18),"Gen2 PHEV (2014-2017, China)",SME,HV battery management,,0x5001,2F,io-control,STEUERN_KUEHLMITTELPUMPE,Control of the coolant pump for cooling the HV battery in % (0-100%),Steuerung der Kuehlmittelpumpe für die Kühlung des Hochvoltspeichers in % (0-100%),0,2,,,sme_f18.prg rev 0.107 (2012),
BMW 530Le (F18),"Gen2 PHEV (2014-2017, China)",SME,HV battery management,,0x6509,2E,write,_SERIENNUMMER,HV battery (storage) serial number,Speicherseriennummer,0,2,,,sme_f18.prg rev 0.107 (2012),
BMW 530Le (F18),"Gen2 PHEV (2014-2017, China)",SME,HV battery management,,0x6512,2E,write,_MESSBOTSCHAFTEN,Switch measurement messages on / off,Messbotschaften ein/ausschalten,0,2,,,sme_f18.prg rev 0.107 (2012),
BMW 530Le (F18),"Gen2 PHEV (2014-2017, China)",EME,E-machine electronics,,0xADC0,31,routine,STEUERN_START_LADEN,Request charging start,Ladestart anfordern,0,1,,,eme_f18.prg rev 0.819 (2012),
BMW 530Le (F18),"Gen2 PHEV (2014-2017, China)",EME,E-machine electronics,,0xADC1,31,routine,STEUERN_STOP_LADEN,Request charging stop,Ladestop anfordern,0,1,,,eme_f18.prg rev 0.819 (2012),
BMW 530Le (F18),"Gen2 PHEV (2014-2017, China)",EME,E-machine electronics,,0xADC4,31,routine,REX_ON_OFF,Switching on / off the range extender combustion engine,Ein-/Ausschalten des Range Extender Verbrennungsmotor,0,1,,,eme_f18.prg rev 0.819 (2012),
BMW 530Le (F18),"Gen2 PHEV (2014-2017, China)",EME,E-machine electronics,,0xADC9,31,routine,AE_EWP,"Actuate and read out the electric coolant pump (actuation possible only when AE temperature is below threshold, house keeping not active, EWP not switched off, and manual speed control deactivated)","Ansteuern und Auslesen der elektrischen Wasserpumpe (Ansteuerung nur möglich bei AE Temperatur unter Schwelle, house keeping nicht aktiv, EWP nicht abgeschaltet und manuelle Drehzahl deaktivert)",3,2,,,eme_f18.prg rev 0.819 (2012),
BMW 530Le (F18),"Gen2 PHEV (2014-2017, China)",EME,E-machine electronics,,0xADF1,31,routine,EME_DCDC_WANDLER,Control or read the status of the DC / DC converter,Steuern oder Auslesen des Status vom DC/DC-Wandler,2,6,,,eme_f18.prg rev 0.819 (2012),
BMW 530Le (F18),"Gen2 PHEV (2014-2017, China)",EME,E-machine electronics,,0xADF4,31,routine,EME_AKS_EMK,Command the electric machine in the AKS: 0 - Control on EME-SW; 1 - AKS E-machine requested,E-Maschine in den AKS kommandieren: 0 - Kontrolle an EME-SW; 1 - AKS E-Maschine angefordert,1,1,unsigned char,0-n,eme_f18.prg rev 0.819 (2012),
BMW 530Le (F18),"Gen2 PHEV (2014-2017, China)",EME,E-machine electronics,,0xADF6,31,routine,AE_ROTORLAGESENSOR_ANLERNEN,Teaching in the rotor position sensor (TA-EOL STEUERN),Anlernen Rotorlagesensor (TA-EOL STEUERN),5,1,,,eme_f18.prg rev 0.819 (2012),
BMW 530Le (F18),"Gen2 PHEV (2014-2017, China)",EME,E-machine electronics,,0xADF8,31,routine,AE_KLASSIERUNG,Reading out the speed / torque classification data,Auslesen der  Drehzahl/Drehmoment-Klassierungsdaten,43,1,,,eme_f18.prg rev 0.819 (2012),
BMW 530Le (F18),"Gen2 PHEV (2014-2017, China)",EME,E-machine electronics,,0xADF9,31,routine,AE_DCDC_HISTOGRAMM,Reading the requested histogram of the DCDC converter,Lesen des angeforderten Histogramm des DCDC-Wandlers,10,1,,,eme_f18.prg rev 0.819 (2012),
BMW 530Le (F18),"Gen2 PHEV (2014-2017, China)",EME,E-machine electronics,,0xDDF6,22,read,EME_DCDC_LV,Voltage / current DCDC (12V vehicle electrical system) at the B + bolt,Spannung / Strom DCDC (12V Bordnetz) am B+ Bolzen,2,0,,,eme_f18.prg rev 0.819 (2012),
BMW 530Le (F18),"Gen2 PHEV (2014-2017, China)",EME,E-machine electronics,,0xDE00,22,read,EME_HVPM_DCDC_ANSTEUERUNG,Return values from the HVPM for DCDC control,Rückgabewerte vom HVPM für DCDC Ansteuerung,16,0,,,eme_f18.prg rev 0.819 (2012),
BMW 530Le (F18),"Gen2 PHEV (2014-2017, China)",EME,E-machine electronics,,0xDE02,22,read,EME_HVPM_HV_SYSTEM_ON_OFF,High-voltage system on / off,Hochvoltsystem An / Aus,7,0,,,eme_f18.prg rev 0.819 (2012),
BMW 530Le (F18),"Gen2 PHEV (2014-2017, China)",EME,E-machine electronics,,0xDE03,22,read,EME_HVPM_ENERGIEBORDNETZ,Return values of the HVPM for HV energy and cell voltages,Rückgabewerte des HVPM über HV-Energie und Zellspannungen,34,0,,,eme_f18.prg rev 0.819 (2012),
BMW 530Le (F18),"Gen2 PHEV (2014-2017, China)",EME,E-machine electronics,,0xDE04,22,read,EME_HVPM_ENERGIEBORDNETZ_2,Number of times the vehicle was ready to drive in the SOC area,Anzahl der Herstellung von Fahrbereitschaft im SOC Bereich,14,0,,,eme_f18.prg rev 0.819 (2012),
BMW 530Le (F18),"Gen2 PHEV (2014-2017, China)",EME,E-machine electronics,,0xDE06,22,read,EME_HVPM_PKOR,HVPM performance coordinator,HVPM Leistungskoordinator,24,0,,,eme_f18.prg rev 0.819 (2012),
BMW 530Le (F18),"Gen2 PHEV (2014-2017, China)",EME,E-machine electronics,,0xDE08,2E,write,EME_HVPM_INFOSPEICHER_PKOR_LOESCHEN,All fault memory entries of diagnostic job STATUS_HVPM_EKMV are set to zero.,Alle Infospeicher des Diagnosejobs STATUS_HVPM_EKMV werden auf Null gesetzt.,0,1,,,eme_f18.prg rev 0.819 (2012),
BMW 530Le (F18),"Gen2 PHEV (2014-2017, China)",EME,E-machine electronics,,0xDE09,2E,write,EME_HVPM_INFOSPEICHER_STRZLR_LOESCHEN,Clear the info memory HSPM (STRZL),Löschen des Infospeicher HSPM (STRZL),0,1,,,eme_f18.prg rev 0.819 (2012),
BMW 530Le (F18),"Gen2 PHEV (2014-2017, China)",EME,E-machine electronics,,0xDE0A,2E,write,EME_HVPM_INFOSPEICHER_SPMON_LOESCHEN,Deleting the information memory HVPMP (SPMON),Löschen des Infospeichers HVPMP (SPMON),0,1,,,eme_f18.prg rev 0.819 (2012),
BMW 530Le (F18),"Gen2 PHEV (2014-2017, China)",EME,E-machine electronics,,0xDE0C,22,read,EME_HVIL_GESAMT,"Reading out the HVIL status in the EME; if HVIL is interrupted, then not ok","Auslesen des HVIL-Zustandes in der EME; falls HVIL unterbrochen, dann n.i.O.",1,0,unsigned char,0-n,eme_f18.prg rev 0.819 (2012),
BMW 530Le (F18),"Gen2 PHEV (2014-2017, China)",EME,E-machine electronics,,0xDE18,22,read,EME_HVPM_SPANNUNGSFREIHEIT,Info memory for the de-energized state of the high-voltage system (monitored by HVPM),Infospeicher zur Spannungsfreiheit des Hochvoltsystems (durch HVPM überwacht),40,0,,,eme_f18.prg rev 0.819 (2012),
BMW 530Le (F18),"Gen2 PHEV (2014-2017, China)",EME,E-machine electronics,,0xDE19,22,read,EME_ELUP,"Number of brake actuations, running time and starts of the ELUP","Anzahl der Bremsbetätigungen, Laufzeit und Anläufe der ELUP",3,0,,,eme_f18.prg rev 0.819 (2012),
BMW 530Le (F18),"Gen2 PHEV (2014-2017, China)",EME,E-machine electronics,,0xDE1C,22,read,EME_HVPM_DCDC_ALS,HVPM DCDC ALS,HVPM DCDC ALS,4,0,,,eme_f18.prg rev 0.819 (2012),
BMW 530Le (F18),"Gen2 PHEV (2014-2017, China)",EME,E-machine electronics,,0xDE2D,22,read,AE_CPLD_VERSION,CPLD version,CPLD-Version,1,0,unsigned char,,eme_f18.prg rev 0.819 (2012),
BMW 530Le (F18),"Gen2 PHEV (2014-2017, China)",EME,E-machine electronics,,0xDE70,22,read,AE_AKS_EMK,Status of the AKS at the e-machine,Status über den AKS an der E-Maschine,1,0,unsigned char,0-n,eme_f18.prg rev 0.819 (2012),
BMW 530Le (F18),"Gen2 PHEV (2014-2017, China)",EME,E-machine electronics,,0xDE71,22,read,AE_CHARGE_ENABLE,Statement about the granting of loading clearance,Aussage über die Erteilung der Ladefreigabe,1,0,unsigned char,0-n,eme_f18.prg rev 0.819 (2012),
BMW 530Le (F18),"Gen2 PHEV (2014-2017, China)",EME,E-machine electronics,,0xDE75,22,read,AE_HV_SPANNUNG_LESEN,Values of all intermediate circuit voltages,Werte aller Zwischenkreisspannungen,5,0,,,eme_f18.prg rev 0.819 (2012),
BMW 530Le (F18),"Gen2 PHEV (2014-2017, China)",EME,E-machine electronics,,0xDE7E,22,read,AE_ROHSIG_EINGANG_SENS_ELUP_BUDS,"Raw signals output pins sensors ELUP, BUDS","Rohsignale Ausgangspins Sensoren ELUP, BUDS",2,0,,,eme_f18.prg rev 0.819 (2012),
BMW 530Le (F18),"Gen2 PHEV (2014-2017, China)",EME,E-machine electronics,,0xDE7F,22,read,AE_ROHSIG_EINGANG_SENS_EM_INV,Raw signals sensors / inputs for e-machines / converters,Rohsignale Sensoren/Eingänge für E-Maschine/Umrichter,13,0,,,eme_f18.prg rev 0.819 (2012),
BMW 530Le (F18),"Gen2 PHEV (2014-2017, China)",EME,E-machine electronics,,0xDE81,22,read,AE_ROHSIG_EINGANG_SENS_SG,Raw signals sensors / inputs control unit,Rohsignale Sensoren/Eingänge Steuergerät,5,0,,,eme_f18.prg rev 0.819 (2012),
BMW 530Le (F18),"Gen2 PHEV (2014-2017, China)",EME,E-machine electronics,,0xDE82,22,read,AE_ROHSIG_EINGANG_SENS_SLE,Raw signals sensors / inputs SLE,Rohsignale Sensoren/Eingänge SLE,10,0,,,eme_f18.prg rev 0.819 (2012),
BMW 530Le (F18),"Gen2 PHEV (2014-2017, China)",EME,E-machine electronics,,0xDE83,22,read,AE_ROHSIG_EINGANG_SENS_DCDC,Raw signals sensors / inputs DC / DC converter,Rohsignale Sensoren/Eingänge DC/DC Wandler,3,0,,,eme_f18.prg rev 0.819 (2012),
BMW 530Le (F18),"Gen2 PHEV (2014-2017, China)",EME,E-machine electronics,,0xDE84,22,read,AE_BETRIEBSZUSTAND_SLE,Operating modes SLE,Betriebsarten SLE,6,0,,,eme_f18.prg rev 0.819 (2012),
BMW 530Le (F18),"Gen2 PHEV (2014-2017, China)",EME,E-machine electronics,,0xDE85,22,read,AE_SLE_LEISTUNG,Power values intermediate circuit of the SLE,Leistungswerte Zwischenkreis der SLE,3,0,,,eme_f18.prg rev 0.819 (2012),
BMW 530Le (F18),"Gen2 PHEV (2014-2017, China)",EME,E-machine electronics,,0xDE86,22,read,AE_SLE_SPANNUNG,AC and DC voltages SLE,AC und DC Spannungen SLE,3,0,,,eme_f18.prg rev 0.819 (2012),
BMW 530Le (F18),"Gen2 PHEV (2014-2017, China)",EME,E-machine electronics,,0xDE87,22,read,AE_SLE_STROM,AC and DC currents SLE,AC und DC Ströme SLE,4,0,,,eme_f18.prg rev 0.819 (2012),
BMW 530Le (F18),"Gen2 PHEV (2014-2017, China)",EME,E-machine electronics,,0xDE88,22,read,AE_SPANNUNG_KLEMME30B,current voltage at KL30B,aktuelle Spannung an KL30B,1,0,unsigned int,V,eme_f18.prg rev 0.819 (2012),
BMW 530Le (F18),"Gen2 PHEV (2014-2017, China)",EME,E-machine electronics,,0xDE89,22,read,AE_STROM_DCDC,DC / DC converter currents,Ströme DC/DC Wandler,6,0,,,eme_f18.prg rev 0.819 (2012),
BMW 530Le (F18),"Gen2 PHEV (2014-2017, China)",EME,E-machine electronics,,0xDE8B,2E;22,read/write,AE_STROM_MAX,Maximum measured currents since last reset or reset of values,maximal gemessene Ströme seit letztem Rücksetzen oder Rücksetzen der Werte,8,1,,,eme_f18.prg rev 0.819 (2012),
BMW 530Le (F18),"Gen2 PHEV (2014-2017, China)",EME,E-machine electronics,,0xDE8C,22,read,AE_TEMP_LE,Temperatures control unit drive electronics,Temperaturen Steuergerät Antriebselektronik,21,0,,,eme_f18.prg rev 0.819 (2012),
BMW 530Le (F18),"Gen2 PHEV (2014-2017, China)",EME,E-machine electronics,,0xDE92,22,read,AE_ZUSTAND_1_DCDC,DC / DC converter status,Status DC/DC-Wandler,3,0,,,eme_f18.prg rev 0.819 (2012),
BMW 530Le (F18),"Gen2 PHEV (2014-2017, China)",EME,E-machine electronics,,0xDE93,22;2E,read/write,AE_ELUP,Current status ELUP or activate / deactivate ELUP,aktueller Zustand ELUP bzw. aktivieren/deaktivieren ELUP,4,1,,,eme_f18.prg rev 0.819 (2012),
BMW 530Le (F18),"Gen2 PHEV (2014-2017, China)",EME,E-machine electronics,,0xDE96,22,read,AE_ZUSTAND_DCDC_FEHLERBILD,Return of active / inactive errors DC / DC converter,Rückgabe aktiver/inaktiver Fehler DC/DC-Wandler,1,0,BITFIELD,bit,eme_f18.prg rev 0.819 (2012),
BMW 530Le (F18),"Gen2 PHEV (2014-2017, China)",EME,E-machine electronics,,0xDE9E,22,read,STATUS_CONNECTED_DRIVE,Information about Connected Drive,Informationen über Connected Drive,10,0,,,eme_f18.prg rev 0.819 (2012),
BMW 530Le (F18),"Gen2 PHEV (2014-2017, China)",EME,E-machine electronics,,0xDEA0,22,read,STATUS_TSR_LADEN,All return values regarding TSR charging,Alle Rückgabewert bezüglich TSR Laden,130,0,,,eme_f18.prg rev 0.819 (2012),
BMW 530Le (F18),"Gen2 PHEV (2014-2017, China)",EME,E-machine electronics,,0xDEA5,22,read,AE_BUDS,Brake vacuum sensor value,Sensorwert des Bremsunterdrucks,1,0,unsigned char,hPa,eme_f18.prg rev 0.819 (2012),
BMW 530Le (F18),"Gen2 PHEV (2014-2017, China)",EME,E-machine electronics,,0xDEA6,22,read,AE_TEMP_EMASCHINE,Value of the current temperatures of the e-machine in degrees Celsius,Wert der aktuellen Temperaturen der E-Maschine in Grad Celsius,2,0,,,eme_f18.prg rev 0.819 (2012),
BMW 530Le (F18),"Gen2 PHEV (2014-2017, China)",EME,E-machine electronics,,0xDEA7,22,read,AE_ELEKTRISCHE_MASCHINE,"Reading out the speed, torque and operating mode of the electric machine","Auslesen von Drehzahl, Drehmoment und Betriebsart der E-Maschine",4,0,,,eme_f18.prg rev 0.819 (2012),
BMW 530Le (F18),"Gen2 PHEV (2014-2017, China)",EME,E-machine electronics,,0xDEA9,22,read,AE_ZUSTAND_2_DCDC,Various statuses returned from the DCDC converter,Rückgabe verschiederer Status vom DCDC-Wandler,1,0,BITFIELD,bit,eme_f18.prg rev 0.819 (2012),
BMW 530Le (F18),"Gen2 PHEV (2014-2017, China)",EME,E-machine electronics,,0xDEB1,2E,write,AE_ROTORLAGESENSOR_SCHREIBEN,Direct write of the resolver offset angle,Direktes Schreiben des Resolveroffset Winkels,0,1,,,eme_f18.prg rev 0.819 (2012),
BMW 530Le (F18),"Gen2 PHEV (2014-2017, China)",EME,E-machine electronics,,0xDEB2,2E,write,AE_DCDC_TEMPHISTOGRAMM_LESEN,Read out temperature histograms DCDC / reset temperature histograms (0 = no reset; 1 = reset),Auslesen Temperatur-Histogramme DCDC / Rücksetzen Temperatur-Histogramme (0 = kein Reset; 1 = Reset),0,1,,,eme_f18.prg rev 0.819 (2012),
BMW 530Le (F18),"Gen2 PHEV (2014-2017, China)",EME,E-machine electronics,,0xDEB3,2E,write,AE_DCDC_LEISTUNGSHISTOGRAMM,Read out power histograms DCDC converter / reset power histograms (0 = no reset; 1 = reset),Auslesen Leistungs-Histogramme DCDC-Wandler / Zurücksetzen Leistungs-Histogramme (0 = kein Reset; 1 = Reset),0,1,,,eme_f18.prg rev 0.819 (2012),
BMW 530Le (F18),"Gen2 PHEV (2014-2017, China)",EME,E-machine electronics,,0xDEB4,2E,write,AE_RESET_TEMP_MIN_MAX,Resetting the minimum and maximum temperature of the DC / DC converter (0 = no reset; 1 = reset),Rücksetzen der minimalen und maximalen Temperatur des DC/DC Wandlers (0 = kein Reset; 1 = Reset),0,1,,,eme_f18.prg rev 0.819 (2012),
BMW 530Le (F18),"Gen2 PHEV (2014-2017, China)",EME,E-machine electronics,,0xDEB5,22,read,AE_PIC_SW_VERSION,Returns current version of the PIC software,Gibt aktuellen Versionen der PIC-SW zurück,2,0,,,eme_f18.prg rev 0.819 (2012),
BMW 530Le (F18),"Gen2 PHEV (2014-2017, China)",EME,E-machine electronics,,0xDEB6,2E,write,AE_ROTORLAGESENSOR_RESET,Resetting the resolver offset angle,Zurücksetzen des Resolveroffsetwinkels,0,1,,,eme_f18.prg rev 0.819 (2012),
BMW 530Le (F18),"Gen2 PHEV (2014-2017, China)",EME,E-machine electronics,,0xDEB7,2E,write,AE_KLASSIERUNG_LOESCHEN,Deletion of the entire classification data,Loeschen der gesamten Klassierungsdaten,0,1,,,eme_f18.prg rev 0.819 (2012),
BMW 530Le (F18),"Gen2 PHEV (2014-2017, China)",EME,E-machine electronics,,0xDEBC,22,read,AE_CTRL_VERSION,Controller board version,Controllerbord-Version,1,0,unsigned char,,eme_f18.prg rev 0.819 (2012),
BMW 530Le (F18),"Gen2 PHEV (2014-2017, China)",EME,E-machine electronics,,0xDEBD,22,read,AE_SPANNUNG_DCDC,Voltages DCDC converter,Spannungen DCDC Wandler,2,0,,,eme_f18.prg rev 0.819 (2012),
BMW 530Le (F18),"Gen2 PHEV (2014-2017, China)",EME,E-machine electronics,,0xDEBE,22,read,AE_SPANNUNG_LE,Internal voltages of the power electronics,Interne Spannungen der Leistungselektronik,9,0,,,eme_f18.prg rev 0.819 (2012),
BMW 530Le (F18),"Gen2 PHEV (2014-2017, China)",EME,E-machine electronics,,0xDEBF,22,read,AE_SYSSTATE,Internal status states of the control unit,Interne Statuszustände des Steuergerät,4,0,,,eme_f18.prg rev 0.819 (2012),
BMW 530Le (F18),"Gen2 PHEV (2014-2017, China)",EME,E-machine electronics,,0xDEDE,22,read,AE_LSC_LADEN,Feedback on the charging process,Rückmeldung zum Ladeverfahrens,26,0,,,eme_f18.prg rev 0.819 (2012),
BMW 530Le (F18),"Gen2 PHEV (2014-2017, China)",EME,E-machine electronics,,0x400C,2E,write,AE_SN_SETZEN,serial number,Seriennummer,0,4,,,eme_f18.prg rev 0.819 (2012),
BMW 530Le (F18),"Gen2 PHEV (2014-2017, China)",EME,E-machine electronics,,0x400D,2E,write,AE_HWCAL_SETZEN,Set hardware calibration data of the AE The serial number cannot be set (own job _steuern_sn_etzen) !!!,Hardware Kalibrierungsdaten der AE setzen Es kann nicht die Seriennummer gesetz werden (eigener Job _steuern_sn_setzen)!!!,0,5,,,eme_f18.prg rev 0.819 (2012),
BMW 530Le (F18),"Gen2 PHEV (2014-2017, China)",EME,E-machine electronics,,0x400E,2E,write,AE_HWCAL_FLASHEN,Writes the HWCALs of a certain block into the flash,Schreibt die HWCALs eines bestimmten Blocks ins Flash,0,2,,,eme_f18.prg rev 0.819 (2012),
BMW 530Le (F18),"Gen2 PHEV (2014-2017, China)",EME,E-machine electronics,,0x400F,2E,write,AE_HWCAL_MODE,Bring the SG into HWCAL Flash mode,SG in den HWCAL Flash-Mode bringen,0,1,,,eme_f18.prg rev 0.819 (2012),
BMW 530Le (F18),"Gen2 PHEV (2014-2017, China)",EME,E-machine electronics,,0xF010,31,routine,AE_HWCAL_LESEN,Reading out the HWCALs using the block number and processor,Auslesen der HWCALs anhand von Blocknummer und Prozessor,2,3,,,eme_f18.prg rev 0.819 (2012),
BMW 530Le (F18),"Gen2 PHEV (2014-2017, China)",EME,E-machine electronics,,0xF011,31,routine,AE_RESETINFO_LESEN,Reading out the reset info from the flash,Auslesen der Resetinfo aus dem Flash,12,1,,,eme_f18.prg rev 0.819 (2012),
BMW 530Le (F18),"Gen2 PHEV (2014-2017, China)",EME,E-machine electronics,,0xF050,31,routine,AE_FREILAUF_MODUS,Free running mode,Freilauf Modus,1,0,char,0-n,eme_f18.prg rev 0.819 (2012),
BMW X5 xDrive40e (F15),Gen2 PHEV (2015-2018),SLE,Charging electronics incl. LIM,,0xAF40,31,routine,BETRIEBSART,Change operating mode of charging electronics,Ändern der Betriebsart Ladeelektronik,2,1,,,sle_f15.prg rev 0.2 (2012),
BMW X5 xDrive40e (F15),Gen2 PHEV (2015-2018),SLE,Charging electronics incl. LIM,,0xAF41,31,routine,SLE_TEMPHISTOGRAMM_LESEN,Read the SLE temperature histograms,Auslesen derTemperatur-Histogramme SLE,7,1,,,sle_f15.prg rev 0.2 (2012),
BMW X5 xDrive40e (F15),Gen2 PHEV (2015-2018),SLE,Charging electronics incl. LIM,,0xDEF0,2E;22,read/write,ZV_LADESTECKER,"Status and control of charging plug (depending on plug type and market) 0 = unlocked, 1 = locked","Status und Steuern Ladestecker (Steckertyp- und Marktabhängig) 0 = entriegelt, 1 = verriegelt",2,1,,,sle_f15.prg rev 0.2 (2012),
BMW X5 xDrive40e (F15),Gen2 PHEV (2015-2018),SLE,Charging electronics incl. LIM,,0xDEF1,22;2E,read/write,ZV_LADEKLAPPE,"Status or control loading flap (0 = unlocked, 1 = locked)","Status oder Steuern loading flap (0 = entriegelt, 1 = verriegelt)",2,1,,,sle_f15.prg rev 0.2 (2012),
BMW X5 xDrive40e (F15),Gen2 PHEV (2015-2018),SLE,Charging electronics incl. LIM,,0xDEF2,22,read,LADEBEREITSCHAFT_LIM,"Ready to charge (HW line), (1 = yes, 0 = no) sent from LIM to SLE","Ladebereitschaft (HW-Leitung), (1 = ja, 0 = nein) vom LIM an SLE gesendet",1,0,unsigned char,0/1,sle_f15.prg rev 0.2 (2012),
BMW X5 xDrive40e (F15),Gen2 PHEV (2015-2018),SLE,Charging electronics incl. LIM,,0xDEF3,22;2E,read/write,LED_LADESTATUS,Status or control LED for charging status (RGB light ring),Zustand oder Ansteuern LED für Ladestatus (RGB-Leuchtring),1,1,unsigned char,0-n,sle_f15.prg rev 0.2 (2012),
BMW X5 xDrive40e (F15),Gen2 PHEV (2015-2018),SLE,Charging electronics incl. LIM,,0xDEF4,2E;22,read/write,LED_SUCHBELEUCHTUNG,"Status or activation of the LED for search lighting (0 = not activated, 1 = activated) - only for separate DC charging socket","Zustand oder Ansteuern der LED für Suchbeleuchtung (0 = nicht angesteuert, 1 = angesteuert) - nur für separate DC-Ladedose",1,1,unsigned char,0/1,sle_f15.prg rev 0.2 (2012),
BMW X5 xDrive40e (F15),Gen2 PHEV (2015-2018),SLE,Charging electronics incl. LIM,,0xDEF5,22,read,PROXIMITY,Current status of the proximity,Aktueller Zustand des Proximity,2,0,,,sle_f15.prg rev 0.2 (2012),
BMW X5 xDrive40e (F15),Gen2 PHEV (2015-2018),SLE,Charging electronics incl. LIM,,0xDEF6,22,read,PILOTSIGNAL,current data of the pilot signal about the charging current,aktuelle Daten des Pilotsignals über den Ladestrom,6,0,,,sle_f15.prg rev 0.2 (2012),
BMW X5 xDrive40e (F15),Gen2 PHEV (2015-2018),SLE,Charging electronics incl. LIM,,0xDF20,22,read,BETRIEBSART_AKTUELL,Status of the current operating mode of the charger electronics,Status aktuelle Betriebsart Ladeelektronik,1,0,unsigned char,0-n,sle_f15.prg rev 0.2 (2012),
BMW X5 xDrive40e (F15),Gen2 PHEV (2015-2018),SLE,Charging electronics incl. LIM,,0xDF21,22,read,FEHLERZUSTAENDE,Fault states of the charging electronics,Fehlerzustände der Ladeelektronik,3,0,,,sle_f15.prg rev 0.2 (2012),
BMW X5 xDrive40e (F15),Gen2 PHEV (2015-2018),SLE,Charging electronics incl. LIM,,0xDF23,22,read,WIRKUNGSGRAD,Efficiency status,Status Wirkungsgrad,1,0,unsigned char,%,sle_f15.prg rev 0.2 (2012),
BMW X5 xDrive40e (F15),Gen2 PHEV (2015-2018),SLE,Charging electronics incl. LIM,,0xDF24,22,read,WIRKUNGSGRAD_LADEZYKLUS,Charge cycle efficiency status,Status Wirkungsgrad Ladezyklus,1,0,unsigned char,%,sle_f15.prg rev 0.2 (2012),
BMW X5 xDrive40e (F15),Gen2 PHEV (2015-2018),SLE,Charging electronics incl. LIM,,0xDF25,22,read,AC_PHASENANZAHL,Status of the number of AC phases,Status AC-Phasenanzahl,1,0,unsigned char,,sle_f15.prg rev 0.2 (2012),
BMW X5 xDrive40e (F15),Gen2 PHEV (2015-2018),SLE,Charging electronics incl. LIM,,0xDF26,22,read,NETZFREQUENZ,Mains frequency status per phase,Status Netzfrequenz pro Leiter,1,0,unsigned char,,sle_f15.prg rev 0.2 (2012),
BMW X5 xDrive40e (F15),Gen2 PHEV (2015-2018),SLE,Charging electronics incl. LIM,,0xDF27,22,read,LADEDAUER,Charge duration status,Status Ladedauer,1,0,unsigned int,s,sle_f15.prg rev 0.2 (2012),
BMW X5 xDrive40e (F15),Gen2 PHEV (2015-2018),SLE,Charging electronics incl. LIM,,0xDF28,22,read,TEMPERATUR_LADEELEKTRONIK,Current temperature of charging electronics,aktuelle Temperatur Ladeelektronik,1,0,unsigned char,°C,sle_f15.prg rev 0.2 (2012),
BMW X5 xDrive40e (F15),Gen2 PHEV (2015-2018),SLE,Charging electronics incl. LIM,,0xDF29,22,read,SME_BEGRENZUNGSGROESSEN,Charging power limitation values from SME,Begrenzungsgrößen der Ladeleistung durch SME,2,0,,,sle_f15.prg rev 0.2 (2012),
BMW X5 xDrive40e (F15),Gen2 PHEV (2015-2018),SLE,Charging electronics incl. LIM,,0xDF2E,22,read,HVDC_LEISTUNG,Status HV DC power of the charger electronics,Status HV-DC Leistung Ladeelektronik,1,0,unsigned int,W,sle_f15.prg rev 0.2 (2012),
BMW X5 xDrive40e (F15),Gen2 PHEV (2015-2018),SLE,Charging electronics incl. LIM,,0xDF2F,22,read,HVDC_LEISTUNG_MAX,Status maximum HV DC power of the charger electronics,Status maximale HV-DC Leistung Ladeelektronik,1,0,unsigned int,W,sle_f15.prg rev 0.2 (2012),
BMW X5 xDrive40e (F15),Gen2 PHEV (2015-2018),SLE,Charging electronics incl. LIM,,0xDF30,22,read,AC_WIRKLEISTUNG_LADEZYKLUS,"Status of active power drawn from the mains, current charge cycle",Status aus dem Netz entnommene Wirkleistung aktueller Ladezyklus,1,0,unsigned int,W,sle_f15.prg rev 0.2 (2012),
BMW X5 xDrive40e (F15),Gen2 PHEV (2015-2018),SLE,Charging electronics incl. LIM,,0xDF31,22,read,AC_SPANNUNG_EFFEKTIV,Status RMS values of the AC phase voltages per phase,Status Effektivwerte der AC-Leiterspannungen pro Leiter,1,0,unsigned char,V,sle_f15.prg rev 0.2 (2012),
BMW X5 xDrive40e (F15),Gen2 PHEV (2015-2018),SLE,Charging electronics incl. LIM,,0xDF32,22,read,HVDC_SPANNUNG,HV DC voltage at the charging electronics,HV-DC Spannung an der Ladeelektronik,1,0,unsigned int,V,sle_f15.prg rev 0.2 (2012),
BMW X5 xDrive40e (F15),Gen2 PHEV (2015-2018),SLE,Charging electronics incl. LIM,,0xDF33,22,read,HVDC_SPANNUNG_MAX,Maximum HV DC voltage at the charging electronics,maximale HV-DC Spannung an der Ladeelektronik,1,0,unsigned int,V,sle_f15.prg rev 0.2 (2012),
BMW X5 xDrive40e (F15),Gen2 PHEV (2015-2018),SLE,Charging electronics incl. LIM,,0xDF34,22,read,HVDC_STROM,Status HV DC current of the charger electronics,Status HV-DC Strom Ladeelektronik,1,0,unsigned int,A,sle_f15.prg rev 0.2 (2012),
BMW X5 xDrive40e (F15),Gen2 PHEV (2015-2018),SLE,Charging electronics incl. LIM,,0xDF35,22,read,HVDC_STROM_MAX,Status maximum HV DC current of the charger electronics,Status maximaler HV-DC Strom Ladeelektronik,1,0,unsigned int,A,sle_f15.prg rev 0.2 (2012),
BMW X5 xDrive40e (F15),Gen2 PHEV (2015-2018),SLE,Charging electronics incl. LIM,,0xDF36,22,read,AC_STROM_EFFEKTIV_LEITER,Status RMS values of the AC phase currents per phase,Status Effektivwerte der AC-Leiterströme pro Leiter,1,0,unsigned int,A,sle_f15.prg rev 0.2 (2012),
BMW X5 xDrive40e (F15),Gen2 PHEV (2015-2018),SLE,Charging electronics incl. LIM,,0xDF37,22,read,AC_STROM_MAX,Status maximum AC current of the charger electronics,Status maximaler AC-Strom Ladeelektronik,1,0,unsigned int,A,sle_f15.prg rev 0.2 (2012),
BMW X5 xDrive40e (F15),Gen2 PHEV (2015-2018),SLE,Charging electronics incl. LIM,,0xDF38,22,read,KL30_SPANNUNG,Current voltage at terminal 30 of the charging electronics,Aktuelle Spannung an KL30 der Ladeelektronik,1,0,unsigned int,V,sle_f15.prg rev 0.2 (2012),
BMW X5 xDrive40e (F15),Gen2 PHEV (2015-2018),SLE,Charging electronics incl. LIM,,0xDF3C,22,read,LADEBETRIEBSDAUER,Charger total charging operating time in minutes,Charger gesamte Ladebetriebsdauer in Minuten,1,0,unsigned long,min,sle_f15.prg rev 0.2 (2012),
BMW X5 xDrive40e (F15),Gen2 PHEV (2015-2018),SLE,Charging electronics incl. LIM,,0xDF3D,22,read,SOFTWAREVERSION_LADEELEKTRONIK,SW version of the charger electronics,SW Version der Ladeelektronik,1,0,string,TEXT,sle_f15.prg rev 0.2 (2012),
ActiveHybrid 3/5/7 (F30/F10/F01),Hybrid Gen 2.0 (2012-2016),SME,HV battery management,,0xAD61,31,routine,ISOLATION,Isolation test result,Ergebnis Isolationstest,2,0,,,sme_10.prg rev 3.4 (2011),
ActiveHybrid 3/5/7 (F30/F10/F01),Hybrid Gen 2.0 (2012-2016),SME,HV battery management,,0xAD66,31,routine,KAPAZITAET_BESTIMMUNG,Determination of the capacity,Bestimmung der Kapazität,2,0,,,sme_10.prg rev 3.4 (2011),
ActiveHybrid 3/5/7 (F30/F10/F01),Hybrid Gen 2.0 (2012-2016),SME,HV battery management,,0xDD60,22,read,SCHUETZ_SCHALTER,Status of the contactor switches: closed or open. See table TAB_SCHUETZ_SCHALTER for results,Status der Schützschalter: geschlossen oder offen. Ergebnisse siehe Tabelle TAB_SCHUETZ_SCHALTER,1,0,unsigned char,0-n,sme_10.prg rev 3.4 (2011),
ActiveHybrid 3/5/7 (F30/F10/F01),Hybrid Gen 2.0 (2012-2016),SME,HV battery management,,0xDD61,2E;22,read/write,SCHUETZ_FREIGABE,Writes or reads the bit to enable or disable the contactor switch. Job is clamp-safe,Schreibt bzw. liest das Bit zur Freigabe oder Sperrung der Schützschalter. Job ist Klemmensicher,1,1,unsigned char,0-n,sme_10.prg rev 3.4 (2011),
ActiveHybrid 3/5/7 (F30/F10/F01),Hybrid Gen 2.0 (2012-2016),SME,HV battery management,,0xDD63,22,read,SCHUETZSCHALTUNGEN_ANZAHL,Number of switchings of the contactor switch (currentless and under load),Anzahl der Schaltungen der Schützschalter (stromlos und unter Last),2,0,,,sme_10.prg rev 3.4 (2011),
ActiveHybrid 3/5/7 (F30/F10/F01),Hybrid Gen 2.0 (2012-2016),SME,HV battery management,,0xDD64,22,read,HVIL,HVIL test result,Ergebnis HVIL-Prüfung,1,0,unsigned char,0-n,sme_10.prg rev 3.4 (2011),
ActiveHybrid 3/5/7 (F30/F10/F01),Hybrid Gen 2.0 (2012-2016),SME,HV battery management,,0xDD66,22,read,HV_SPANNUNG,"DC link voltage upstream of the contactors, independent of contactor state","Zwischenkreisspannung vor den Schützen, unabhängig vom Schützzustand",1,0,unsigned int,V,sme_10.prg rev 3.4 (2011),
ActiveHybrid 3/5/7 (F30/F10/F01),Hybrid Gen 2.0 (2012-2016),SME,HV battery management,,0xDD67,22,read,ANZAHL_KUEHLANFORDERUNG_DRINGEND,Number of higher T states in consecutive terminal cycles.,Anzahl der höheren T-Zustände in aufeinanderfolgenden Klemmenzyklen.,1,0,unsigned char,,sme_10.prg rev 3.4 (2011),
ActiveHybrid 3/5/7 (F30/F10/F01),Hybrid Gen 2.0 (2012-2016),SME,HV battery management,,0xDD68,22,read,HV_SPANNUNG_BERECHNET,"Battery voltage behind the contactors, regardless of the contactor status","Batteriespannung hinter den Schützen, unabhängig vom Schützzustand",1,0,unsigned int,V,sme_10.prg rev 3.4 (2011),
ActiveHybrid 3/5/7 (F30/F10/F01),Hybrid Gen 2.0 (2012-2016),SME,HV battery management,,0xDD69,22,read,HV_STROM,HV current in A,HV-Strom in A,1,0,long,A,sme_10.prg rev 3.4 (2011),
ActiveHybrid 3/5/7 (F30/F10/F01),Hybrid Gen 2.0 (2012-2016),SME,HV battery management,,0xDD6A,22,read,ISOLATIONSWIDERSTAND,Reading out the currently applied insulation resistance,Auslesen des aktuell anliegenden Isolationswiderstands,4,0,,,sme_10.prg rev 3.4 (2011),
ActiveHybrid 3/5/7 (F30/F10/F01),Hybrid Gen 2.0 (2012-2016),SME,HV battery management,,0xDD6B,22,read,TEMP_SENSOREN,Cell temperature,Temperatur Zellen,8,0,,,sme_10.prg rev 3.4 (2011),
ActiveHybrid 3/5/7 (F30/F10/F01),Hybrid Gen 2.0 (2012-2016),SME,HV battery management,,0xDD6C,22,read,KUEHLKREISLAUF_TEMP,Temperature of the coolant medium in °C,Temperatur des Kühlmediums in °C,1,0,int,°C,sme_10.prg rev 3.4 (2011),
ActiveHybrid 3/5/7 (F30/F10/F01),Hybrid Gen 2.0 (2012-2016),SME,HV battery management,,0xDD6E,2E,write,SCHUETZE_MAX_SOC_SICHERHEITABFRAGE,"Switch main contactors at SOC > 90%, password protected!","Hauptschütze schalten bei SOC > 90 %, Passwort gesichert!",0,2,,,sme_10.prg rev 3.4 (2011),
ActiveHybrid 3/5/7 (F30/F10/F01),Hybrid Gen 2.0 (2012-2016),SME,HV battery management,,0xDD6F,22;2E,read/write,KUEHLKREISLAUF_VENTIL,Status / control coolant valve: Closed or open / close or open,Status / Steuern Kühlmittel-Ventil: Geschlossen oder offen / schliessen oder öffnen,1,1,unsigned char,0-n,sme_10.prg rev 3.4 (2011),
ActiveHybrid 3/5/7 (F30/F10/F01),Hybrid Gen 2.0 (2012-2016),SME,HV battery management,,0xDD72,22,read,AUFSTART_VERHINDERER,Reason for not starting the HV system,Grund für nicht Aufstarten des HV-Systems,1,0,unsigned char,0-n,sme_10.prg rev 3.4 (2011),
ActiveHybrid 3/5/7 (F30/F10/F01),Hybrid Gen 2.0 (2012-2016),SME,HV battery management,,0xDD73,22,read,CUMULATIVE_LADUNG,The accumulated charge for charges in Ah,Die kumulierte Ladung für Ladevorgänge in Ah,1,0,unsigned long,Ah,sme_10.prg rev 3.4 (2011),
ActiveHybrid 3/5/7 (F30/F10/F01),Hybrid Gen 2.0 (2012-2016),SME,HV battery management,,0xDD74,22,read,CUMULATIVE_ENTLADUNG,The accumulated charge for discharges in Ah,Die kumulierte Ladung für Entladevorgänge in Ah,1,0,unsigned long,Ah,sme_10.prg rev 3.4 (2011),
ActiveHybrid 3/5/7 (F30/F10/F01),Hybrid Gen 2.0 (2012-2016),SME,HV battery management,,0xDD76,22,read,STATUS_KL30C_SPANNUNG,Voltage terminal 30C in V,Spannung Klemme 30C in V,1,0,unsigned char,V,sme_10.prg rev 3.4 (2011),
ActiveHybrid 3/5/7 (F30/F10/F01),Hybrid Gen 2.0 (2012-2016),SME,HV battery management,,0xDD78,2E,write,SOC_REKALIBRIERUNG,Trigger the SOC recalibration procedure (0 = not active; 1 = active),Triggern der SOC Rekalibierungsprozedur (0 = nicht aktiv; 1 = aktiv),0,1,,,sme_10.prg rev 3.4 (2011),
ActiveHybrid 3/5/7 (F30/F10/F01),Hybrid Gen 2.0 (2012-2016),SME,HV battery management,,0xDD79,2E,write,SCHUETZE_MIN_SOC_SICHERHEITABFRAGE,Switch main contactors at min SOC (< 5% SOC). Caution! This job must be protected by a security query in all follow-up tools. Not possible while driving.,Hauptschütze schalten bei min SOC (< 5% SOC) Achtung!Dieser Job muss in allen Folgetools mit Security Abfrage gesichert sein. Nicht möglich während der Fahrt.,0,2,,,sme_10.prg rev 3.4 (2011),
ActiveHybrid 3/5/7 (F30/F10/F01),Hybrid Gen 2.0 (2012-2016),SME,HV battery management,,0xDD7B,22;2E,read/write,REFERENZ_KAPAZITAET,Read and adjust battery capacity,Auslesen und Justieren Kapazität Batterie,1,1,unsigned long,Ah,sme_10.prg rev 3.4 (2011),
ActiveHybrid 3/5/7 (F30/F10/F01),Hybrid Gen 2.0 (2012-2016),SME,HV battery management,,0xDD7C,22,read,GW_INFO,Warranty data,Gewährleistungsdaten,26,0,,,sme_10.prg rev 3.4 (2011),
ActiveHybrid 3/5/7 (F30/F10/F01),Hybrid Gen 2.0 (2012-2016),SME,HV battery management,,0xDD7D,22,read,STROMGRENZEN,Current limits,Stromgrenzen,2,0,,,sme_10.prg rev 3.4 (2011),
ActiveHybrid 3/5/7 (F30/F10/F01),Hybrid Gen 2.0 (2012-2016),SME,HV battery management,,0xDD7E,22,read,SPANNUNGSGRENZEN,Voltage limits,Spannungsgrenzen,2,0,,,sme_10.prg rev 3.4 (2011),
ActiveHybrid 3/5/7 (F30/F10/F01),Hybrid Gen 2.0 (2012-2016),SME,HV battery management,,0xDD8E,22,read,HVB_HISTORIE_ZYKLEN,Output of the number of charge/discharge strokes (Ah throughput) in the respective class and output of the current load (current histogram),Ausgabe Anzahl der Lade- / Entladehübe (Ah-Durchsatz) in der jeweiligen Klasse und  Ausgabe der Strombelastung (Stromhistogram),28,0,,,sme_10.prg rev 3.4 (2011),
ActiveHybrid 3/5/7 (F30/F10/F01),Hybrid Gen 2.0 (2012-2016),SME,HV battery management,,0xDD90,22,read,ZEIT_TEMP_HISTOGRAMM,Time in various temperature classes and main contactor states,Zeit in verschiedenen Temperaturklasse und Hauptschalterzuständen,28,0,,,sme_10.prg rev 3.4 (2011),
ActiveHybrid 3/5/7 (F30/F10/F01),Hybrid Gen 2.0 (2012-2016),SME,HV battery management,,0xDD91,22,read,ZEIT_SOC_KLASSE,Time since installation in SOC classes,Zeit seit Einbau in SOC-Klassen,12,0,,,sme_10.prg rev 3.4 (2011),
ActiveHybrid 3/5/7 (F30/F10/F01),Hybrid Gen 2.0 (2012-2016),SME,HV battery management,,0xDD94,22,read,HV_BATT_HIST_SOC_T1,Duration at temperature <-20°C and at varying values of current and SOC,Dauer bei Temperatur <-20°C und bei unterschiedlichen Werten von Strom und SOC,70,0,,,sme_10.prg rev 3.4 (2011),
ActiveHybrid 3/5/7 (F30/F10/F01),Hybrid Gen 2.0 (2012-2016),SME,HV battery management,,0xDD95,22,read,HV_BATT_HIST_SOC_T2,Duration at temperature -20°C < T < -13°C and at varying values of current and SoC,Dauer bei Temperatur -20°C < T < -13°C und bei unterschiedlichen Werten von Strom und SoC,70,0,,,sme_10.prg rev 3.4 (2011),
ActiveHybrid 3/5/7 (F30/F10/F01),Hybrid Gen 2.0 (2012-2016),SME,HV battery management,,0xDD96,22,read,HV_BATT_HIST_SOC_T3,Duration at temperature -13°C < T < -7°C and at varying values of current and SoC.,Dauer bei Temperatur -13°C < T < -7°C und bei unterschiedlichen Werten von Strom und SoC.,70,0,,,sme_10.prg rev 3.4 (2011),
ActiveHybrid 3/5/7 (F30/F10/F01),Hybrid Gen 2.0 (2012-2016),SME,HV battery management,,0xDD97,22,read,HV_BATT_HIST_SOC_T4,Duration at temperature -7°C < T < 0°C and at varying values of current and SoC,Dauer bei Temperatur -7°C < T < 0°C und bei unterschiedlichen Werten von Strom und SoC,70,0,,,sme_10.prg rev 3.4 (2011),
ActiveHybrid 3/5/7 (F30/F10/F01),Hybrid Gen 2.0 (2012-2016),SME,HV battery management,,0xDD98,22,read,HV_BATT_HIST_SOC_T5,Duration at temperature 0°C < T < 8°C and at varying values of current and SoC.,Dauer bei Temperatur 0°C < T < 8°C und bei unterschiedlichen Werten von Strom und SoC.,70,0,,,sme_10.prg rev 3.4 (2011),
ActiveHybrid 3/5/7 (F30/F10/F01),Hybrid Gen 2.0 (2012-2016),SME,HV battery management,,0xDD99,22,read,HV_BATT_HIST_SOC_T6,Duration at temperature 8°C < T < 25°C and at varying values of current and SoC,Dauer bei Temperatur 8°C < T < 25°C und bei unterschiedlichen Werten von Strom und SoC,70,0,,,sme_10.prg rev 3.4 (2011),
ActiveHybrid 3/5/7 (F30/F10/F01),Hybrid Gen 2.0 (2012-2016),SME,HV battery management,,0xDD9A,22,read,HV_BATT_HIST_SOC_T7,Duration at temperature 25°C < T and at varying values of current and SoC,Dauer bei Temperatur 25°C < T und bei unterschiedlichen Werten von Strom und SoC,70,0,,,sme_10.prg rev 3.4 (2011),
ActiveHybrid 3/5/7 (F30/F10/F01),Hybrid Gen 2.0 (2012-2016),SME,HV battery management,,0xDDAE,22,read,ZELLSPANNUNG_MODUL_4,"Currently measured cell voltages, module 4",aktuell gemessene Zellspannungen Modul 4,12,0,,,sme_10.prg rev 3.4 (2011),
ActiveHybrid 3/5/7 (F30/F10/F01),Hybrid Gen 2.0 (2012-2016),SME,HV battery management,,0xDDAF,22,read,ZELLSPANNUNG_MODUL_5,"Currently measured cell voltages, module 5",aktuell gemessene Zellspannungen Modul 5,12,0,,,sme_10.prg rev 3.4 (2011),
ActiveHybrid 3/5/7 (F30/F10/F01),Hybrid Gen 2.0 (2012-2016),SME,HV battery management,,0xDDB0,22,read,ZELLSPANNUNG_MODUL_6,"Currently measured cell voltages, module 6",aktuell gemessene Zellspannungen Modul 6,12,0,,,sme_10.prg rev 3.4 (2011),
ActiveHybrid 3/5/7 (F30/F10/F01),Hybrid Gen 2.0 (2012-2016),SME,HV battery management,,0xDDB1,22,read,ZELLSPANNUNG_MODUL_7,"Currently measured cell voltages, module 7",aktuell gemessene Zellspannungen Modul 7,12,0,,,sme_10.prg rev 3.4 (2011),
ActiveHybrid 3/5/7 (F30/F10/F01),Hybrid Gen 2.0 (2012-2016),SME,HV battery management,,0xDDB2,22,read,ZELLSPANNUNG_MODUL_8,"Currently measured cell voltages, module 8",aktuell gemessene Zellspannungen Modul 8,12,0,,,sme_10.prg rev 3.4 (2011),
ActiveHybrid 3/5/7 (F30/F10/F01),Hybrid Gen 2.0 (2012-2016),SME,HV battery management,,0xDDB3,22,read,LADUNGSMENGE_HV_BOOST_RECUP,Status of charge quantity drawn or supplied,Status entommene bzw. zugeführte Ladungsmenge,2,0,,,sme_10.prg rev 3.4 (2011),
ActiveHybrid 3/5/7 (F30/F10/F01),Hybrid Gen 2.0 (2012-2016),SME,HV battery management,,0xDDB4,22,read,HV_SPANNUNG_BATTERIE,"Battery voltage behind the contactors, regardless of the contactor status","Batteriespannung hinter den Schützen, unabhängig vom Schützzustand",1,0,unsigned int,V,sme_10.prg rev 3.4 (2011),
ActiveHybrid 3/5/7 (F30/F10/F01),Hybrid Gen 2.0 (2012-2016),SME,HV battery management,,0xDDB6,22,read,ALTERUNG_INNENWIDERSTAND,"Aging of the internal resistance in percent: Internal resistance of the storage tank when new is related to the current value of the internal resistance (R_neu / R_akt) * 100 (100% = new condition, decreases with aging)","Alterung des Innenwiderstands in Prozent: Innenwiderstand des Speichers im Neuzustand auf den aktuellen Wert des Innenwiderstands bezogen  (R_neu /R_akt) *100   (100% = Neuzustand, sinkt mit Alterung)",1,0,unsigned int,%,sme_10.prg rev 3.4 (2011),
ActiveHybrid 3/5/7 (F30/F10/F01),Hybrid Gen 2.0 (2012-2016),SME,HV battery management,,0xDDB7,22,read,ALTERUNG_KAPAZITAET,"Remaining capacity of the battery (storage), percentage value: ( C_akt/C_nenn(neu) ) * 100, 0 = end of life reached, 100 = new condition","Restkapazität des Speichers, prozentualer Wert: ( C_akt/C_nenn(neu) ) * 100, 0 = Lebensdauerende erreicht, 100 = Neuzustand",1,0,unsigned int,%,sme_10.prg rev 3.4 (2011),
ActiveHybrid 3/5/7 (F30/F10/F01),Hybrid Gen 2.0 (2012-2016),SME,HV battery management,,0xDDB9,22,read,ZELLSPANNUNG_MODUL_1,"Currently measured cell voltages in V, module 1",aktuell gemessene Zellspannungen in V Modul 1,12,0,,,sme_10.prg rev 3.4 (2011),
ActiveHybrid 3/5/7 (F30/F10/F01),Hybrid Gen 2.0 (2012-2016),SME,HV battery management,,0xDDBA,22,read,ZELLSPANNUNG_MODUL_2,"Currently measured cell voltages, module 2",aktuell gemessene Zellspannungen Modul 2,12,0,,,sme_10.prg rev 3.4 (2011),
ActiveHybrid 3/5/7 (F30/F10/F01),Hybrid Gen 2.0 (2012-2016),SME,HV battery management,,0xDDBB,22,read,ZELLSPANNUNG_MODUL_3,"Currently measured cell voltages in V, module 3",aktuell gemessene Zellspannungen in V Modul 3,12,0,,,sme_10.prg rev 3.4 (2011),
ActiveHybrid 3/5/7 (F30/F10/F01),Hybrid Gen 2.0 (2012-2016),SME,HV battery management,,0xDDBC,22,read,ANZEIGE_SOC,current advertisement Soc,aktueller Anzeige Soc,3,0,,,sme_10.prg rev 3.4 (2011),
ActiveHybrid 3/5/7 (F30/F10/F01),Hybrid Gen 2.0 (2012-2016),SME,HV battery management,,0xDDBD,22,read,SERVICE_DISCONNECT,"Status Service Disconnect (0 = open, 1 = closed)","Status Service Disconnect (0 = offen, 1 = geschlossen)",1,0,unsigned char,0/1,sme_10.prg rev 3.4 (2011),
ActiveHybrid 3/5/7 (F30/F10/F01),Hybrid Gen 2.0 (2012-2016),SME,HV battery management,,0xDDBE,22,read,VORLADUNG,"Info about time, current and temperatures during pre-charging","Info über Zeit, Strom und Temperaturen bei Vorladung",15,0,,,sme_10.prg rev 3.4 (2011),
ActiveHybrid 3/5/7 (F30/F10/F01),Hybrid Gen 2.0 (2012-2016),SME,HV battery management,,0xDDBF,22,read,ZELLSPANNUNGEN_MIN_MAX,minimum and maximum single cell voltages are output,minimale und maximale Einzelzellspannungen werden ausgegeben,2,0,,,sme_10.prg rev 3.4 (2011),
ActiveHybrid 3/5/7 (F30/F10/F01),Hybrid Gen 2.0 (2012-2016),SME,HV battery management,,0xDDC0,22,read,TEMPERATUREN,"Output of minimum measured temperature, maximum measured temperature, average measured temperature, maximum cell core temperature","Ausgabe minimale Messtemperatur, maximale Messtemperatur, durchschnittliche Messtemperatur, maximale Zellkerntemperatur",4,0,,,sme_10.prg rev 3.4 (2011),
ActiveHybrid 3/5/7 (F30/F10/F01),Hybrid Gen 2.0 (2012-2016),SME,HV battery management,,0xDDC1,2E;22,read/write,CSC_IDS,Hardware IDs of the individual CSCs (Cell Supervisory Circuit),Hardware IDs der einzelnen CSCs (Cell Supervisory Circuit),8,1,,,sme_10.prg rev 3.4 (2011),
ActiveHybrid 3/5/7 (F30/F10/F01),Hybrid Gen 2.0 (2012-2016),SME,HV battery management,,0xDDC2,22,read,ALTERUNG_PARAMETER,Correction factor of the series ohmic resistance during discharge.,Korrekturfaktor des seriellen ohmischen Wiederstandes bei Entladung.,6,0,,,sme_10.prg rev 3.4 (2011),
ActiveHybrid 3/5/7 (F30/F10/F01),Hybrid Gen 2.0 (2012-2016),SME,HV battery management,,0xDDC4,2E;22,read/write,SOC,Read out SOC value (in%) and plausibility or specification of the SOC value (0-100%),Auslesen SOC Wert (in %) und Plausibilität oder Vorgabe des SOC Werts (0-100%),2,2,,,sme_10.prg rev 3.4 (2011),
ActiveHybrid 3/5/7 (F30/F10/F01),Hybrid Gen 2.0 (2012-2016),SME,HV battery management,,0xDDC5,22,read,MODULSPANNUNG_UNPLAUSIBEL,"Returns the module number of the CSCs in which an implausible voltage value was detected (linked to DTC). Return value is a component vector (length 8) with assignment 0 = no fault, 1 = fault detected.","liefert die Modulnummer der CSCs zurück, in der ein unplausibler Spannungswert detektiert wurde (verknüpft mit DTC). Rückgabewert ist ein Komponentenvektor (Länge 8) mit der Belegung 0 = kein Fehler, 1 = Fehler erkannt.",8,0,,,sme_10.prg rev 3.4 (2011),
ActiveHybrid 3/5/7 (F30/F10/F01),Hybrid Gen 2.0 (2012-2016),SME,HV battery management,,0xDDC6,22,read,HISTO_SYM_DAUER,Read the number of cell balancing events in the respective time classes (target time during which the balancing resistors are to be switched active).,Auslesen der Anzahl von Symmetriervorgängen in den jeweiligen Zeitklassen (Soll-Zeit in der die Symmetrierwiderstände aktiv geschaltet werden sollen).,8,0,,,sme_10.prg rev 3.4 (2011),
ActiveHybrid 3/5/7 (F30/F10/F01),Hybrid Gen 2.0 (2012-2016),SME,HV battery management,,0xDDC7,22,read,HISTO_SYM_ZELLANZAHL,Read the number of sleep events in which the respective cell count was commanded for cell balancing.,Auslesen der Anzahl der Einschlafvorgänge in denen die jeweiligen Zellzahl zur Symmetrierung angewiesen wurden.,8,0,,,sme_10.prg rev 3.4 (2011),
ActiveHybrid 3/5/7 (F30/F10/F01),Hybrid Gen 2.0 (2012-2016),SME,HV battery management,,0xDDC8,22,read,SYM_DELTASOC,Maximum SoC difference in% over the entire HVS. Ring memory of the last 5 trips,Maximale SoC-Differenz in % über den gesamten HVS. Ringspeicher der letzten 5 Fahrten,5,0,,,sme_10.prg rev 3.4 (2011),
ActiveHybrid 3/5/7 (F30/F10/F01),Hybrid Gen 2.0 (2012-2016),SME,HV battery management,,0xDDC9,22,read,MAX_SYM_DAUER,Maximum symmetry duration of the last symmetrization process,Maximale Symmetriedauer des letzten Symmetriervorgangs,15,0,,,sme_10.prg rev 3.4 (2011),
ActiveHybrid 3/5/7 (F30/F10/F01),Hybrid Gen 2.0 (2012-2016),SME,HV battery management,,0xDDCA,22,read,SERIENNUMMER_ECU,Serial number of the SME control unit,Seriennummer des SME Steuergeräts,1,0,string[10],TEXT,sme_10.prg rev 3.4 (2011),
ActiveHybrid 3/5/7 (F30/F10/F01),Hybrid Gen 2.0 (2012-2016),SME,HV battery management,,0xDDCB,22,read,SOC_GRENZEN,Reading and changing the SOC limits,Auslesen und Ändern der SOC Grenzen,2,0,,,sme_10.prg rev 3.4 (2011),
ActiveHybrid 3/5/7 (F30/F10/F01),Hybrid Gen 2.0 (2012-2016),SME,HV battery management,,0xDDCC,22;2E,read/write,SCHUETZ_RESTZAEHLER,"Read out or reset (0 = no reset; 1 = reset) of the counter for the possible switching of contactors K1, K2, K3","Auslesen oder Rücksetzen (0 = kein Reset; 1 = Reset) des Zählers für die noch möglichen Schaltungen der Schütze K1, K2, K3",3,1,,,sme_10.prg rev 3.4 (2011),
ActiveHybrid 3/5/7 (F30/F10/F01),Hybrid Gen 2.0 (2012-2016),SME,HV battery management,,0xDDCD,2E,write,CC_MELDUNG,Activation / deactivation of the sending of CC messages (0 = sending not active; 1 = sending active),Aktivieren / Deaktivierung des Sendens von CC-Meldung (0 = Senden nicht aktiv; 1 = Senden aktiv),0,1,,,sme_10.prg rev 3.4 (2011),
ActiveHybrid 3/5/7 (F30/F10/F01),Hybrid Gen 2.0 (2012-2016),SME,HV battery management,,0xDDCF,22,read,DIFFERENZ_SPANNUNGEN,Differential voltage: total battery voltage - sum of cell voltages,Differenzspannung: Gesamtspannung Batterie - Summenzellspannung,2,0,,,sme_10.prg rev 3.4 (2011),
ActiveHybrid 3/5/7 (F30/F10/F01),Hybrid Gen 2.0 (2012-2016),SME,HV battery management,,0xDDE8,22,read,ALTERUNG_KAPAZITAET_DEGRADATION,Number of age-related stress degradations,Anzahl der alterungsbedingten Spannungsdegradationen,2,0,,,sme_10.prg rev 3.4 (2011),
ActiveHybrid 3/5/7 (F30/F10/F01),Hybrid Gen 2.0 (2012-2016),SME,HV battery management,,0xDDE9,22,read,ALTERUNG_KAPAZITAET_HISTOGRAMM_SOC_HUB,Histogram with the frequency of individual SoC strokes that occurred during the operating period,Histogramm mit Häufigkeit einzelner aufgetretener SoC-Hübe im Betriebszeitraum,24,0,,,sme_10.prg rev 3.4 (2011),
ActiveHybrid 3/5/7 (F30/F10/F01),Hybrid Gen 2.0 (2012-2016),SME,HV battery management,,0xDF60,22,read,BETRIEBSSTUNDEN,Time for closed main switches and total battery lifetime (closed + open time of the main switches),Zeit für geschlossene Hauptschalter und gesamte Batterielebensdauer (geschlossene + geöffnete Zeit der Hauptschalter),2,0,,,sme_10.prg rev 3.4 (2011),
ActiveHybrid 3/5/7 (F30/F10/F01),Hybrid Gen 2.0 (2012-2016),SME,HV battery management,,0xDF61,2E,write,SOC_GRENZE_OBEN,Opening/resetting the upper SOC limit,Öffnen/Rücksetzen der oberen SOC Grenze,0,2,,,sme_10.prg rev 3.4 (2011),
ActiveHybrid 3/5/7 (F30/F10/F01),Hybrid Gen 2.0 (2012-2016),SME,HV battery management,,0xDF62,22,read,COOL_DOWN,Number of CoolDown scenarios (departure with hot HV storage),Anzahl der CoolDown Szenarios (Abfahrt mit heißem HV-Speicher),1,0,unsigned int,,sme_10.prg rev 3.4 (2011),
ActiveHybrid 3/5/7 (F30/F10/F01),Hybrid Gen 2.0 (2012-2016),SME,HV battery management,,0xDF63,22,read,KLEMMENZYKLEN,Number of terminal cycles,Anzahl der Klemmenzyklen,1,0,unsigned long,,sme_10.prg rev 3.4 (2011),
ActiveHybrid 3/5/7 (F30/F10/F01),Hybrid Gen 2.0 (2012-2016),SME,HV battery management,,0xDF64,22,read,KUEHLDAUER,HV battery cooling time,Kühldauer der HV-Batterie,4,0,,,sme_10.prg rev 3.4 (2011),
ActiveHybrid 3/5/7 (F30/F10/F01),Hybrid Gen 2.0 (2012-2016),SME,HV battery management,,0xDF65,22,read,TEMP_SPREIZUNG_SYSTEM,Time in different dT classes with active cooling,Zeit in verschiedenen dT-Klassen bei aktiver Kühlung,5,0,,,sme_10.prg rev 3.4 (2011),
ActiveHybrid 3/5/7 (F30/F10/F01),Hybrid Gen 2.0 (2012-2016),SME,HV battery management,,0xDF66,22,read,TEMP_KUEHLMITTEL,Time in different temperature classes of the coolant,Zeit in verschiedenen Temperaturklassen des Kühlmittels,6,0,,,sme_10.prg rev 3.4 (2011),
ActiveHybrid 3/5/7 (F30/F10/F01),Hybrid Gen 2.0 (2012-2016),SME,HV battery management,,0xDF67,22,read,LADUNG_KUEHLUNG,Charge quantities with cooling switched on,Ladungsmengen bei eingeschalteter Kühlung,2,0,,,sme_10.prg rev 3.4 (2011),
ActiveHybrid 3/5/7 (F30/F10/F01),Hybrid Gen 2.0 (2012-2016),SME,HV battery management,,0xF190,22,read,VIN,"17-digit vehicle identification number, 00000000000000000 if no VIN is present (virgin ECU). Note: the result value 00000000000000000 is returned if the CAS returns 0xFF FF FF FF FF FF FF FF FF FF FF FF FF FF FF FF FF in the response telegram.","17-Stellige Fahrgestellnummer 00000000000000000 wenn keine Fahrgestellnummer vorhanden (jungfräuliches Steuergerät). Hinweis: Der Resultwert 00000000000000000 wird zurückgeliefert, falls das CAS 0xFF FF FF FF FF FF FF FF FF FF FF FF FF FF FF FF FF im Antworttelegramm liefert.",1,0,string[17],,sme_10.prg rev 3.4 (2011),
ActiveHybrid 3/5/7 (F30/F10/F01),Hybrid Gen 2.0 (2012-2016),SME,HV battery management,,0x6334,22,read,ALTERUNG_INNENWIDERSTAND_TS,"Aging of the internal resistance in percent: Internal resistance of the storage tank when new is related to the current value of the internal resistance (R_neu / R_akt) * 100 (100% = new condition, decreases with aging)","Alterung des Innenwiderstands in Prozent: Innenwiderstand des Speichers im Neuzustand auf den aktuellen Wert des Innenwiderstands bezogen  (R_neu /R_akt) *100   (100% = Neuzustand, sinkt mit Alterung)",1,0,unsigned long,%,sme_10.prg rev 3.4 (2011),
ActiveHybrid 3/5/7 (F30/F10/F01),Hybrid Gen 2.0 (2012-2016),SME,HV battery management,,0x6335,22,read,ALTERUNG_KAPAZITAET_TS,"Remaining capacity of the battery (storage), percentage value: ( C_akt/C_nenn(neu) ) * 100, 0 = end of life reached, 100 = new condition","Restkapazität des Speichers, prozentualer Wert: ( C_akt/C_nenn(neu) ) * 100, 0 = Lebensdauerende erreicht, 100 = Neuzustand",1,0,unsigned long,%,sme_10.prg rev 3.4 (2011),
ActiveHybrid 3/5/7 (F30/F10/F01),Hybrid Gen 2.0 (2012-2016),SME,HV battery management,,0x6500,2E,write,_SOC_GRENZEN,State of charge limit values,State of Charge Grenzwerte,0,2,,,sme_10.prg rev 3.4 (2011),
ActiveHybrid 3/5/7 (F30/F10/F01),Hybrid Gen 2.0 (2012-2016),SME,HV battery management,,0x6501,2E,write,_ISOLATION,Insulation monitoring,Isolationsüberwachung,0,2,,,sme_10.prg rev 3.4 (2011),
ActiveHybrid 3/5/7 (F30/F10/F01),Hybrid Gen 2.0 (2012-2016),SME,HV battery management,,0x6502,2E,write,_UEBERLAST_SCHWELLE,Charge and discharge current limits,Lade- und Entladestromgrenzen,0,2,,,sme_10.prg rev 3.4 (2011),
ActiveHybrid 3/5/7 (F30/F10/F01),Hybrid Gen 2.0 (2012-2016),SME,HV battery management,,0x6503,2E,write,_KURZSCHLUSS_STROMGRENZE,Short circuit current limit,Kurzschluss Stromgrenze,0,2,,,sme_10.prg rev 3.4 (2011),
ActiveHybrid 3/5/7 (F30/F10/F01),Hybrid Gen 2.0 (2012-2016),SME,HV battery management,,0x6504,2E,write,_LADE_SPANNUNGSGRENZE,Load voltage limit,Lade Spannungsgrenze,0,2,,,sme_10.prg rev 3.4 (2011),
ActiveHybrid 3/5/7 (F30/F10/F01),Hybrid Gen 2.0 (2012-2016),SME,HV battery management,,0x6506,2E,write,_SCHUETZ_K1,K1 contactor,K1 Schütz,0,2,,,sme_10.prg rev 3.4 (2011),
ActiveHybrid 3/5/7 (F30/F10/F01),Hybrid Gen 2.0 (2012-2016),SME,HV battery management,,0x6507,2E,write,_SCHUETZ_K2,K2 contactor,K2 Schütz,0,2,,,sme_10.prg rev 3.4 (2011),
ActiveHybrid 3/5/7 (F30/F10/F01),Hybrid Gen 2.0 (2012-2016),SME,HV battery management,,0x6508,2E,write,_SCHUETZ_K3,K3 contactor,K3 Schütz,0,2,,,sme_10.prg rev 3.4 (2011),
ActiveHybrid 3/5/7 (F30/F10/F01),Hybrid Gen 2.0 (2012-2016),SME,HV battery management,,0x6509,2E,write,_SERIENNUMMER,HV battery (storage) serial number,Speicherseriennummer,0,2,,,sme_10.prg rev 3.4 (2011),
ActiveHybrid 3/5/7 (F30/F10/F01),Hybrid Gen 2.0 (2012-2016),SME,HV battery management,,0x650B,2E,write,_ENTLADE_SPANNUNGSGRENZE,Discharge voltage limit,Entlade-Spannungsgrenze,0,2,,,sme_10.prg rev 3.4 (2011),
ActiveHybrid 3/5/7 (F30/F10/F01),Hybrid Gen 2.0 (2012-2016),SME,HV battery management,,0x6511,2E,write,_SYM_MODUS,Symmetry mode of the SEM,Symmetriemodus der SEM,0,2,,,sme_10.prg rev 3.4 (2011),
ActiveHybrid 3/5/7 (F30/F10/F01),Hybrid Gen 2.0 (2012-2016),SME,HV battery management,,0x6512,2E,write,_MESSBOTSCHAFTEN,Switch measurement messages on / off,Messbotschaften ein/ausschalten,0,2,,,sme_10.prg rev 3.4 (2011),
ActiveHybrid 3/5/7 (F30/F10/F01),Hybrid Gen 2.0 (2012-2016),SME,HV battery management,,0x6515,2E,write,_CSC_INDIZIERUNG,CSCs are re-indexed using the position indices passed as an argument,CSCs werden mit den als Argument übergebenen Positionsindezes neu indiziert,0,2,,,sme_10.prg rev 3.4 (2011),
ActiveHybrid 3/5/7 (F30/F10/F01),Hybrid Gen 2.0 (2012-2016),SME,HV battery management,,0x6516,22,read,_ST_SYM_MODUS,Status of the balancing,Status der Symmetrierung,1,0,unsigned char,0-n,sme_10.prg rev 3.4 (2011),
ActiveHybrid 3/5/7 (F30/F10/F01),Hybrid Gen 2.0 (2012-2016),SME,HV battery management,,0x6519,2E,write,_CSC_STANDBY,Put CSCs in standby mode,CSCs in Standby-Mode setzen,0,2,,,sme_10.prg rev 3.4 (2011),
ActiveHybrid 3/5/7 (F30/F10/F01),Hybrid Gen 2.0 (2012-2016),SME,HV battery management,,0x651B,2E,write,_ANFORDERUNG_SCHUETZE_SCHLIESSEN,Close contactor,Schütze schließen,0,2,,,sme_10.prg rev 3.4 (2011),
ActiveHybrid 3/5/7 (F30/F10/F01),Hybrid Gen 2.0 (2012-2016),EME,E-machine electronics,,0x1721,22,read,RESET_REASON,"Values for the reset reason. The values are to be defined by the supplier. Default value: 0xFF. Note: this DID is optional, but must at least be populated with 0xFF on reset.","Werte fuer den Reset Grund. Die Werte sind vom Zulieferer festzulegen. DefaultWert: 0xFF. Hinweis: Dieser DID ist optional, muss aber beim Reset dann zumindest mit 0xFF befuellt werden.",8,0,,,eme_10.prg rev 16.0 (2012),
ActiveHybrid 3/5/7 (F30/F10/F01),Hybrid Gen 2.0 (2012-2016),EME,E-machine electronics,,0xADF0,31,routine,EME_ROTORLAGESENSOR_ANLERNEN,Learn rotor position sensor,Anlernen Rotorlagesensor,2,0,,,eme_10.prg rev 16.0 (2012),
ActiveHybrid 3/5/7 (F30/F10/F01),Hybrid Gen 2.0 (2012-2016),EME,E-machine electronics,,0xADF1,31,routine,EME_DCDC_WANDLER,Control or read the status of the DC / DC converter,Steuern oder Auslesen des Status vom DC/DC-Wandler,2,6,,,eme_10.prg rev 16.0 (2012),
ActiveHybrid 3/5/7 (F30/F10/F01),Hybrid Gen 2.0 (2012-2016),EME,E-machine electronics,,0xADF2,31,routine,EME_HV_SYSTEM_ON_OFF,Run the HV system up / down,HV-System hoch-/runterfahren,1,1,unsigned char,0-n,eme_10.prg rev 16.0 (2012),
ActiveHybrid 3/5/7 (F30/F10/F01),Hybrid Gen 2.0 (2012-2016),EME,E-machine electronics,,0xADF3,31,routine,EME_EWAP,Control of the LIN water pump EME with specification of the speed and control time,Ansteuerung der LIN Wasserpumpe EME mit Vorgabe der Drehzahl und Ansteuerzeit,1,2,unsigned char,0/1,eme_10.prg rev 16.0 (2012),
ActiveHybrid 3/5/7 (F30/F10/F01),Hybrid Gen 2.0 (2012-2016),EME,E-machine electronics,,0xADF4,31,routine,EME_AKS_EMK,Command the electric machine in the AKS: 0 - Control on EME-SW; 1 - AKS E-machine requested,E-Maschine in den AKS kommandieren: 0 - Kontrolle an EME-SW; 1 - AKS E-Maschine angefordert,1,1,unsigned char,0-n,eme_10.prg rev 16.0 (2012),
ActiveHybrid 3/5/7 (F30/F10/F01),Hybrid Gen 2.0 (2012-2016),EME,E-machine electronics,,0xADF5,31,routine,EME_EEP_RECALL_DEFAULT,"Reset the NV memory of the HYM in the EME, stop the reset, or read the status of the clearing operations 0 - clear NV-RAM not requested; 1 - clear NV-RAM requested","NV-Speicher des HYM in der EME zurücksetzen, Zurücksetzen stoppen oder Status der Löschvorgänge auslesen 0 - Löschen NV-RAM nicht angefordert; 1 - Löschen NV-RAM angefordert",1,0,unsigned char,0-n,eme_10.prg rev 16.0 (2012),
ActiveHybrid 3/5/7 (F30/F10/F01),Hybrid Gen 2.0 (2012-2016),EME,E-machine electronics,,0xADF7,31,routine,EME_IGBT_FREILAUF,Opening the IGBTs to switch the e-machine to high impedance on the AC side,"Öffnen der IGBTS, um die E-Maschine AC-seitig hochohmig wegzuschalten",1,0,unsigned char,0-n,eme_10.prg rev 16.0 (2012),
ActiveHybrid 3/5/7 (F30/F10/F01),Hybrid Gen 2.0 (2012-2016),EME,E-machine electronics,,0xDDF0,22,read,EME_TEMP_EMASCHINE,Read the current temperature value of the e-machine in degrees Celsius,Wert der aktuellen Temperatur der E-Maschine in Grad Celsius lesen,5,0,,,eme_10.prg rev 16.0 (2012),
ActiveHybrid 3/5/7 (F30/F10/F01),Hybrid Gen 2.0 (2012-2016),EME,E-machine electronics,,0xDDF1,22,read,EME_SPANNUNG_DC_HV,"DC voltage of the e-machine after rectification by the EME (HV battery side, referred to internal)",DC Spannung der E-Maschine nach Gleichrichtung durch die EME (HV-Batterieseitig nach intern),1,0,int,V,eme_10.prg rev 16.0 (2012),
ActiveHybrid 3/5/7 (F30/F10/F01),Hybrid Gen 2.0 (2012-2016),EME,E-machine electronics,,0xDDF2,22,read,EME_SPANNUNG_DC_HV_DCDC,High-voltage vehicle electrical system voltage measured by the DC/DC converter (in the EME),Spannung Hochvolt Bordnetz gemessen durch DcDc Wandler (in der EME),1,0,unsigned int,V,eme_10.prg rev 16.0 (2012),
ActiveHybrid 3/5/7 (F30/F10/F01),Hybrid Gen 2.0 (2012-2016),EME,E-machine electronics,,0xDDF3,22,read,EME_STROM_EMASCHINE_AC,HV current of the DC/DC converter and the averaged RMS current of the e-machine,HV-Strom des DCDC Wandlers und dem gemitteltem Effektivstrom der E-Maschine,2,0,,,eme_10.prg rev 16.0 (2012),
ActiveHybrid 3/5/7 (F30/F10/F01),Hybrid Gen 2.0 (2012-2016),EME,E-machine electronics,,0xDDF4,22,read,EME_STROM_EMASCHINE_DC,DC current (on the HV side) caused by the EMK,DC Strom (auf der HV Seite) verursacht durch die EMK,1,0,int,A,eme_10.prg rev 16.0 (2012),
ActiveHybrid 3/5/7 (F30/F10/F01),Hybrid Gen 2.0 (2012-2016),EME,E-machine electronics,,0xDDF5,22,read,EME_POSITIONSGEBER,Angular position of the e-machines in degrees,Winkelstellung der E-Maschinen in Grad,1,0,unsigned int,°,eme_10.prg rev 16.0 (2012),
ActiveHybrid 3/5/7 (F30/F10/F01),Hybrid Gen 2.0 (2012-2016),EME,E-machine electronics,,0xDDF6,22,read,EME_DCDC_LV,Voltage / current DCDC (12V vehicle electrical system) at the B + bolt,Spannung / Strom DCDC (12V Bordnetz) am B+ Bolzen,2,0,,,eme_10.prg rev 16.0 (2012),
ActiveHybrid 3/5/7 (F30/F10/F01),Hybrid Gen 2.0 (2012-2016),EME,E-machine electronics,,0xDDF7,22,read,EME_ELEKTRISCHE_MASCHINE,Read speed and torque of the e-machine,Auslesen von Drehzahl und Drehmoment der E-Maschine,3,0,,,eme_10.prg rev 16.0 (2012),
ActiveHybrid 3/5/7 (F30/F10/F01),Hybrid Gen 2.0 (2012-2016),EME,E-machine electronics,,0xDDF8,22,read,EME_DCDC_LADEMODUS,Query the DC/DC converter for operating mode and battery state of charge,Abfrage des DC/DC-Wandlers nach Betriebsmodus und Ladezustand der Batterie,2,0,,,eme_10.prg rev 16.0 (2012),
ActiveHybrid 3/5/7 (F30/F10/F01),Hybrid Gen 2.0 (2012-2016),EME,E-machine electronics,,0xDDF9,22,read,EME_EPSOFFSET,EPS offset (-180.00° .. +180.00°),"EPS Offset (-180,00° .. +180,00°)",1,0,int,°,eme_10.prg rev 16.0 (2012),
ActiveHybrid 3/5/7 (F30/F10/F01),Hybrid Gen 2.0 (2012-2016),EME,E-machine electronics,,0xDDFC,22,read,EME_INFO_EMK,Bit-coded derating information from the e-machine control,Bitkodierte Deratinginformation  der E-Maschinenregelung,1,0,unsigned int,,eme_10.prg rev 16.0 (2012),
ActiveHybrid 3/5/7 (F30/F10/F01),Hybrid Gen 2.0 (2012-2016),EME,E-machine electronics,,0xDDFD,2E,write,EME_DME_LEERLAUFREGELUNG_AKTIVIEREN,Activation/deactivation of idle speed control on the DME,Aktivierung / Deaktivierung der Leerlaufregelung auf der DME,0,1,,,eme_10.prg rev 16.0 (2012),
ActiveHybrid 3/5/7 (F30/F10/F01),Hybrid Gen 2.0 (2012-2016),EME,E-machine electronics,,0xDDFE,22;2E,read/write,EME_ANTRIEBSART,Current hybrid operating mode and EME operating mode control,aktuelle Hybrid-Betriebsart und Ansteuerung EME Betriebsart,1,1,unsigned char,0-n,eme_10.prg rev 16.0 (2012),
ActiveHybrid 3/5/7 (F30/F10/F01),Hybrid Gen 2.0 (2012-2016),EME,E-machine electronics,,0xDDFF,2E,write,EME_ELEKTRISCHE_MASCHINE_GENERATORBETRIEB,Set generator mode of the e-machine or control via EME software,Einstellen generatorischer Betrieb der E-Maschine oder Regelung durch EME SW,0,1,,,eme_10.prg rev 16.0 (2012),
ActiveHybrid 3/5/7 (F30/F10/F01),Hybrid Gen 2.0 (2012-2016),EME,E-machine electronics,,0xDE00,22,read,EME_HVPM_DCDC_ANSTEUERUNG,Return values from the HVPM for DCDC control,Rückgabewerte vom HVPM für DCDC Ansteuerung,16,0,,,eme_10.prg rev 16.0 (2012),
ActiveHybrid 3/5/7 (F30/F10/F01),Hybrid Gen 2.0 (2012-2016),EME,E-machine electronics,,0xDE01,22,read,EME_HVPM_VERBRAUCHERREDUZIERUNG,Return values for HVPM consumer reduction,Rückgabewerte für HVPM Verbraucherreduzierung,9,0,,,eme_10.prg rev 16.0 (2012),
ActiveHybrid 3/5/7 (F30/F10/F01),Hybrid Gen 2.0 (2012-2016),EME,E-machine electronics,,0xDE02,22,read,EME_HVPM_HV_SYSTEM_ON_OFF,High-voltage system on / off,Hochvoltsystem An / Aus,7,0,,,eme_10.prg rev 16.0 (2012),
ActiveHybrid 3/5/7 (F30/F10/F01),Hybrid Gen 2.0 (2012-2016),EME,E-machine electronics,,0xDE03,22,read,EME_HVPM_ENERGIEBORDNETZ,Return values of the HVPM for HV energy and cell voltages,Rückgabewerte des HVPM über HV-Energie und Zellspannungen,34,0,,,eme_10.prg rev 16.0 (2012),
ActiveHybrid 3/5/7 (F30/F10/F01),Hybrid Gen 2.0 (2012-2016),EME,E-machine electronics,,0xDE04,22,read,EME_HVPM_ENERGIEBORDNETZ_2,Number of times the vehicle was ready to drive in the SOC area,Anzahl der Herstellung von Fahrbereitschaft im SOC Bereich,14,0,,,eme_10.prg rev 16.0 (2012),
ActiveHybrid 3/5/7 (F30/F10/F01),Hybrid Gen 2.0 (2012-2016),EME,E-machine electronics,,0xDE05,22,read,EME_HVPM_MSA,HVPM engine start-stop automatic,HVPM Motor Start-Stopp-Automatik,39,0,,,eme_10.prg rev 16.0 (2012),
ActiveHybrid 3/5/7 (F30/F10/F01),Hybrid Gen 2.0 (2012-2016),EME,E-machine electronics,,0xDE06,22,read,EME_HVPM_PKOR,HVPM performance coordinator,HVPM Leistungskoordinator,24,0,,,eme_10.prg rev 16.0 (2012),
ActiveHybrid 3/5/7 (F30/F10/F01),Hybrid Gen 2.0 (2012-2016),EME,E-machine electronics,,0xDE07,2E,write,EME_HVPM_INFOSPEICHER_MSA_LOESCHEN,All fault memory entries from diagnostic job STATUS_HVPM_MSA are set to zero.,Alle Infospeicher aus Diagnosejob STATUS_HVPM_MSA werden auf Null gesetzt.,0,1,,,eme_10.prg rev 16.0 (2012),
ActiveHybrid 3/5/7 (F30/F10/F01),Hybrid Gen 2.0 (2012-2016),EME,E-machine electronics,,0xDE08,2E,write,EME_HVPM_INFOSPEICHER_PKOR_LOESCHEN,All fault memory entries of diagnostic job STATUS_HVPM_EKMV are set to zero.,Alle Infospeicher des Diagnosejobs STATUS_HVPM_EKMV werden auf Null gesetzt.,0,1,,,eme_10.prg rev 16.0 (2012),
ActiveHybrid 3/5/7 (F30/F10/F01),Hybrid Gen 2.0 (2012-2016),EME,E-machine electronics,,0xDE09,2E,write,EME_HVPM_INFOSPEICHER_STRZLR_LOESCHEN,Clear the info memory HSPM (STRZL),Löschen des Infospeicher HSPM (STRZL),0,1,,,eme_10.prg rev 16.0 (2012),
ActiveHybrid 3/5/7 (F30/F10/F01),Hybrid Gen 2.0 (2012-2016),EME,E-machine electronics,,0xDE0A,2E,write,EME_HVPM_INFOSPEICHER_SPMON_LOESCHEN,Deleting the information memory HVPMP (SPMON),Löschen des Infospeichers HVPMP (SPMON),0,1,,,eme_10.prg rev 16.0 (2012),
ActiveHybrid 3/5/7 (F30/F10/F01),Hybrid Gen 2.0 (2012-2016),EME,E-machine electronics,,0xDE0B,22,read,EME_HV_ISOLATION,"External insulation fault, SME",externer Isolationsfehler SME,1,0,unsigned char,0-n,eme_10.prg rev 16.0 (2012),
ActiveHybrid 3/5/7 (F30/F10/F01),Hybrid Gen 2.0 (2012-2016),EME,E-machine electronics,,0xDE0C,22,read,EME_HVIL_GESAMT,"Reading out the HVIL status in the EME; if HVIL is interrupted, then not ok","Auslesen des HVIL-Zustandes in der EME; falls HVIL unterbrochen, dann n.i.O.",1,0,unsigned char,0-n,eme_10.prg rev 16.0 (2012),
ActiveHybrid 3/5/7 (F30/F10/F01),Hybrid Gen 2.0 (2012-2016),EME,E-machine electronics,,0xDE0D,22,read,EME_LV_BAT,Status of the LV battery,Status der LV-Batterie,3,0,,,eme_10.prg rev 16.0 (2012),
ActiveHybrid 3/5/7 (F30/F10/F01),Hybrid Gen 2.0 (2012-2016),EME,E-machine electronics,,0xDE0E,22,read,EME_ANSTEUERUNG_ELUP,Current switching status ELUP (0 - off; 1 - on),Aktueller Schaltzustand ELUP (0 - Aus; 1 - Ein),1,0,unsigned char,0/1,eme_10.prg rev 16.0 (2012),
ActiveHybrid 3/5/7 (F30/F10/F01),Hybrid Gen 2.0 (2012-2016),EME,E-machine electronics,,0xDE0F,22,read,EME_KL30C_SPANNUNG,"0 = crash not detected, 1 = crash detected","0=Crash nicht erkannt, 1=Crash erkannt",1,0,unsigned char,0/1,eme_10.prg rev 16.0 (2012),
ActiveHybrid 3/5/7 (F30/F10/F01),Hybrid Gen 2.0 (2012-2016),EME,E-machine electronics,,0xDE10,22,read,EME_HVB_TAUSCH_LESEN,Odometer reading (km) of the last battery replacement,Kilometerstand (km) des letzten Batterietausches,2,0,,,eme_10.prg rev 16.0 (2012),
ActiveHybrid 3/5/7 (F30/F10/F01),Hybrid Gen 2.0 (2012-2016),EME,E-machine electronics,,0xDE12,22,read,EME_PUMPEN,Actual speed of the coolant pump,Ist-Drehzahl der Kühlmittelpumpe,1,0,unsigned char,1/min,eme_10.prg rev 16.0 (2012),
ActiveHybrid 3/5/7 (F30/F10/F01),Hybrid Gen 2.0 (2012-2016),EME,E-machine electronics,,0xDE13,22,read,EME_BETRIEBSART_HYBRID,Hybrid operating mode (Ba_hybrid) is output,Betriebsart Hybrid (Ba_hybrid) wird ausgegeben,1,0,unsigned char,,eme_10.prg rev 16.0 (2012),
ActiveHybrid 3/5/7 (F30/F10/F01),Hybrid Gen 2.0 (2012-2016),EME,E-machine electronics,,0xDE14,22,read,EME_ANF_NL,Read out history memory of St_anf_nl_eme,Historienspeicher von St_anf_nl_eme auslesen,48,0,,,eme_10.prg rev 16.0 (2012),
ActiveHybrid 3/5/7 (F30/F10/F01),Hybrid Gen 2.0 (2012-2016),EME,E-machine electronics,,0xDE15,22,read,EME_NLM_DEAK,Read out history memory of St_nlm_deakt_msa,Historienspeicher von St_nlm_deakt_msa auslesen,48,0,,,eme_10.prg rev 16.0 (2012),
ActiveHybrid 3/5/7 (F30/F10/F01),Hybrid Gen 2.0 (2012-2016),EME,E-machine electronics,,0xDE17,2E,write,EME_NLM_INFO_ERS_LOESCHEN,Reset history memory of NLM info substitute reactions to zero,Historienspeicher NLM Infos Ersatzreaktionen Null setzen,0,1,,,eme_10.prg rev 16.0 (2012),
ActiveHybrid 3/5/7 (F30/F10/F01),Hybrid Gen 2.0 (2012-2016),EME,E-machine electronics,,0xDE18,22,read,EME_HVPM_SPANNUNGSFREIHEIT,Info memory for the de-energized state of the high-voltage system (monitored by HVPM),Infospeicher zur Spannungsfreiheit des Hochvoltsystems (durch HVPM überwacht),40,0,,,eme_10.prg rev 16.0 (2012),
ActiveHybrid 3/5/7 (F30/F10/F01),Hybrid Gen 2.0 (2012-2016),EME,E-machine electronics,,0xDE19,22,read,EME_ELUP,"Number of brake actuations, running time and starts of the ELUP","Anzahl der Bremsbetätigungen, Laufzeit und Anläufe der ELUP",3,0,,,eme_10.prg rev 16.0 (2012),
ActiveHybrid 3/5/7 (F30/F10/F01),Hybrid Gen 2.0 (2012-2016),EME,E-machine electronics,,0xDE1A,22,read,EME_12VBATT_ENTL_STANDKL,Charge quantity,Ladungsmenge,1,0,unsigned int,Ah,eme_10.prg rev 16.0 (2012),
ActiveHybrid 3/5/7 (F30/F10/F01),Hybrid Gen 2.0 (2012-2016),EME,E-machine electronics,,0xDE1B,22,read,EME_HVPM_MSA_2,HVPM MSA2,HVPM MSA2,10,0,,,eme_10.prg rev 16.0 (2012),
ActiveHybrid 3/5/7 (F30/F10/F01),Hybrid Gen 2.0 (2012-2016),EME,E-machine electronics,,0xDE1C,22,read,EME_HVPM_DCDC_ALS,HVPM DCDC ALS,HVPM DCDC ALS,4,0,,,eme_10.prg rev 16.0 (2012),
ActiveHybrid 3/5/7 (F30/F10/F01),Hybrid Gen 2.0 (2012-2016),EME,E-machine electronics,,0xDE1E,22,read,EME_SZE_ZSEBATTERIE,Read out the results of the ZSE battery state-detection,Ergebnisse der Speicherzustandserkennung der ZSE-Batterie auslesen,46,0,,,eme_10.prg rev 16.0 (2012),
ActiveHybrid 3/5/7 (F30/F10/F01),Hybrid Gen 2.0 (2012-2016),EME,E-machine electronics,,0xDE1F,2E,write,EME_TAUSCH_ZSEBATT_REGISTRIEREN,Register ZSE battery replacement: 0 = no request; 1 = register ZSE battery replacement,Tausch der ZSE-Batterie registrieren: 0 = keine Anforderung; 1 = ZSE-Batterie Tausch registieren,0,1,,,eme_10.prg rev 16.0 (2012),
ActiveHybrid 3/5/7 (F30/F10/F01),Hybrid Gen 2.0 (2012-2016),EME,E-machine electronics,,0xDE20,2E,write,EME_ZSEBATT_SZEWERTE_LOESCHEN,"Reset all histograms, counters, etc. of the ZSE battery","Alle Histogramme, Zähler, etc. der ZSE-Batterie zurücksetzen",0,1,,,eme_10.prg rev 16.0 (2012),
ActiveHybrid 3/5/7 (F30/F10/F01),Hybrid Gen 2.0 (2012-2016),EME,E-machine electronics,,0xDE21,22,read,EME_TEMP_DCDC,Current temperature value of the DC/DC converter transformer,Aktueller Temperaturwert des Trafos des DcDc Wandlers,1,0,int,°C,eme_10.prg rev 16.0 (2012),
ActiveHybrid 3/5/7 (F30/F10/F01),Hybrid Gen 2.0 (2012-2016),EME,E-machine electronics,,0xDE22,22,read,EME_KAELTEMITTEL_ABSPERRVENTIL_ON_OFF,Status of the refrigerant shut-off valve; 0 = valve closed; 1 = valve open,Status des Kältemittelabsperrventils; 0 = Ventil geschlossen; 1 = Ventil offen,1,0,unsigned char,0/1,eme_10.prg rev 16.0 (2012),
ActiveHybrid 3/5/7 (F30/F10/F01),Hybrid Gen 2.0 (2012-2016),EME,E-machine electronics,,0xDE23,2E,write,EME_KAELTEMITTEL_ABSPERRVENTIL,Control of the refrigerant shut-off valve,Ansteuerung des Kältemittelabsperrventils,0,1,,,eme_10.prg rev 16.0 (2012),
ActiveHybrid 3/5/7 (F30/F10/F01),Hybrid Gen 2.0 (2012-2016),EME,E-machine electronics,,0xDE24,22,read,EME_SCHALTSPIELE_ZSE_RELAIS,Number of relay switching cycles of the ZSE branch,Anzahl der Relaisschaltspiele des ZSE-Zweiges,1,0,unsigned long,,eme_10.prg rev 16.0 (2012),
ActiveHybrid 3/5/7 (F30/F10/F01),Hybrid Gen 2.0 (2012-2016),EME,E-machine electronics,,0xDE25,22;2E,read/write,EME_ZSE_RELAIS,Activate the ZSE relay manually,Activate the ZSE relay manually,1,1,unsigned char,0-n,eme_10.prg rev 16.0 (2012),
ActiveHybrid 3/5/7 (F30/F10/F01),Hybrid Gen 2.0 (2012-2016),EME,E-machine electronics,,0xDE26,22,read,EME_HVSTART_FEHLER,Indication of the fault when starting up the HV system,Angabe des Fehlers beim Hochfahren des HV-Systems,1,0,BITFIELD,bit,eme_10.prg rev 16.0 (2012),
ActiveHybrid 3/5/7 (F30/F10/F01),Hybrid Gen 2.0 (2012-2016),EME,E-machine electronics,,0xDE27,22,read,EME_EM_TEMP_HIST,Read e-machine temperature histogram,Auslesen Temperaturhistogramm E-Maschine,6,0,,,eme_10.prg rev 16.0 (2012),
ActiveHybrid 3/5/7 (F30/F10/F01),Hybrid Gen 2.0 (2012-2016),EME,E-machine electronics,,0xDE28,22,read,EME_EBS_1,Read out teleservice data,Teleservice Daten auslesen,32,0,,,eme_10.prg rev 16.0 (2012),
ActiveHybrid 3/5/7 (F30/F10/F01),Hybrid Gen 2.0 (2012-2016),EME,E-machine electronics,,0xDE29,2E;22,read/write,EME_NOTENTL_ZAEHLER,Emergency discharge counter: counter status / reset counter (0 = no reset; 1 = reset),Notentladungszähler: Status des Zählers / Rücksetzen des Zähler (0 = kein Rücksetzen; 1 = Rücksetzen),1,1,unsigned int,,eme_10.prg rev 16.0 (2012),
ActiveHybrid 3/5/7 (F30/F10/F01),Hybrid Gen 2.0 (2012-2016),EME,E-machine electronics,,0xDE2A,22,read,EME_FELDDATEN_LESEN,Read out field data of the EME,Felddaten der EME auslesen,11,0,,,eme_10.prg rev 16.0 (2012),
ActiveHybrid 3/5/7 (F30/F10/F01),Hybrid Gen 2.0 (2012-2016),EME,E-machine electronics,,0xDE2B,2E,write,EME_RESET_EM_TEMPHIST,Reset the temperature histogram of the EMM,Zurücksetzen des Temperaturhistogramms der EMM,0,1,,,eme_10.prg rev 16.0 (2012),
ActiveHybrid 3/5/7 (F30/F10/F01),Hybrid Gen 2.0 (2012-2016),EME,E-machine electronics,,0xDE2C,22,read,EME_EBS_2,Read teleservice data 2,Auslesen Teleservice Daten 2,56,0,,,eme_10.prg rev 16.0 (2012),
ActiveHybrid 3/5/7 (F30/F10/F01),Hybrid Gen 2.0 (2012-2016),EME,E-machine electronics,,0xDE2E,22,read,EME_SERIENNUMMERN_BOSCH,"Serial, part and revision number of the ECU (Bosch)","Serien-, Sach- und Änderungsnummer des Steuergeräts (Bosch)",4,0,,,eme_10.prg rev 16.0 (2012),
ActiveHybrid 3/5/7 (F30/F10/F01),Hybrid Gen 2.0 (2012-2016),EME,E-machine electronics,,0xDE2F,22,read,EME_SOH_LESEN,SOH of the EME over lifetime,SOH der EME über Laufzeit,1,0,int,%,eme_10.prg rev 16.0 (2012),
ActiveHybrid 3/5/7 (F30/F10/F01),Hybrid Gen 2.0 (2012-2016),EME,E-machine electronics,,0xDEC0,22,read,KAELTEMITTEL_ABSPERRVENTIL_ON_OFF_PWM,Status of the refrigerant shut-off valve; 0% = valve closed; 100% = valve open,Status des Kältemittelabsperrventils; 0% = Ventil geschlossen; 100% = Ventil offen,1,0,unsigned char,%,eme_10.prg rev 16.0 (2012),
ActiveHybrid 3/5/7 (F30/F10/F01),Hybrid Gen 2.0 (2012-2016),EME,E-machine electronics,,0xDEC2,22,read,SPANNUNG_ELUP,Voltage level at the ELUP output of the EME,Spannungspegel am ELUP - Ausgang der EME,1,0,unsigned int,V,eme_10.prg rev 16.0 (2012),
ActiveHybrid 3/5/7 (F30/F10/F01),Hybrid Gen 2.0 (2012-2016),EME,E-machine electronics,,0xDEC3,22,read,STROM_ELUP,Voltage level at the ELUP output of the EME,Spannungspegel am ELUP - Ausgang der EME,1,0,unsigned int,A,eme_10.prg rev 16.0 (2012),
ActiveHybrid 3/5/7 (F30/F10/F01),Hybrid Gen 2.0 (2012-2016),EME,E-machine electronics,,0xDECF,22,read,EME_IUMPR,Read information on the IUMPR values stored in the ECU,Auslesen Informationen zu den im Steuergerät abgelegten IUMPR,84,0,,,eme_10.prg rev 16.0 (2012),
ActiveHybrid 3/5/7 (F30/F10/F01),Hybrid Gen 2.0 (2012-2016),EME,E-machine electronics,,0x63A4,22,read,EME_NLK_ER_ANF,EME_NLK_ER_ANF,EME_NLK_ER_ANF,2,0,,,eme_10.prg rev 16.0 (2012),
ActiveHybrid 3/5/7 (F30/F10/F01),Hybrid Gen 2.0 (2012-2016),EME,E-machine electronics,,0x63FF,22,read,EME_HYM_ID,Read out the version of the BMW library,Version der BMW Library auslesen,1,0,string,TEXT,eme_10.prg rev 16.0 (2012),
ActiveHybrid 3/5/7 (F30/F10/F01),Hybrid Gen 2.0 (2012-2016),EME,E-machine electronics,,0xF50C,31,routine,EME_EM_ANSTEUERUNG,EME_EM_ANSTEUERUNG,EME_EM_ANSTEUERUNG,0,3,,,eme_10.prg rev 16.0 (2012),
ActiveHybrid 7 (F04),Hybrid Gen 1.5 (2009-2012),SME,HV battery management,,0xDD60,22,read,SCHUETZ_SCHALTER,Contactor switch status: closed or open,Status Schützschalter: geschlossen oder offen,1,0,unsigned int,0-n,sme_04.prg rev 2.3 (2009) | SME_04_029.prg rev 0.29 (2008),
ActiveHybrid 7 (F04),Hybrid Gen 1.5 (2009-2012),SME,HV battery management,,0xDD61,22;2E,read/write,SCHUETZ_FREIGABE,Writes or reads the bit to enable or disable the contactor switch. Job is clamp-safe,Schreibt bzw. liest das Bit zur Freigabe oder Sperrung der Schützschalter. Job ist Klemmensicher,1,1,unsigned int,0-n,sme_04.prg rev 2.3 (2009) | SME_04_029.prg rev 0.29 (2008),
ActiveHybrid 7 (F04),Hybrid Gen 1.5 (2009-2012),SME,HV battery management,,0xDD63,22,read,SCHUETZSCHALTUNGEN_ANZAHL,Number of switchings of the contactor switch (currentless and under load),Anzahl der Schaltungen der Schützschalter (stromlos und unter Last),1,0,unsigned long,,sme_04.prg rev 2.3 (2009) | SME_04_029.prg rev 0.29 (2008),
ActiveHybrid 7 (F04),Hybrid Gen 1.5 (2009-2012),SME,HV battery management,,0xDD64,22,read,HVIL,Disturb/disable the interlock generator in the BMS / HVIL test result,Stören/Abschalten des Interlockgenerators im BMS / Ergebnis HVIL-Prüfung,1,0,unsigned int,0-n,sme_04.prg rev 2.3 (2009),
ActiveHybrid 7 (F04),Hybrid Gen 1.5 (2009-2012),SME,HV battery management,,0xDD66,22,read,HV_SPANNUNG,"HV voltage, DC-link voltage before the contactors",HV-Spannung Zwischenkreisspannung vor den Schützen,1,0,int,V,sme_04.prg rev 2.3 (2009) | SME_04_029.prg rev 0.29 (2008),
ActiveHybrid 7 (F04),Hybrid Gen 1.5 (2009-2012),SME,HV battery management,,0xDD68,22,read,HV_SPANNUNG_BERECHNET,"HV voltage calculated from individual cells, battery voltage behind the contactors",HV-Spannung berechnet aus einzelnen Zellen  Batteriespannung hinter den Schützen,1,0,int,V,sme_04.prg rev 2.3 (2009) | SME_04_029.prg rev 0.29 (2008),
ActiveHybrid 7 (F04),Hybrid Gen 1.5 (2009-2012),SME,HV battery management,,0xDD69,22,read,HV_STROM,HV electricity,HV-Strom,1,0,long,A,sme_04.prg rev 2.3 (2009) | SME_04_029.prg rev 0.29 (2008),
ActiveHybrid 7 (F04),Hybrid Gen 1.5 (2009-2012),SME,HV battery management,,0xDD6A,22,read,ISOLATIONSWIDERSTAND,Reading out the currently applied insulation resistance,Auslesen des aktuell anliegenden Isolationswiderstands,2,0,,,sme_04.prg rev 2.3 (2009) | SME_04_029.prg rev 0.29 (2008),
ActiveHybrid 7 (F04),Hybrid Gen 1.5 (2009-2012),SME,HV battery management,,0xDD6B,22,read,TEMP_SENSOREN,Cell temperature,Temperatur Zellen,4,0,,,sme_04.prg rev 2.3 (2009) | SME_04_029.prg rev 0.29 (2008),
ActiveHybrid 7 (F04),Hybrid Gen 1.5 (2009-2012),SME,HV battery management,,0xDD6C,22,read,KUEHLKREISLAUF_TEMP,Coolant circuit temperature,Temperatur Kühlkreislauf,1,0,int,°C,sme_04.prg rev 2.3 (2009) | SME_04_029.prg rev 0.29 (2008),
ActiveHybrid 7 (F04),Hybrid Gen 1.5 (2009-2012),SME,HV battery management,,0xDD6D,22,read,KAPAZITAETSVERLUST,HV battery capacity loss,HV-Batterie Kapazitätsverlust,2,0,,,sme_04.prg rev 2.3 (2009),
ActiveHybrid 7 (F04),Hybrid Gen 1.5 (2009-2012),SME,HV battery management,,0xDD6F,22;2E,read/write,KUEHLKREISLAUF_VENTIL,Status / control coolant valve: closed or open,Status / Steuern Kühlmittel-Ventil: Geschlossen oder offen,1,1,unsigned int,0-n,sme_04.prg rev 2.3 (2009),
ActiveHybrid 7 (F04),Hybrid Gen 1.5 (2009-2012),SME,HV battery management,,0xDD70,22,read,AUSLIEFERUNGSDATEN,Read manufacturer data,Auslesen Herstellerdaten,5,0,,,sme_04.prg rev 2.3 (2009) | SME_04_029.prg rev 0.29 (2008),
ActiveHybrid 7 (F04),Hybrid Gen 1.5 (2009-2012),SME,HV battery management,,0xDD71,22,read,ZELLSPANNUNG,Cell voltages,Zellenspannungen,35,0,,,sme_04.prg rev 2.3 (2009) | SME_04_029.prg rev 0.29 (2008),
ActiveHybrid 7 (F04),Hybrid Gen 1.5 (2009-2012),SME,HV battery management,,0xDD72,22,read,AUFSTART_VERHINDERER,Reason for not starting the HV system,Grund für nicht Aufstarten des HV-Systems,1,0,int,0-n,sme_04.prg rev 2.3 (2009) | SME_04_029.prg rev 0.29 (2008),
ActiveHybrid 7 (F04),Hybrid Gen 1.5 (2009-2012),SME,HV battery management,,0xDD73,22,read,CUMULATIVE_LADUNG,Status cumulative charge,Status kumulierte Ladung,1,0,int,Ah,sme_04.prg rev 2.3 (2009) | SME_04_029.prg rev 0.29 (2008),
ActiveHybrid 7 (F04),Hybrid Gen 1.5 (2009-2012),SME,HV battery management,,0xDD74,22,read,CUMULATIVE_ENTLADUNG,Status cumulative discharge,Status kumulierte Entladung,1,0,int,Ah,sme_04.prg rev 2.3 (2009) | SME_04_029.prg rev 0.29 (2008),
ActiveHybrid 7 (F04),Hybrid Gen 1.5 (2009-2012),SME,HV battery management,,0xDD75,22,read,SERIENNUMMER,Write/read serial number,Schreiben/Auslesen Seriennummer,1,0,string[10],,sme_04.prg rev 2.3 (2009) | SME_04_029.prg rev 0.29 (2008),
ActiveHybrid 7 (F04),Hybrid Gen 1.5 (2009-2012),SME,HV battery management,,0xDD76,22,read,STATUS_KL30C_SPANNUNG,Voltage terminal30C,Spannung Klemme30C,1,0,unsigned int,V,sme_04.prg rev 2.3 (2009) | SME_04_029.prg rev 0.29 (2008),
ActiveHybrid 7 (F04),Hybrid Gen 1.5 (2009-2012),SME,HV battery management,,0xDD77,22,read,HISTOGRAM,Time/temperature histogram SoC 1-3,Zeit/Temperatur Histogramm SoC 1-3,18,0,,,sme_04.prg rev 2.3 (2009),
ActiveHybrid 7 (F04),Hybrid Gen 1.5 (2009-2012),SME,HV battery management,,0xDD79,2F,io-control,SCHUETZE_MIN_SOC_SICHERHEITABFRAGE,"Switch main contactors at min SOC (< 5% SOC). Caution! This job must be protected by a security query in all follow-up tools. Not possible while driving. Also still possible at deep discharge (5% SOC). Caution! This job must be protected by a security query in all follow-up tools, to make sure a charger is already connected!","Hauptschütze schalten bei min SOC (< 5% SOC) Achtung!Dieser Job muss in allen Folgetools mit Security Abfrage gesichert sein Nicht möglich während der Fahrt. Auch bei tiefer Entladung (5% SOC) noch möglich. Achtung! Dieser Job muss in allen Folgetools mit Security Abfrage gesichert sein, um sicher zu stellen, dass ein Ladegerät bereits angeschlossen ist!",0,2,,,sme_04.prg rev 2.3 (2009) | SME_04_029.prg rev 0.29 (2008),
ActiveHybrid 7 (F04),Hybrid Gen 1.5 (2009-2012),SME,HV battery management,,0xDD7B,22;2E,read/write,REFERENZ_KAPAZITAET,Read and adjust battery capacity,Auslesen und Justieren Kapazität Batterie,1,1,unsigned int,Ah,sme_04.prg rev 2.3 (2009) | SME_04_029.prg rev 0.29 (2008),
ActiveHybrid 7 (F04),Hybrid Gen 1.5 (2009-2012),SME,HV battery management,,0xDD7C,22,read,GW_INFO,Warranty data,Gewährleistungsdaten,52,0,,,sme_04.prg rev 2.3 (2009) | SME_04_029.prg rev 0.29 (2008),
ActiveHybrid 7 (F04),Hybrid Gen 1.5 (2009-2012),SME,HV battery management,,0xDD7D,22,read,STROMGRENZEN,Current limits,Stromgrenzen,2,0,,,sme_04.prg rev 2.3 (2009) | SME_04_029.prg rev 0.29 (2008),
ActiveHybrid 7 (F04),Hybrid Gen 1.5 (2009-2012),SME,HV battery management,,0xDD7E,22,read,SPANNUNGSGRENZEN,Voltage limits,Spannungsgrenzen,2,0,,,sme_04.prg rev 2.3 (2009) | SME_04_029.prg rev 0.29 (2008),
ActiveHybrid 7 (F04),Hybrid Gen 1.5 (2009-2012),SME,HV battery management,,0xDD7F,22;2E,read/write,OCV_KENNLINIE,SoC-dependent open-circuit voltage,SoC-abhängige Leerlaufspannung,21,21,,,sme_04.prg rev 2.3 (2009),
ActiveHybrid 7 (F04),Hybrid Gen 1.5 (2009-2012),SME,HV battery management,,0xAD60,31,routine,ZELLAUSGLEICHSENTLADESPANNUNG,Cell balancing discharge voltage,Zellausgleichsentladespannung,6,1,,,sme_04.prg rev 2.3 (2009) | SME_04_029.prg rev 0.29 (2008),
ActiveHybrid 7 (F04),Hybrid Gen 1.5 (2009-2012),SME,HV battery management,,0xAD61,31,routine,ISOLATION,Isolation test result,Ergebnis Isolationstest,1,0,unsigned int,0-n,sme_04.prg rev 2.3 (2009) | SME_04_029.prg rev 0.29 (2008),
ActiveHybrid 7 (F04),Hybrid Gen 1.5 (2009-2012),SME,HV battery management,,0xAD62,31,routine,SOC,HV battery SOC (state of charge),HV-Batterie SOC (state of charge),4,0,,,sme_04.prg rev 2.3 (2009) | SME_04_029.prg rev 0.29 (2008),
ActiveHybrid 7 (F04),Hybrid Gen 1.5 (2009-2012),SME,HV battery management,,0xDD64,22;2F,read/io-control,HVIL,Disturb/disable the interlock generator in the BMS / HVIL test result,Stören/Abschalten des Interlockgenerators im BMS / Ergebnis HVIL-Prüfung,1,1,unsigned int,0-n,SME_04_029.prg rev 0.29 (2008),
ActiveHybrid 7 (F04),Hybrid Gen 1.5 (2009-2012),SME,HV battery management,,0xDD6F,2E;22,read/write,KUEHLKREISLAUF_VENTIL,Status / control coolant valve: closed or open,Status / Steuern Kühlmittel-Ventil: Geschlossen oder offen,1,1,unsigned int,0-n,SME_04_029.prg rev 0.29 (2008),
ActiveHybrid 7 (F04),Hybrid Gen 1.5 (2009-2012),SME,HV battery management,,0xDD7F,2E,write,OCV_KENNLINIE,still to be defined,noch zu definieren,2,0,,,SME_04_029.prg rev 0.29 (2008),
ActiveHybrid 7 (F04),Hybrid Gen 1.5 (2009-2012),SME,HV battery management,,0xDD7A,2F,io-control,SCHUETZE_MAX_SOC,Switch main contactors in normal operating state (>95% SOC). Not possible while driving. Also still possible at high state of charge (> 95% SOC).,Hauptschütze schalten in normalem Betriebszustand (>95% SOC) Nicht möglich während der Fahrt. Auch bei hohem Ladezustand (> 95% SOC) noch möglich.,0,1,,,SME_04_029.prg rev 0.29 (2008),
ActiveHybrid 7 (F04),Hybrid Gen 1.5 (2009-2012),SME,HV battery management,,0xDD78,2F,io-control,SCHUETZE_MIN_SOC,Switch main contactors at min SOC (10% - 5% SOC). Not possible while driving! Only possible between 10% and 5% SOC!,Hauptschütze schalten bei min SOC(10% - 5% SOC) Nicht möglich während der Fahrt! Nur zwischen 10%  und 5 % SOC möglich!,0,1,,,SME_04_029.prg rev 0.29 (2008),
ActiveHybrid 7 (F04),Hybrid Gen 1.5 (2009-2012),SME,HV battery management,,0xDD6D,22,read,SOH,HV battery SOH (state of health),HV-Batterie SOH (state of health),2,0,,,SME_04_029.prg rev 0.29 (2008),
ActiveHybrid 7 (F04),Hybrid Gen 1.5 (2009-2012),SME,HV battery management,,0xDAFE,22,read,STATUS_KLEMME_15_EIN,Returns status of the terminal(s) in the ECU: 0=OFF; 1=ON,Liefert Status der Klemme(n) im Steuergerät: 0=AUS; 1=EIN,1,0,int,0/1,SME_04_029.prg rev 0.29 (2008),
ActiveHybrid 7 (F04),Hybrid Gen 1.5 (2009-2012),EME,E-machine electronics,,0x6300,22,read,STATUS_EPSOFFSET,EPS offset -180.00° .. +180.00°,"EPS Offset -180,00° .. +180,00°",1,0,int,°,eme_04.prg rev 8.12 (2010) | EME_04_490.prg rev 4.200 (2009) | EME_04_I410.prg rev 1.1 (2009) | eme_04_alt.prg rev 1.1 (2009),
ActiveHybrid 7 (F04),Hybrid Gen 1.5 (2009-2012),EME,E-machine electronics,,0x6301,22,read,STATUS_TEMPERATUREN,Read temperatures from the e-motor DCB (power stage) control board,Temperaturen lesen vom E-Motor DCB (Endstufen) Control Board,9,0,,,eme_04.prg rev 8.12 (2010) | EME_04_490.prg rev 4.200 (2009) | EME_04_I410.prg rev 1.1 (2009) | eme_04_alt.prg rev 1.1 (2009),
ActiveHybrid 7 (F04),Hybrid Gen 1.5 (2009-2012),EME,E-machine electronics,,0x6302,22,read,STATUS_HVIL_GESAMT,"Read the HVIL status; if HVIL is interrupted, then not OK","Auslesen des HVIL-Zustandes falls HVIL unterbrochen, dann n.i.O.",1,0,unsigned char,0-n,eme_04.prg rev 8.12 (2010) | EME_04_490.prg rev 4.200 (2009) | EME_04_I410.prg rev 1.1 (2009) | eme_04_alt.prg rev 1.1 (2009),
ActiveHybrid 7 (F04),Hybrid Gen 1.5 (2009-2012),EME,E-machine electronics,,0x6303,22,read,STATUS_HV_ISOLATION,"Read the insulation monitor; if insulation fault, then not OK","Auslesen des Isolationswächters falls Iso-Fehler, dann n.i.O.",1,0,unsigned char,0-n,eme_04.prg rev 8.12 (2010) | EME_04_490.prg rev 4.200 (2009) | EME_04_I410.prg rev 1.1 (2009) | eme_04_alt.prg rev 1.1 (2009),
ActiveHybrid 7 (F04),Hybrid Gen 1.5 (2009-2012),EME,E-machine electronics,,0x6304,22,read,STATUS_PRECHARGE,"Variable in the base SW: ECUM_eSystemState = Run -> precharge complete. However, precharge is performed by the SME",Variable in der Basis SW: ECUM_eSystemState= Run  ->  Precharge abgeschlossen. Den Precharge macht aber die SME,1,0,unsigned char,0-n,eme_04.prg rev 8.12 (2010) | EME_04_490.prg rev 4.200 (2009) | EME_04_I410.prg rev 1.1 (2009) | eme_04_alt.prg rev 1.1 (2009),
ActiveHybrid 7 (F04),Hybrid Gen 1.5 (2009-2012),EME,E-machine electronics,,0x6305,22,read,STATUS_SPANNUNG_DC_HV,DC voltage of the EMK EMR (HV battery side) (referred to internal),DC Spannung der EMK EMR (HV-Batterieseitig ) (nach intern),1,0,unsigned int,V,eme_04.prg rev 8.12 (2010) | EME_04_490.prg rev 4.200 (2009) | EME_04_I410.prg rev 1.1 (2009) | eme_04_alt.prg rev 1.1 (2009),
ActiveHybrid 7 (F04),Hybrid Gen 1.5 (2009-2012),EME,E-machine electronics,,0x6306,22,read,STATUS_HV_STROM,"HV current, electrical system (Bordnetz)",HV-Strom  Bordnetz,4,0,,,eme_04.prg rev 8.12 (2010) | EME_04_490.prg rev 4.200 (2009) | EME_04_I410.prg rev 1.1 (2009) | eme_04_alt.prg rev 1.1 (2009),
ActiveHybrid 7 (F04),Hybrid Gen 1.5 (2009-2012),EME,E-machine electronics,,0x6307,22,read,STATUS_POSITIONSGEBER,Angular position of the e-machines in degrees,Winkelstellung der E-Maschinen in Grad,1,0,int,°,eme_04.prg rev 8.12 (2010) | EME_04_490.prg rev 4.200 (2009) | EME_04_I410.prg rev 1.1 (2009) | eme_04_alt.prg rev 1.1 (2009),
ActiveHybrid 7 (F04),Hybrid Gen 1.5 (2009-2012),EME,E-machine electronics,,0x6308,22,read,STATUS_LV_BAT,,,3,0,,,eme_04.prg rev 8.12 (2010) | EME_04_490.prg rev 4.200 (2009) | EME_04_I410.prg rev 1.1 (2009) | eme_04_alt.prg rev 1.1 (2009),
ActiveHybrid 7 (F04),Hybrid Gen 1.5 (2009-2012),EME,E-machine electronics,,0x6309,22,read,STATUS_ELEKTRISCHE_MASCHINE,,,3,0,,,eme_04.prg rev 8.12 (2010) | EME_04_490.prg rev 4.200 (2009) | EME_04_I410.prg rev 1.1 (2009) | eme_04_alt.prg rev 1.1 (2009),
ActiveHybrid 7 (F04),Hybrid Gen 1.5 (2009-2012),EME,E-machine electronics,,0x630A,22,read,STATUS_DCDC_LADEMODUS,,,2,0,,,eme_04.prg rev 8.12 (2010) | EME_04_490.prg rev 4.200 (2009) | EME_04_I410.prg rev 1.1 (2009) | eme_04_alt.prg rev 1.1 (2009),
ActiveHybrid 7 (F04),Hybrid Gen 1.5 (2009-2012),EME,E-machine electronics,,0x630B,22;2E,read/write,STATUS_EME_ANTRIEBSART,"Selection: normal, explicitly no e-machine assist, set positive torque limits to zero, Md_em1_max_1s/10s_pm. Implemented in function P_emko_emlim","Auswahl: normal, explizit keine E-Maschinen unterstützung positive Momentengrenzen auf Null setzen, Md_em1_max_1s/10s_pm. Umsetzung in der Funktion P_emko_emlim",1,1,unsigned char,0-n,eme_04.prg rev 8.12 (2010) | EME_04_490.prg rev 4.200 (2009) | EME_04_I410.prg rev 1.1 (2009) | eme_04_alt.prg rev 1.1 (2009),
ActiveHybrid 7 (F04),Hybrid Gen 1.5 (2009-2012),EME,E-machine electronics,,0x6310,22,read,STATUS_KL30C_SPANNUNG,,,1,0,unsigned char,0-n,eme_04.prg rev 8.12 (2010) | EME_04_490.prg rev 4.200 (2009) | EME_04_I410.prg rev 1.1 (2009) | eme_04_alt.prg rev 1.1 (2009),
ActiveHybrid 7 (F04),Hybrid Gen 1.5 (2009-2012),EME,E-machine electronics,,0x630D,22,read,STATUS_PUMPEN,,,1,0,unsigned int,,eme_04.prg rev 8.12 (2010) | EME_04_490.prg rev 4.200 (2009) | EME_04_I410.prg rev 1.1 (2009) | eme_04_alt.prg rev 1.1 (2009),
ActiveHybrid 7 (F04),Hybrid Gen 1.5 (2009-2012),EME,E-machine electronics,,0x6313,22,read,STATUS_TEMPERATUR_HVB,,,1,0,signed long,°C,eme_04.prg rev 8.12 (2010) | EME_04_490.prg rev 4.200 (2009) | EME_04_I410.prg rev 1.1 (2009) | eme_04_alt.prg rev 1.1 (2009),
ActiveHybrid 7 (F04),Hybrid Gen 1.5 (2009-2012),EME,E-machine electronics,,0x6314,22,read,STATUS_TEMP_DCDC,,,3,0,,,eme_04.prg rev 8.12 (2010) | EME_04_490.prg rev 4.200 (2009) | EME_04_I410.prg rev 1.1 (2009) | eme_04_alt.prg rev 1.1 (2009),
ActiveHybrid 7 (F04),Hybrid Gen 1.5 (2009-2012),EME,E-machine electronics,,0x6315,22,read,STATUS_SPANNUNG_DC_HV_DCDC,,,1,0,unsigned int,V,eme_04.prg rev 8.12 (2010) | EME_04_490.prg rev 4.200 (2009) | EME_04_I410.prg rev 1.1 (2009) | eme_04_alt.prg rev 1.1 (2009),
ActiveHybrid 7 (F04),Hybrid Gen 1.5 (2009-2012),EME,E-machine electronics,,0x6316,22,read,STATUS_EMK_STROM_DC,,,2,0,,,eme_04.prg rev 8.12 (2010) | EME_04_490.prg rev 4.200 (2009) | EME_04_I410.prg rev 1.1 (2009) | eme_04_alt.prg rev 1.1 (2009),
ActiveHybrid 7 (F04),Hybrid Gen 1.5 (2009-2012),EME,E-machine electronics,,0x6317,22,read,STATUS_DCDC_LV,,,1,0,signed int,A,eme_04.prg rev 8.12 (2010) | EME_04_490.prg rev 4.200 (2009) | EME_04_I410.prg rev 1.1 (2009) | eme_04_alt.prg rev 1.1 (2009),
ActiveHybrid 7 (F04),Hybrid Gen 1.5 (2009-2012),EME,E-machine electronics,,0x6318,22,read,STATUS_EPI,,,4,0,,,eme_04.prg rev 8.12 (2010) | EME_04_490.prg rev 4.200 (2009) | EME_04_I410.prg rev 1.1 (2009) | eme_04_alt.prg rev 1.1 (2009),
ActiveHybrid 7 (F04),Hybrid Gen 1.5 (2009-2012),EME,E-machine electronics,,0x6319,22,read,STATUS_ERSTSTARTBEGRENZUNG,,,1,0,unsigned int,,eme_04.prg rev 8.12 (2010) | EME_04_490.prg rev 4.200 (2009) | EME_04_I410.prg rev 1.1 (2009) | eme_04_alt.prg rev 1.1 (2009),
ActiveHybrid 7 (F04),Hybrid Gen 1.5 (2009-2012),EME,E-machine electronics,,0x631A,22,read,STATUS_INFO_EMK,,,1,0,unsigned int,,eme_04.prg rev 8.12 (2010) | EME_04_490.prg rev 4.200 (2009) | EME_04_I410.prg rev 1.1 (2009) | eme_04_alt.prg rev 1.1 (2009),
ActiveHybrid 7 (F04),Hybrid Gen 1.5 (2009-2012),EME,E-machine electronics,,0x6320,22,read,STATUS_HVPM_DC/DC_ANSTEUERUNG,,,17,0,,,eme_04.prg rev 8.12 (2010) | EME_04_490.prg rev 4.200 (2009) | EME_04_I410.prg rev 1.1 (2009) | eme_04_alt.prg rev 1.1 (2009),
ActiveHybrid 7 (F04),Hybrid Gen 1.5 (2009-2012),EME,E-machine electronics,,0x6321,22,read,STATUS_HVPM_VERBRAUCHERREDUZIERUNG,,,11,0,,,eme_04.prg rev 8.12 (2010) | EME_04_490.prg rev 4.200 (2009) | EME_04_I410.prg rev 1.1 (2009) | eme_04_alt.prg rev 1.1 (2009),
ActiveHybrid 7 (F04),Hybrid Gen 1.5 (2009-2012),EME,E-machine electronics,,0x6322,22,read,STATUS_HVPM_HV_SYSTEM_ON_OFF,,,13,0,,,eme_04.prg rev 8.12 (2010) | EME_04_490.prg rev 4.200 (2009) | EME_04_I410.prg rev 1.1 (2009) | eme_04_alt.prg rev 1.1 (2009),
ActiveHybrid 7 (F04),Hybrid Gen 1.5 (2009-2012),EME,E-machine electronics,,0x6323,22,read,STATUS_HVPM_ENERGIEBORDNETZ,,,34,0,,,eme_04.prg rev 8.12 (2010) | EME_04_490.prg rev 4.200 (2009) | EME_04_I410.prg rev 1.1 (2009) | eme_04_alt.prg rev 1.1 (2009),
ActiveHybrid 7 (F04),Hybrid Gen 1.5 (2009-2012),EME,E-machine electronics,,0x6324,22,read,STATUS_HVPM_MSA,,,45,0,,,eme_04.prg rev 8.12 (2010) | EME_04_490.prg rev 4.200 (2009) | EME_04_I410.prg rev 1.1 (2009) | eme_04_alt.prg rev 1.1 (2009),
ActiveHybrid 7 (F04),Hybrid Gen 1.5 (2009-2012),EME,E-machine electronics,,0x6325,22,read,STATUS_HVPM_PKOR,,,23,0,,,eme_04.prg rev 8.12 (2010) | EME_04_490.prg rev 4.200 (2009) | EME_04_I410.prg rev 1.1 (2009) | eme_04_alt.prg rev 1.1 (2009),
ActiveHybrid 7 (F04),Hybrid Gen 1.5 (2009-2012),EME,E-machine electronics,,0x6326,22,read,STATUS_REFERENZKAPAZITAET_HVB,,,1,0,unsigned int,As,eme_04.prg rev 8.12 (2010) | EME_04_490.prg rev 4.200 (2009) | EME_04_I410.prg rev 1.1 (2009) | eme_04_alt.prg rev 1.1 (2009),
ActiveHybrid 7 (F04),Hybrid Gen 1.5 (2009-2012),EME,E-machine electronics,,0x6327,22,read,STATUS_SOC_HVB,,,1,0,unsigned int,%,eme_04.prg rev 8.12 (2010) | EME_04_490.prg rev 4.200 (2009) | EME_04_I410.prg rev 1.1 (2009) | eme_04_alt.prg rev 1.1 (2009),
ActiveHybrid 7 (F04),Hybrid Gen 1.5 (2009-2012),EME,E-machine electronics,,0x632A,22,read,STATUS_RUHESPANNUNG,,,1,0,unsigned char,0/1,eme_04.prg rev 8.12 (2010) | EME_04_490.prg rev 4.200 (2009) | EME_04_I410.prg rev 1.1 (2009) | eme_04_alt.prg rev 1.1 (2009),
ActiveHybrid 7 (F04),Hybrid Gen 1.5 (2009-2012),EME,E-machine electronics,,0x632B,22,read,STATUS_ESOC_SOC,,,1,0,signed long,%,eme_04.prg rev 8.12 (2010) | EME_04_490.prg rev 4.200 (2009) | EME_04_I410.prg rev 1.1 (2009) | eme_04_alt.prg rev 1.1 (2009),
ActiveHybrid 7 (F04),Hybrid Gen 1.5 (2009-2012),EME,E-machine electronics,,0x632C,22,read,STATUS_LADUNGSMENGE_HVB,,,1,0,signed long,As,eme_04.prg rev 8.12 (2010) | EME_04_490.prg rev 4.200 (2009) | EME_04_I410.prg rev 1.1 (2009) | eme_04_alt.prg rev 1.1 (2009),
ActiveHybrid 7 (F04),Hybrid Gen 1.5 (2009-2012),EME,E-machine electronics,,0x632D,22,read,STATUS_HVB_TAUSCH_LESEN,,,2,0,,,eme_04.prg rev 8.12 (2010) | EME_04_490.prg rev 4.200 (2009) | EME_04_I410.prg rev 1.1 (2009) | eme_04_alt.prg rev 1.1 (2009),
ActiveHybrid 7 (F04),Hybrid Gen 1.5 (2009-2012),EME,E-machine electronics,,0x632E,22,read,STATUS_HVB_LADUNGSMENGE,,,4,0,,,eme_04.prg rev 8.12 (2010) | EME_04_490.prg rev 4.200 (2009) | EME_04_I410.prg rev 1.1 (2009) | eme_04_alt.prg rev 1.1 (2009),
ActiveHybrid 7 (F04),Hybrid Gen 1.5 (2009-2012),EME,E-machine electronics,,0x6334,22,read,STATUS_ALTERUNG_INNENWIDERSTAND,,,1,0,signed long,%,eme_04.prg rev 8.12 (2010) | EME_04_490.prg rev 4.200 (2009) | EME_04_I410.prg rev 1.1 (2009) | eme_04_alt.prg rev 1.1 (2009),
ActiveHybrid 7 (F04),Hybrid Gen 1.5 (2009-2012),EME,E-machine electronics,,0x6335,22,read,STATUS_ALTERUNG_KAPAZITAET,,,1,0,signed long,%,eme_04.prg rev 8.12 (2010) | EME_04_490.prg rev 4.200 (2009) | EME_04_I410.prg rev 1.1 (2009) | eme_04_alt.prg rev 1.1 (2009),
ActiveHybrid 7 (F04),Hybrid Gen 1.5 (2009-2012),EME,E-machine electronics,,0x6336,22,read,STATUS_HVB_WARRANTY,,,7,0,,,eme_04.prg rev 8.12 (2010) | EME_04_490.prg rev 4.200 (2009) | EME_04_I410.prg rev 1.1 (2009) | eme_04_alt.prg rev 1.1 (2009),
ActiveHybrid 7 (F04),Hybrid Gen 1.5 (2009-2012),EME,E-machine electronics,,0x6351,22,read,STATUS_ENTLADE_INNENWIDERSTAND_T1,,,5,0,,,eme_04.prg rev 8.12 (2010) | EME_04_490.prg rev 4.200 (2009) | EME_04_I410.prg rev 1.1 (2009) | eme_04_alt.prg rev 1.1 (2009),
ActiveHybrid 7 (F04),Hybrid Gen 1.5 (2009-2012),EME,E-machine electronics,,0x6352,22,read,STATUS_ENTLADE_INNENWIDERSTAND_T2,,,5,0,,,eme_04.prg rev 8.12 (2010) | EME_04_490.prg rev 4.200 (2009) | EME_04_I410.prg rev 1.1 (2009) | eme_04_alt.prg rev 1.1 (2009),
ActiveHybrid 7 (F04),Hybrid Gen 1.5 (2009-2012),EME,E-machine electronics,,0x6353,22,read,STATUS_ENTLADE_INNENWIDERSTAND_T3,,,5,0,,,eme_04.prg rev 8.12 (2010) | EME_04_490.prg rev 4.200 (2009) | EME_04_I410.prg rev 1.1 (2009) | eme_04_alt.prg rev 1.1 (2009),
ActiveHybrid 7 (F04),Hybrid Gen 1.5 (2009-2012),EME,E-machine electronics,,0x6354,22,read,STATUS_ENTLADE_INNENWIDERSTAND_T4,,,5,0,,,eme_04.prg rev 8.12 (2010) | EME_04_490.prg rev 4.200 (2009) | EME_04_I410.prg rev 1.1 (2009) | eme_04_alt.prg rev 1.1 (2009),
ActiveHybrid 7 (F04),Hybrid Gen 1.5 (2009-2012),EME,E-machine electronics,,0x6355,22,read,STATUS_ENTLADE_INNENWIDERSTAND_T5,,,5,0,,,eme_04.prg rev 8.12 (2010) | EME_04_490.prg rev 4.200 (2009) | EME_04_I410.prg rev 1.1 (2009) | eme_04_alt.prg rev 1.1 (2009),
ActiveHybrid 7 (F04),Hybrid Gen 1.5 (2009-2012),EME,E-machine electronics,,0x6356,22,read,STATUS_ENTLADE_INNENWIDERSTAND_T6,,,5,0,,,eme_04.prg rev 8.12 (2010) | EME_04_490.prg rev 4.200 (2009) | EME_04_I410.prg rev 1.1 (2009) | eme_04_alt.prg rev 1.1 (2009),
ActiveHybrid 7 (F04),Hybrid Gen 1.5 (2009-2012),EME,E-machine electronics,,0x6357,22,read,STATUS_ENTLADE_INNENWIDERSTAND_T7,,,5,0,,,eme_04.prg rev 8.12 (2010) | EME_04_490.prg rev 4.200 (2009) | EME_04_I410.prg rev 1.1 (2009) | eme_04_alt.prg rev 1.1 (2009),
ActiveHybrid 7 (F04),Hybrid Gen 1.5 (2009-2012),EME,E-machine electronics,,0x6358,22,read,STATUS_LADE_INNENWIDERSTAND_T1,,,5,0,,,eme_04.prg rev 8.12 (2010) | EME_04_490.prg rev 4.200 (2009) | EME_04_I410.prg rev 1.1 (2009) | eme_04_alt.prg rev 1.1 (2009),
ActiveHybrid 7 (F04),Hybrid Gen 1.5 (2009-2012),EME,E-machine electronics,,0x6359,22,read,STATUS_LADE_INNENWIDERSTAND_T2,,,5,0,,,eme_04.prg rev 8.12 (2010) | EME_04_490.prg rev 4.200 (2009) | EME_04_I410.prg rev 1.1 (2009) | eme_04_alt.prg rev 1.1 (2009),
ActiveHybrid 7 (F04),Hybrid Gen 1.5 (2009-2012),EME,E-machine electronics,,0x635A,22,read,STATUS_LADE_INNENWIDERSTAND_T3,,,5,0,,,eme_04.prg rev 8.12 (2010) | EME_04_490.prg rev 4.200 (2009) | EME_04_I410.prg rev 1.1 (2009) | eme_04_alt.prg rev 1.1 (2009),
ActiveHybrid 7 (F04),Hybrid Gen 1.5 (2009-2012),EME,E-machine electronics,,0x635B,22,read,STATUS_LADE_INNENWIDERSTAND_T4,,,5,0,,,eme_04.prg rev 8.12 (2010) | EME_04_490.prg rev 4.200 (2009) | EME_04_I410.prg rev 1.1 (2009) | eme_04_alt.prg rev 1.1 (2009),
ActiveHybrid 7 (F04),Hybrid Gen 1.5 (2009-2012),EME,E-machine electronics,,0x635C,22,read,STATUS_LADE_INNENWIDERSTAND_T5,,,5,0,,,eme_04.prg rev 8.12 (2010) | EME_04_490.prg rev 4.200 (2009) | EME_04_I410.prg rev 1.1 (2009) | eme_04_alt.prg rev 1.1 (2009),
ActiveHybrid 7 (F04),Hybrid Gen 1.5 (2009-2012),EME,E-machine electronics,,0x635D,22,read,STATUS_LADE_INNENWIDERSTAND_T6,,,5,0,,,eme_04.prg rev 8.12 (2010) | EME_04_490.prg rev 4.200 (2009) | EME_04_I410.prg rev 1.1 (2009) | eme_04_alt.prg rev 1.1 (2009),
ActiveHybrid 7 (F04),Hybrid Gen 1.5 (2009-2012),EME,E-machine electronics,,0x635E,22,read,STATUS_LADE_INNENWIDERSTAND_T7,,,5,0,,,eme_04.prg rev 8.12 (2010) | EME_04_490.prg rev 4.200 (2009) | EME_04_I410.prg rev 1.1 (2009) | eme_04_alt.prg rev 1.1 (2009),
ActiveHybrid 7 (F04),Hybrid Gen 1.5 (2009-2012),EME,E-machine electronics,,0x635F,22,read,STATUS_MITTELWERT_RI_FAKTOR_1S,,,1,0,signed long,,eme_04.prg rev 8.12 (2010) | EME_04_490.prg rev 4.200 (2009) | EME_04_I410.prg rev 1.1 (2009) | eme_04_alt.prg rev 1.1 (2009),
ActiveHybrid 7 (F04),Hybrid Gen 1.5 (2009-2012),EME,E-machine electronics,,0x6360,22,read,STATUS_MITTELWERT_RI_FAKTOR_5S,,,1,0,signed long,,eme_04.prg rev 8.12 (2010) | EME_04_490.prg rev 4.200 (2009) | EME_04_I410.prg rev 1.1 (2009) | eme_04_alt.prg rev 1.1 (2009),
ActiveHybrid 7 (F04),Hybrid Gen 1.5 (2009-2012),EME,E-machine electronics,,0x6361,22,read,STATUS_ANZEIGE_SOC,,,1,0,signed long,%,eme_04.prg rev 8.12 (2010) | EME_04_490.prg rev 4.200 (2009) | EME_04_I410.prg rev 1.1 (2009) | eme_04_alt.prg rev 1.1 (2009),
ActiveHybrid 7 (F04),Hybrid Gen 1.5 (2009-2012),EME,E-machine electronics,,0x636D,22,read,STATUS_HVB_HISTORIE_STROMBELASTUNG,,,8,0,,,eme_04.prg rev 8.12 (2010) | EME_04_490.prg rev 4.200 (2009) | EME_04_I410.prg rev 1.1 (2009) | eme_04_alt.prg rev 1.1 (2009),
ActiveHybrid 7 (F04),Hybrid Gen 1.5 (2009-2012),EME,E-machine electronics,,0x636E,22,read,STATUS_HVB_HISTORIE_TEMPERATUR,,,8,0,,,eme_04.prg rev 8.12 (2010) | EME_04_490.prg rev 4.200 (2009) | EME_04_I410.prg rev 1.1 (2009) | eme_04_alt.prg rev 1.1 (2009),
ActiveHybrid 7 (F04),Hybrid Gen 1.5 (2009-2012),EME,E-machine electronics,,0x636F,22,read,STATUS_HVB_HISTORIE_SOC_SEIT_EINBAU,,,8,0,,,eme_04.prg rev 8.12 (2010) | EME_04_490.prg rev 4.200 (2009) | EME_04_I410.prg rev 1.1 (2009) | eme_04_alt.prg rev 1.1 (2009),
ActiveHybrid 7 (F04),Hybrid Gen 1.5 (2009-2012),EME,E-machine electronics,,0x6370,22,read,STATUS_HVPM_ENERGIEBORDNETZ_2,,,14,0,,,eme_04.prg rev 8.12 (2010) | EME_04_490.prg rev 4.200 (2009),
ActiveHybrid 7 (F04),Hybrid Gen 1.5 (2009-2012),EME,E-machine electronics,,0x63A2,22,read,STATUS_KALTSTARTZAEHLER,,,4,0,,,eme_04.prg rev 8.12 (2010) | EME_04_490.prg rev 4.200 (2009) | EME_04_I410.prg rev 1.1 (2009) | eme_04_alt.prg rev 1.1 (2009),
ActiveHybrid 7 (F04),Hybrid Gen 1.5 (2009-2012),EME,E-machine electronics,,0x63A3,22,read,STATUS_BETRIEBSART_HYBRID,,,1,0,unsigned char,,eme_04.prg rev 8.12 (2010) | EME_04_490.prg rev 4.200 (2009) | EME_04_I410.prg rev 1.1 (2009) | eme_04_alt.prg rev 1.1 (2009),
ActiveHybrid 7 (F04),Hybrid Gen 1.5 (2009-2012),EME,E-machine electronics,,0x63A4,22,read,STATUS_NLK_ER_ANF,,,3,0,,,eme_04.prg rev 8.12 (2010) | EME_04_490.prg rev 4.200 (2009) | EME_04_I410.prg rev 1.1 (2009) | eme_04_alt.prg rev 1.1 (2009),
ActiveHybrid 7 (F04),Hybrid Gen 1.5 (2009-2012),EME,E-machine electronics,,0x63A5,22,read,STATUS_HVPM_SPANNUNGSFREIHEIT,,,40,0,,,eme_04.prg rev 8.12 (2010) | EME_04_490.prg rev 4.200 (2009) | EME_04_I410.prg rev 1.1 (2009) | eme_04_alt.prg rev 1.1 (2009),
ActiveHybrid 7 (F04),Hybrid Gen 1.5 (2009-2012),EME,E-machine electronics,,0x636B,22,read,STATUS_HVB_HISTORIE_SOC_LADEHUEBE,,,10,0,,,eme_04.prg rev 8.12 (2010) | EME_04_490.prg rev 4.200 (2009),
ActiveHybrid 7 (F04),Hybrid Gen 1.5 (2009-2012),EME,E-machine electronics,,0x636C,22,read,STATUS_HVB_HISTORIE_SOC_ENTLADEHUEBE,,,10,0,,,eme_04.prg rev 8.12 (2010) | EME_04_490.prg rev 4.200 (2009),
ActiveHybrid 7 (F04),Hybrid Gen 1.5 (2009-2012),EME,E-machine electronics,,0x63A6,22,read,STATUS_HV_BATT_HIST_SOC1_T1,,,10,0,,,eme_04.prg rev 8.12 (2010),
ActiveHybrid 7 (F04),Hybrid Gen 1.5 (2009-2012),EME,E-machine electronics,,0x63A7,22,read,STATUS_HV_BATT_HIST_SOC2_T1,,,10,0,,,eme_04.prg rev 8.12 (2010),
ActiveHybrid 7 (F04),Hybrid Gen 1.5 (2009-2012),EME,E-machine electronics,,0x63A8,22,read,STATUS_HV_BATT_HIST_SOC3_T1,,,10,0,,,eme_04.prg rev 8.12 (2010),
ActiveHybrid 7 (F04),Hybrid Gen 1.5 (2009-2012),EME,E-machine electronics,,0x63A9,22,read,STATUS_HV_BATT_HIST_SOC4_T1,,,10,0,,,eme_04.prg rev 8.12 (2010),
ActiveHybrid 7 (F04),Hybrid Gen 1.5 (2009-2012),EME,E-machine electronics,,0x63AA,22,read,STATUS_HV_BATT_HIST_SOC5_T1,,,10,0,,,eme_04.prg rev 8.12 (2010),
ActiveHybrid 7 (F04),Hybrid Gen 1.5 (2009-2012),EME,E-machine electronics,,0x63AB,22,read,STATUS_HV_BATT_HIST_SOC6_T1,,,10,0,,,eme_04.prg rev 8.12 (2010),
ActiveHybrid 7 (F04),Hybrid Gen 1.5 (2009-2012),EME,E-machine electronics,,0x63AC,22,read,STATUS_HV_BATT_HIST_SOC7_T1,,,10,0,,,eme_04.prg rev 8.12 (2010),
ActiveHybrid 7 (F04),Hybrid Gen 1.5 (2009-2012),EME,E-machine electronics,,0x63AD,22,read,STATUS_HV_BATT_HIST_SOC1_T2,,,10,0,,,eme_04.prg rev 8.12 (2010),
ActiveHybrid 7 (F04),Hybrid Gen 1.5 (2009-2012),EME,E-machine electronics,,0x63AE,22,read,STATUS_HV_BATT_HIST_SOC2_T2,,,10,0,,,eme_04.prg rev 8.12 (2010),
ActiveHybrid 7 (F04),Hybrid Gen 1.5 (2009-2012),EME,E-machine electronics,,0x63AF,22,read,STATUS_HV_BATT_HIST_SOC3_T2,,,10,0,,,eme_04.prg rev 8.12 (2010),
ActiveHybrid 7 (F04),Hybrid Gen 1.5 (2009-2012),EME,E-machine electronics,,0x63B0,22,read,STATUS_HV_BATT_HIST_SOC4_T2,,,10,0,,,eme_04.prg rev 8.12 (2010),
ActiveHybrid 7 (F04),Hybrid Gen 1.5 (2009-2012),EME,E-machine electronics,,0x63B1,22,read,STATUS_HV_BATT_HIST_SOC5_T2,,,10,0,,,eme_04.prg rev 8.12 (2010),
ActiveHybrid 7 (F04),Hybrid Gen 1.5 (2009-2012),EME,E-machine electronics,,0x63B2,22,read,STATUS_HV_BATT_HIST_SOC6_T2,,,10,0,,,eme_04.prg rev 8.12 (2010),
ActiveHybrid 7 (F04),Hybrid Gen 1.5 (2009-2012),EME,E-machine electronics,,0x63B3,22,read,STATUS_HV_BATT_HIST_SOC7_T2,,,10,0,,,eme_04.prg rev 8.12 (2010),
ActiveHybrid 7 (F04),Hybrid Gen 1.5 (2009-2012),EME,E-machine electronics,,0x63B4,22,read,STATUS_HV_BATT_HIST_SOC1_T3,,,10,0,,,eme_04.prg rev 8.12 (2010),
ActiveHybrid 7 (F04),Hybrid Gen 1.5 (2009-2012),EME,E-machine electronics,,0x63B5,22,read,STATUS_HV_BATT_HIST_SOC2_T3,,,10,0,,,eme_04.prg rev 8.12 (2010),
ActiveHybrid 7 (F04),Hybrid Gen 1.5 (2009-2012),EME,E-machine electronics,,0x63B6,22,read,STATUS_HV_BATT_HIST_SOC3_T3,,,10,0,,,eme_04.prg rev 8.12 (2010),
ActiveHybrid 7 (F04),Hybrid Gen 1.5 (2009-2012),EME,E-machine electronics,,0x63B7,22,read,STATUS_HV_BATT_HIST_SOC4_T3,,,10,0,,,eme_04.prg rev 8.12 (2010),
ActiveHybrid 7 (F04),Hybrid Gen 1.5 (2009-2012),EME,E-machine electronics,,0x63B8,22,read,STATUS_HV_BATT_HIST_SOC5_T3,,,10,0,,,eme_04.prg rev 8.12 (2010),
ActiveHybrid 7 (F04),Hybrid Gen 1.5 (2009-2012),EME,E-machine electronics,,0x63B9,22,read,STATUS_HV_BATT_HIST_SOC6_T3,,,10,0,,,eme_04.prg rev 8.12 (2010),
ActiveHybrid 7 (F04),Hybrid Gen 1.5 (2009-2012),EME,E-machine electronics,,0x63BA,22,read,STATUS_HV_BATT_HIST_SOC7_T3,,,10,0,,,eme_04.prg rev 8.12 (2010),
ActiveHybrid 7 (F04),Hybrid Gen 1.5 (2009-2012),EME,E-machine electronics,,0x63BB,22,read,STATUS_HV_BATT_HIST_SOC1_T4,,,10,0,,,eme_04.prg rev 8.12 (2010),
ActiveHybrid 7 (F04),Hybrid Gen 1.5 (2009-2012),EME,E-machine electronics,,0x63BC,22,read,STATUS_HV_BATT_HIST_SOC2_T4,,,10,0,,,eme_04.prg rev 8.12 (2010),
ActiveHybrid 7 (F04),Hybrid Gen 1.5 (2009-2012),EME,E-machine electronics,,0x63BD,22,read,STATUS_HV_BATT_HIST_SOC3_T4,,,10,0,,,eme_04.prg rev 8.12 (2010),
ActiveHybrid 7 (F04),Hybrid Gen 1.5 (2009-2012),EME,E-machine electronics,,0x63BE,22,read,STATUS_HV_BATT_HIST_SOC4_T4,,,10,0,,,eme_04.prg rev 8.12 (2010),
ActiveHybrid 7 (F04),Hybrid Gen 1.5 (2009-2012),EME,E-machine electronics,,0x63BF,22,read,STATUS_HV_BATT_HIST_SOC5_T4,,,10,0,,,eme_04.prg rev 8.12 (2010),
ActiveHybrid 7 (F04),Hybrid Gen 1.5 (2009-2012),EME,E-machine electronics,,0x63C0,22,read,STATUS_HV_BATT_HIST_SOC6_T4,,,10,0,,,eme_04.prg rev 8.12 (2010),
ActiveHybrid 7 (F04),Hybrid Gen 1.5 (2009-2012),EME,E-machine electronics,,0x63C1,22,read,STATUS_HV_BATT_HIST_SOC7_T4,,,10,0,,,eme_04.prg rev 8.12 (2010),
ActiveHybrid 7 (F04),Hybrid Gen 1.5 (2009-2012),EME,E-machine electronics,,0x63C2,22,read,STATUS_HV_BATT_HIST_SOC1_T5,,,10,0,,,eme_04.prg rev 8.12 (2010),
ActiveHybrid 7 (F04),Hybrid Gen 1.5 (2009-2012),EME,E-machine electronics,,0x63C3,22,read,STATUS_HV_BATT_HIST_SOC2_T5,,,10,0,,,eme_04.prg rev 8.12 (2010),
ActiveHybrid 7 (F04),Hybrid Gen 1.5 (2009-2012),EME,E-machine electronics,,0x63C4,22,read,STATUS_HV_BATT_HIST_SOC3_T5,,,10,0,,,eme_04.prg rev 8.12 (2010),
ActiveHybrid 7 (F04),Hybrid Gen 1.5 (2009-2012),EME,E-machine electronics,,0x63C5,22,read,STATUS_HV_BATT_HIST_SOC4_T5,,,10,0,,,eme_04.prg rev 8.12 (2010),
ActiveHybrid 7 (F04),Hybrid Gen 1.5 (2009-2012),EME,E-machine electronics,,0x63C6,22,read,STATUS_HV_BATT_HIST_SOC5_T5,,,10,0,,,eme_04.prg rev 8.12 (2010),
ActiveHybrid 7 (F04),Hybrid Gen 1.5 (2009-2012),EME,E-machine electronics,,0x63C7,22,read,STATUS_HV_BATT_HIST_SOC6_T5,,,10,0,,,eme_04.prg rev 8.12 (2010),
ActiveHybrid 7 (F04),Hybrid Gen 1.5 (2009-2012),EME,E-machine electronics,,0x63C8,22,read,STATUS_HV_BATT_HIST_SOC7_T5,,,10,0,,,eme_04.prg rev 8.12 (2010),
ActiveHybrid 7 (F04),Hybrid Gen 1.5 (2009-2012),EME,E-machine electronics,,0x63C9,22,read,STATUS_HV_BATT_HIST_SOC1_T6,,,10,0,,,eme_04.prg rev 8.12 (2010),
ActiveHybrid 7 (F04),Hybrid Gen 1.5 (2009-2012),EME,E-machine electronics,,0x63CA,22,read,STATUS_HV_BATT_HIST_SOC2_T6,,,10,0,,,eme_04.prg rev 8.12 (2010),
ActiveHybrid 7 (F04),Hybrid Gen 1.5 (2009-2012),EME,E-machine electronics,,0x63CB,22,read,STATUS_HV_BATT_HIST_SOC3_T6,,,10,0,,,eme_04.prg rev 8.12 (2010),
ActiveHybrid 7 (F04),Hybrid Gen 1.5 (2009-2012),EME,E-machine electronics,,0x63CC,22,read,STATUS_HV_BATT_HIST_SOC4_T6,,,10,0,,,eme_04.prg rev 8.12 (2010),
ActiveHybrid 7 (F04),Hybrid Gen 1.5 (2009-2012),EME,E-machine electronics,,0x63CD,22,read,STATUS_HV_BATT_HIST_SOC5_T6,,,10,0,,,eme_04.prg rev 8.12 (2010),
ActiveHybrid 7 (F04),Hybrid Gen 1.5 (2009-2012),EME,E-machine electronics,,0x63CE,22,read,STATUS_HV_BATT_HIST_SOC6_T6,,,10,0,,,eme_04.prg rev 8.12 (2010),
ActiveHybrid 7 (F04),Hybrid Gen 1.5 (2009-2012),EME,E-machine electronics,,0x63CF,22,read,STATUS_HV_BATT_HIST_SOC7_T6,,,10,0,,,eme_04.prg rev 8.12 (2010),
ActiveHybrid 7 (F04),Hybrid Gen 1.5 (2009-2012),EME,E-machine electronics,,0x63D0,22,read,STATUS_HV_BATT_HIST_SOC1_T7,,,10,0,,,eme_04.prg rev 8.12 (2010),
ActiveHybrid 7 (F04),Hybrid Gen 1.5 (2009-2012),EME,E-machine electronics,,0x63D1,22,read,STATUS_HV_BATT_HIST_SOC2_T7,,,10,0,,,eme_04.prg rev 8.12 (2010),
ActiveHybrid 7 (F04),Hybrid Gen 1.5 (2009-2012),EME,E-machine electronics,,0x63D2,22,read,STATUS_HV_BATT_HIST_SOC3_T7,,,10,0,,,eme_04.prg rev 8.12 (2010),
ActiveHybrid 7 (F04),Hybrid Gen 1.5 (2009-2012),EME,E-machine electronics,,0x63D3,22,read,STATUS_HV_BATT_HIST_SOC4_T7,,,10,0,,,eme_04.prg rev 8.12 (2010),
ActiveHybrid 7 (F04),Hybrid Gen 1.5 (2009-2012),EME,E-machine electronics,,0x63D4,22,read,STATUS_HV_BATT_HIST_SOC5_T7,,,10,0,,,eme_04.prg rev 8.12 (2010),
ActiveHybrid 7 (F04),Hybrid Gen 1.5 (2009-2012),EME,E-machine electronics,,0x63D5,22,read,STATUS_HV_BATT_HIST_SOC6_T7,,,10,0,,,eme_04.prg rev 8.12 (2010),
ActiveHybrid 7 (F04),Hybrid Gen 1.5 (2009-2012),EME,E-machine electronics,,0x63D6,22,read,STATUS_HV_BATT_HIST_SOC7_T7,,,10,0,,,eme_04.prg rev 8.12 (2010),
ActiveHybrid 7 (F04),Hybrid Gen 1.5 (2009-2012),EME,E-machine electronics,,0x63D7,22,read,STATUS_12VBATT_ENTL_STANDKL,,,1,0,unsigned int,Ah,eme_04.prg rev 8.12 (2010) | EME_04_490.prg rev 4.200 (2009),
ActiveHybrid 7 (F04),Hybrid Gen 1.5 (2009-2012),EME,E-machine electronics,,0x63D8,22,read,STATUS_HVPM_MSA_2,,,13,0,,,eme_04.prg rev 8.12 (2010) | EME_04_490.prg rev 4.200 (2009),
ActiveHybrid 7 (F04),Hybrid Gen 1.5 (2009-2012),EME,E-machine electronics,,0x63D9,22,read,STATUS_HVPM_DCDC_ALS,,,4,0,,,eme_04.prg rev 8.12 (2010) | EME_04_490.prg rev 4.200 (2009),
ActiveHybrid 7 (F04),Hybrid Gen 1.5 (2009-2012),EME,E-machine electronics,,0x63DA,22,read,STATUS_ANF_NL,,,48,0,,,eme_04.prg rev 8.12 (2010) | EME_04_490.prg rev 4.200 (2009),
ActiveHybrid 7 (F04),Hybrid Gen 1.5 (2009-2012),EME,E-machine electronics,,0x63DB,22,read,STATUS_NLM_DEAK,,,48,0,,,eme_04.prg rev 8.12 (2010) | EME_04_490.prg rev 4.200 (2009),
ActiveHybrid 7 (F04),Hybrid Gen 1.5 (2009-2012),EME,E-machine electronics,,0x63DC,22,read,STATUS_NLM_ERREAKT,,,48,0,,,eme_04.prg rev 8.12 (2010) | EME_04_490.prg rev 4.200 (2009),
ActiveHybrid 7 (F04),Hybrid Gen 1.5 (2009-2012),EME,E-machine electronics,,0x6362,22,read,STATUS_MAXIMALER_ANZEIGE_SOC,,,1,0,signed long,%,eme_04.prg rev 8.12 (2010) | EME_04_490.prg rev 4.200 (2009),
ActiveHybrid 7 (F04),Hybrid Gen 1.5 (2009-2012),EME,E-machine electronics,,0x6363,22,read,STATUS_MINIMALER_ANZEIGE_SOC,,,1,0,signed long,%,eme_04.prg rev 8.12 (2010) | EME_04_490.prg rev 4.200 (2009),
ActiveHybrid 7 (F04),Hybrid Gen 1.5 (2009-2012),EME,E-machine electronics,,0x6369,22,read,STATUS_HVB_HISTORIE_MIN_SOC,,,6,0,,,eme_04.prg rev 8.12 (2010) | EME_04_490.prg rev 4.200 (2009),
ActiveHybrid 7 (F04),Hybrid Gen 1.5 (2009-2012),EME,E-machine electronics,,0x636A,22,read,STATUS_HVB_HISTORIE_MAX_SOC,,,6,0,,,eme_04.prg rev 8.12 (2010) | EME_04_490.prg rev 4.200 (2009),
ActiveHybrid 7 (F04),Hybrid Gen 1.5 (2009-2012),EME,E-machine electronics,,0x63DD,22,read,STATUS_TA_PRUEFSTAND,,,108,0,,,eme_04.prg rev 8.12 (2010) | EME_04_490.prg rev 4.200 (2009),
ActiveHybrid 7 (F04),Hybrid Gen 1.5 (2009-2012),EME,E-machine electronics,,0x63DE,22,read,STATUS_RLS_SINUS_COSINUS,,,5,0,,,eme_04.prg rev 8.12 (2010),
ActiveHybrid 7 (F04),Hybrid Gen 1.5 (2009-2012),EME,E-machine electronics,,0xF500,31,routine,STEUERN_ROTORLAGESENSOR_ANLERNEN,,,2,1,,,eme_04.prg rev 8.12 (2010) | EME_04_490.prg rev 4.200 (2009) | EME_04_I410.prg rev 1.1 (2009) | eme_04_alt.prg rev 1.1 (2009),
ActiveHybrid 7 (F04),Hybrid Gen 1.5 (2009-2012),EME,E-machine electronics,,0xF502,31,routine,STEUERN_DCDC_WANDLER,RIDI_DCDC - Control of the HV voltage of the DC/DC converter,RIDI_DCDC - Steuern der HV-Spannung des DC/DC-Wandlers,2,7,,,eme_04.prg rev 8.12 (2010) | EME_04_490.prg rev 4.200 (2009) | EME_04_I410.prg rev 1.1 (2009) | eme_04_alt.prg rev 1.1 (2009),
ActiveHybrid 7 (F04),Hybrid Gen 1.5 (2009-2012),EME,E-machine electronics,,0xF503,31,routine,STEUERN_HV_SYSTEM_ON_OFF,RIDI_HYSYS - Power up/power down HV system,RIDI_HYSYS - Hoch-/Runterfahren HV-System,1,1,unsigned char,0-n,eme_04.prg rev 8.12 (2010) | EME_04_490.prg rev 4.200 (2009) | EME_04_I410.prg rev 1.1 (2009) | eme_04_alt.prg rev 1.1 (2009),
ActiveHybrid 7 (F04),Hybrid Gen 1.5 (2009-2012),EME,E-machine electronics,,0xF504,31,routine,STEUERN_EME_PUMPE,RIDI_EMECWP5 - Coolant pump speed request for the EME,RIDI_EMECWP5 - Vorgabe der Drehzahl Kühlwasserpumpe für die EME,1,1,unsigned char,,eme_04.prg rev 8.12 (2010) | EME_04_490.prg rev 4.200 (2009) | EME_04_I410.prg rev 1.1 (2009) | eme_04_alt.prg rev 1.1 (2009),
ActiveHybrid 7 (F04),Hybrid Gen 1.5 (2009-2012),EME,E-machine electronics,,0xF505,2E,write,STEUERN_DME_LEERLAUFREGELUNG_AKTIVIEREN,RIDI_DMELLR - Activate DME idle speed controller,RIDI_DMELLR - Leerlaufregler der DME aktivieren,0,1,,,eme_04.prg rev 8.12 (2010) | EME_04_490.prg rev 4.200 (2009) | EME_04_I410.prg rev 1.1 (2009) | eme_04_alt.prg rev 1.1 (2009),
ActiveHybrid 7 (F04),Hybrid Gen 1.5 (2009-2012),EME,E-machine electronics,,0xF506,2E,write,STEUERN_ELEKTRISCHE_MASCHINE_GENERATORBETRIEB,"RIDI_EMGENERATOR set negative torque limits to zero, Md_em1_min_1s/10s_pm. Implemented in function P_emko_emlim","RIDI_EMGENERATOR negative Momentengrenzen auf Null setzen, Md_em1_min_1s/10s_pm. Umsetzung in der Funktion P_emko_emlim",0,1,,,eme_04.prg rev 8.12 (2010) | EME_04_490.prg rev 4.200 (2009) | EME_04_I410.prg rev 1.1 (2009) | eme_04_alt.prg rev 1.1 (2009),
ActiveHybrid 7 (F04),Hybrid Gen 1.5 (2009-2012),EME,E-machine electronics,,0xF507,2E,write,STEUERN_HVPM_INFOSPEICHER_STRZLR_LOESCHEN,RIDI_HVPM_STRZLR_CLR - Clear HSPM info memory,RIDI_HVPM_STRZLR_CLR - Löschen Infospeicher HSPM,0,1,,,eme_04.prg rev 8.12 (2010) | EME_04_490.prg rev 4.200 (2009) | EME_04_I410.prg rev 1.1 (2009) | eme_04_alt.prg rev 1.1 (2009),
ActiveHybrid 7 (F04),Hybrid Gen 1.5 (2009-2012),EME,E-machine electronics,,0xF508,2E,write,STEUERN_HVPM_INFOSPEICHER_SPMON_LOESCHEN,RIDI_HVPM_SPMON_CLR - Clear HVPM info memory,RIDI_HVPM_SPMON_CLR - Löschen Infospeicher HVPM,0,1,,,eme_04.prg rev 8.12 (2010) | EME_04_490.prg rev 4.200 (2009) | EME_04_I410.prg rev 1.1 (2009) | eme_04_alt.prg rev 1.1 (2009),
ActiveHybrid 7 (F04),Hybrid Gen 1.5 (2009-2012),EME,E-machine electronics,,0xF509,31,routine,STEUERN_ENTLADEMODUS,"RIDI_ENTLADEMODUS - Contactors must be closed and battery temperature above 10°C and terminal 15 on, no gear engaged",RIDI_ENTLADEMODUS - Schütze müssen geschlossen sein und Temperatur der Batterie über 10°C und  KL15 On Kein Gang,3,2,,,eme_04.prg rev 8.12 (2010) | EME_04_490.prg rev 4.200 (2009) | EME_04_I410.prg rev 1.1 (2009) | eme_04_alt.prg rev 1.1 (2009),
ActiveHybrid 7 (F04),Hybrid Gen 1.5 (2009-2012),EME,E-machine electronics,,0xF50A,31,routine,STEUERN_LADEMODUS,"RIDI_LADEMODUS - Contactors must be closed and battery temperature above 10°C and terminal 15 on, no gear engaged",RIDI_LADEMODUS - Schütze müssen geschlossen sein und Temperatur der Batterie über 10°C und  KL15 On Kein Gang,3,2,,,eme_04.prg rev 8.12 (2010) | EME_04_490.prg rev 4.200 (2009) | EME_04_I410.prg rev 1.1 (2009) | eme_04_alt.prg rev 1.1 (2009),
ActiveHybrid 7 (F04),Hybrid Gen 1.5 (2009-2012),EME,E-machine electronics,,0xF50B,2E,write,STEUERN_REFERENZKAPAZITAET_HVB,RIDI_REFKAP_HVB - The reference capacity determined on the tester is written to the EME,RIDI_REFKAP_HVB - Die auf dem Tester ermittelte Referenzkapazität wird auf die EME geschrieben,0,1,,,eme_04.prg rev 8.12 (2010) | EME_04_490.prg rev 4.200 (2009) | EME_04_I410.prg rev 1.1 (2009) | eme_04_alt.prg rev 1.1 (2009),
ActiveHybrid 7 (F04),Hybrid Gen 1.5 (2009-2012),EME,E-machine electronics,,0xF50C,31,routine,STEUERN_ELEKTRISCHE_MASCHINE,RIDI_EMASCHINE - CONTROL_ELECTRIC_MACHINE is used to set the operating mode of the e-machine (torque or speed request) and to specify the torque or the speed. Operating mode = 0 --> torque request Md_em1_soll_steuern; operating mode = 1 --> speed request N_em1_soll_steuern,RIDI_EMASCHINE - Über STEUERN_ELEKTRISCHE_MASCHINE lassen sich die Betriebsart der E-Maschine (Momenten- oder Drehzahl-Vorgabe) einstellung und das Moment bzw. die Drehzahl vorgeben. Betriebsart = 0 --> Momenten-Vorgabe Md_em1_soll_steuern Betriebsart = 1 --> Drehzahl-Vorgabe N_em1_soll_steuern,0,3,,,eme_04.prg rev 8.12 (2010) | EME_04_490.prg rev 4.200 (2009) | EME_04_I410.prg rev 1.1 (2009) | eme_04_alt.prg rev 1.1 (2009),
ActiveHybrid 7 (F04),Hybrid Gen 1.5 (2009-2012),EME,E-machine electronics,,0xF50D,2E,write,STEUERN_HVPM_INFOSPEICHER_MSA_LOESCHEN,RIDI_HVPM_MSA_CLR - Reset all info memory entries from job STATUS_HVPM_MSA to zero,RIDI_HVPM_MSA_CLR - Alle Infospeicher aus Job STATUS_HVPM_MSA Null setzen,0,1,,,eme_04.prg rev 8.12 (2010) | EME_04_490.prg rev 4.200 (2009) | EME_04_I410.prg rev 1.1 (2009) | eme_04_alt.prg rev 1.1 (2009),
ActiveHybrid 7 (F04),Hybrid Gen 1.5 (2009-2012),EME,E-machine electronics,,0xF50E,2E,write,STEUERN_HVPM_INFOSPEICHER_PKOR_LOESCHEN,RIDI_HVPM_PKOR_CLR - Reset all info memory entries from job STATUS_HVPM_EKMV to zero,RIDI_HVPM_PKOR_CLR - Alle Infospeicher aus Job STATUS_HVPM_EKMV Null setzen,0,1,,,eme_04.prg rev 8.12 (2010) | EME_04_490.prg rev 4.200 (2009) | EME_04_I410.prg rev 1.1 (2009) | eme_04_alt.prg rev 1.1 (2009),
ActiveHybrid 7 (F04),Hybrid Gen 1.5 (2009-2012),EME,E-machine electronics,,0xF50F,31,routine,STEUERN_EEP_RECALL_DEFAULT,Reset the ZFS EEPROM parameters to default values,Zurücksetzen der ZFS-EEPROM-Parameter auf Defaultwerte,0,0,,,eme_04.prg rev 8.12 (2010) | EME_04_490.prg rev 4.200 (2009) | EME_04_I410.prg rev 1.1 (2009) | eme_04_alt.prg rev 1.1 (2009),
ActiveHybrid 7 (F04),Hybrid Gen 1.5 (2009-2012),EME,E-machine electronics,,0xF510,2E,write,STEUERN_NLM_INFO_ERS_LOESCHEN,RIDI_NLM_ERS_CLR - Reset NLM info history memory of substitute responses to zero,RIDI_NLM_ERS_CLR - Historienspeicher NLM Infos Ersatzreaktionen Null setzen,0,1,,,eme_04.prg rev 8.12 (2010) | EME_04_490.prg rev 4.200 (2009),
ActiveHybrid 7 (F04),Hybrid Gen 1.5 (2009-2012),EME,E-machine electronics,,0xF511,31,routine,STEUERN_PHASENUNTERBRECHUNG_STILLSTAND,Phase interruption at standstill,Phasenunterbrechung im Stillstand,3,0,,,eme_04.prg rev 8.12 (2010),
ActiveHybrid 7 (F04),Hybrid Gen 1.5 (2009-2012),EME,E-machine electronics,,0xF512,31,routine,STEUERN_START_DCDC_CPLD_UPDATE,Start and status of CPLD update,Start und Status CPLD-Update,1,1,unsigned char,,eme_04.prg rev 8.12 (2010),
ActiveHybrid 7 (F04),Hybrid Gen 1.5 (2009-2012),EME,E-machine electronics,,0x63A6,22,read,STATUS_HV_BATT_HIST_SOC1_ T1,,,10,0,,,EME_04_490.prg rev 4.200 (2009),
ActiveHybrid 7 (F04),Hybrid Gen 1.5 (2009-2012),EME,E-machine electronics,,0x63A7,22,read,STATUS_HV_BATT_HIST_SOC2_ T1,,,10,0,,,EME_04_490.prg rev 4.200 (2009),
ActiveHybrid 7 (F04),Hybrid Gen 1.5 (2009-2012),EME,E-machine electronics,,0x63A8,22,read,STATUS_HV_BATT_HIST_SOC3_ T1,,,10,0,,,EME_04_490.prg rev 4.200 (2009),
ActiveHybrid 7 (F04),Hybrid Gen 1.5 (2009-2012),EME,E-machine electronics,,0x63A9,22,read,STATUS_HV_BATT_HIST_SOC4_ T1,,,10,0,,,EME_04_490.prg rev 4.200 (2009),
ActiveHybrid 7 (F04),Hybrid Gen 1.5 (2009-2012),EME,E-machine electronics,,0x63AA,22,read,STATUS_HV_BATT_HIST_SOC5_ T1,,,10,0,,,EME_04_490.prg rev 4.200 (2009),
ActiveHybrid 7 (F04),Hybrid Gen 1.5 (2009-2012),EME,E-machine electronics,,0x63AB,22,read,STATUS_HV_BATT_HIST_SOC6_ T1,,,10,0,,,EME_04_490.prg rev 4.200 (2009),
ActiveHybrid 7 (F04),Hybrid Gen 1.5 (2009-2012),EME,E-machine electronics,,0x63AC,22,read,STATUS_HV_BATT_HIST_SOC7_ T1,,,10,0,,,EME_04_490.prg rev 4.200 (2009),
ActiveHybrid 7 (F04),Hybrid Gen 1.5 (2009-2012),EME,E-machine electronics,,0x63AD,22,read,STATUS_HV_BATT_HIST_SOC1_ T2,,,10,0,,,EME_04_490.prg rev 4.200 (2009),
ActiveHybrid 7 (F04),Hybrid Gen 1.5 (2009-2012),EME,E-machine electronics,,0x63AE,22,read,STATUS_HV_BATT_HIST_SOC2_ T2,,,10,0,,,EME_04_490.prg rev 4.200 (2009),
ActiveHybrid 7 (F04),Hybrid Gen 1.5 (2009-2012),EME,E-machine electronics,,0x63AF,22,read,STATUS_HV_BATT_HIST_SOC3_ T2,,,10,0,,,EME_04_490.prg rev 4.200 (2009),
ActiveHybrid 7 (F04),Hybrid Gen 1.5 (2009-2012),EME,E-machine electronics,,0x63B0,22,read,STATUS_HV_BATT_HIST_SOC4_ T2,,,10,0,,,EME_04_490.prg rev 4.200 (2009),
ActiveHybrid 7 (F04),Hybrid Gen 1.5 (2009-2012),EME,E-machine electronics,,0x63B1,22,read,STATUS_HV_BATT_HIST_SOC5_ T2,,,10,0,,,EME_04_490.prg rev 4.200 (2009),
ActiveHybrid 7 (F04),Hybrid Gen 1.5 (2009-2012),EME,E-machine electronics,,0x63B2,22,read,STATUS_HV_BATT_HIST_SOC6_ T2,,,10,0,,,EME_04_490.prg rev 4.200 (2009),
ActiveHybrid 7 (F04),Hybrid Gen 1.5 (2009-2012),EME,E-machine electronics,,0x63B3,22,read,STATUS_HV_BATT_HIST_SOC7_ T2,,,10,0,,,EME_04_490.prg rev 4.200 (2009),
ActiveHybrid 7 (F04),Hybrid Gen 1.5 (2009-2012),EME,E-machine electronics,,0x63B4,22,read,STATUS_HV_BATT_HIST_SOC1_ T3,,,10,0,,,EME_04_490.prg rev 4.200 (2009),
ActiveHybrid 7 (F04),Hybrid Gen 1.5 (2009-2012),EME,E-machine electronics,,0x63B5,22,read,STATUS_HV_BATT_HIST_SOC2_ T3,,,10,0,,,EME_04_490.prg rev 4.200 (2009),
ActiveHybrid 7 (F04),Hybrid Gen 1.5 (2009-2012),EME,E-machine electronics,,0x63B6,22,read,STATUS_HV_BATT_HIST_SOC3_ T3,,,10,0,,,EME_04_490.prg rev 4.200 (2009),
ActiveHybrid 7 (F04),Hybrid Gen 1.5 (2009-2012),EME,E-machine electronics,,0x63B7,22,read,STATUS_HV_BATT_HIST_SOC4_ T3,,,10,0,,,EME_04_490.prg rev 4.200 (2009),
ActiveHybrid 7 (F04),Hybrid Gen 1.5 (2009-2012),EME,E-machine electronics,,0x63B8,22,read,STATUS_HV_BATT_HIST_SOC5_ T3,,,10,0,,,EME_04_490.prg rev 4.200 (2009),
ActiveHybrid 7 (F04),Hybrid Gen 1.5 (2009-2012),EME,E-machine electronics,,0x63B9,22,read,STATUS_HV_BATT_HIST_SOC6_ T3,,,10,0,,,EME_04_490.prg rev 4.200 (2009),
ActiveHybrid 7 (F04),Hybrid Gen 1.5 (2009-2012),EME,E-machine electronics,,0x63BA,22,read,STATUS_HV_BATT_HIST_SOC7_ T3,,,10,0,,,EME_04_490.prg rev 4.200 (2009),
ActiveHybrid 7 (F04),Hybrid Gen 1.5 (2009-2012),EME,E-machine electronics,,0x63BB,22,read,STATUS_HV_BATT_HIST_SOC1_ T4,,,10,0,,,EME_04_490.prg rev 4.200 (2009),
ActiveHybrid 7 (F04),Hybrid Gen 1.5 (2009-2012),EME,E-machine electronics,,0x63BC,22,read,STATUS_HV_BATT_HIST_SOC2_ T4,,,10,0,,,EME_04_490.prg rev 4.200 (2009),
ActiveHybrid 7 (F04),Hybrid Gen 1.5 (2009-2012),EME,E-machine electronics,,0x63BD,22,read,STATUS_HV_BATT_HIST_SOC3_ T4,,,10,0,,,EME_04_490.prg rev 4.200 (2009),
ActiveHybrid 7 (F04),Hybrid Gen 1.5 (2009-2012),EME,E-machine electronics,,0x63BE,22,read,STATUS_HV_BATT_HIST_SOC4_ T4,,,10,0,,,EME_04_490.prg rev 4.200 (2009),
ActiveHybrid 7 (F04),Hybrid Gen 1.5 (2009-2012),EME,E-machine electronics,,0x63BF,22,read,STATUS_HV_BATT_HIST_SOC5_ T4,,,10,0,,,EME_04_490.prg rev 4.200 (2009),
ActiveHybrid 7 (F04),Hybrid Gen 1.5 (2009-2012),EME,E-machine electronics,,0x63C0,22,read,STATUS_HV_BATT_HIST_SOC6_ T4,,,10,0,,,EME_04_490.prg rev 4.200 (2009),
ActiveHybrid 7 (F04),Hybrid Gen 1.5 (2009-2012),EME,E-machine electronics,,0x63C1,22,read,STATUS_HV_BATT_HIST_SOC7_ T4,,,10,0,,,EME_04_490.prg rev 4.200 (2009),
ActiveHybrid 7 (F04),Hybrid Gen 1.5 (2009-2012),EME,E-machine electronics,,0x63C2,22,read,STATUS_HV_BATT_HIST_SOC1_ T5,,,10,0,,,EME_04_490.prg rev 4.200 (2009),
ActiveHybrid 7 (F04),Hybrid Gen 1.5 (2009-2012),EME,E-machine electronics,,0x63C3,22,read,STATUS_HV_BATT_HIST_SOC2_ T5,,,10,0,,,EME_04_490.prg rev 4.200 (2009),
ActiveHybrid 7 (F04),Hybrid Gen 1.5 (2009-2012),EME,E-machine electronics,,0x63C4,22,read,STATUS_HV_BATT_HIST_SOC3_ T5,,,10,0,,,EME_04_490.prg rev 4.200 (2009),
ActiveHybrid 7 (F04),Hybrid Gen 1.5 (2009-2012),EME,E-machine electronics,,0x63C5,22,read,STATUS_HV_BATT_HIST_SOC4_ T5,,,10,0,,,EME_04_490.prg rev 4.200 (2009),
ActiveHybrid 7 (F04),Hybrid Gen 1.5 (2009-2012),EME,E-machine electronics,,0x63C6,22,read,STATUS_HV_BATT_HIST_SOC5_ T5,,,10,0,,,EME_04_490.prg rev 4.200 (2009),
ActiveHybrid 7 (F04),Hybrid Gen 1.5 (2009-2012),EME,E-machine electronics,,0x63C7,22,read,STATUS_HV_BATT_HIST_SOC6_ T5,,,10,0,,,EME_04_490.prg rev 4.200 (2009),
ActiveHybrid 7 (F04),Hybrid Gen 1.5 (2009-2012),EME,E-machine electronics,,0x63C8,22,read,STATUS_HV_BATT_HIST_SOC7_ T5,,,10,0,,,EME_04_490.prg rev 4.200 (2009),
ActiveHybrid 7 (F04),Hybrid Gen 1.5 (2009-2012),EME,E-machine electronics,,0x63C9,22,read,STATUS_HV_BATT_HIST_SOC1_ T6,,,10,0,,,EME_04_490.prg rev 4.200 (2009),
ActiveHybrid 7 (F04),Hybrid Gen 1.5 (2009-2012),EME,E-machine electronics,,0x63CA,22,read,STATUS_HV_BATT_HIST_SOC2_ T6,,,10,0,,,EME_04_490.prg rev 4.200 (2009),
ActiveHybrid 7 (F04),Hybrid Gen 1.5 (2009-2012),EME,E-machine electronics,,0x63CB,22,read,STATUS_HV_BATT_HIST_SOC3_ T6,,,10,0,,,EME_04_490.prg rev 4.200 (2009),
ActiveHybrid 7 (F04),Hybrid Gen 1.5 (2009-2012),EME,E-machine electronics,,0x63CC,22,read,STATUS_HV_BATT_HIST_SOC4_ T6,,,10,0,,,EME_04_490.prg rev 4.200 (2009),
ActiveHybrid 7 (F04),Hybrid Gen 1.5 (2009-2012),EME,E-machine electronics,,0x63CD,22,read,STATUS_HV_BATT_HIST_SOC5_ T6,,,10,0,,,EME_04_490.prg rev 4.200 (2009),
ActiveHybrid 7 (F04),Hybrid Gen 1.5 (2009-2012),EME,E-machine electronics,,0x63CE,22,read,STATUS_HV_BATT_HIST_SOC6_ T6,,,10,0,,,EME_04_490.prg rev 4.200 (2009),
ActiveHybrid 7 (F04),Hybrid Gen 1.5 (2009-2012),EME,E-machine electronics,,0x63CF,22,read,STATUS_HV_BATT_HIST_SOC7_ T6,,,10,0,,,EME_04_490.prg rev 4.200 (2009),
ActiveHybrid 7 (F04),Hybrid Gen 1.5 (2009-2012),EME,E-machine electronics,,0x63D0,22,read,STATUS_HV_BATT_HIST_SOC1_ T7,,,10,0,,,EME_04_490.prg rev 4.200 (2009),
ActiveHybrid 7 (F04),Hybrid Gen 1.5 (2009-2012),EME,E-machine electronics,,0x63D1,22,read,STATUS_HV_BATT_HIST_SOC2_ T7,,,10,0,,,EME_04_490.prg rev 4.200 (2009),
ActiveHybrid 7 (F04),Hybrid Gen 1.5 (2009-2012),EME,E-machine electronics,,0x63D2,22,read,STATUS_HV_BATT_HIST_SOC3_ T7,,,10,0,,,EME_04_490.prg rev 4.200 (2009),
ActiveHybrid 7 (F04),Hybrid Gen 1.5 (2009-2012),EME,E-machine electronics,,0x63D3,22,read,STATUS_HV_BATT_HIST_SOC4_ T7,,,10,0,,,EME_04_490.prg rev 4.200 (2009),
ActiveHybrid 7 (F04),Hybrid Gen 1.5 (2009-2012),EME,E-machine electronics,,0x63D4,22,read,STATUS_HV_BATT_HIST_SOC5_ T7,,,10,0,,,EME_04_490.prg rev 4.200 (2009),
ActiveHybrid 7 (F04),Hybrid Gen 1.5 (2009-2012),EME,E-machine electronics,,0x63D5,22,read,STATUS_HV_BATT_HIST_SOC6_ T7,,,10,0,,,EME_04_490.prg rev 4.200 (2009),
ActiveHybrid 7 (F04),Hybrid Gen 1.5 (2009-2012),EME,E-machine electronics,,0x63D6,22,read,STATUS_HV_BATT_HIST_SOC7_ T7,,,10,0,,,EME_04_490.prg rev 4.200 (2009),
ActiveHybrid 7 (F04),Hybrid Gen 1.5 (2009-2012),EME,E-machine electronics,,0x6332,22,read,STATUS_LADUNG_HV_BATTERIE,,,1,0,signed long,Ah,EME_04_I410.prg rev 1.1 (2009) | eme_04_alt.prg rev 1.1 (2009),
ActiveHybrid 7 (F04),Hybrid Gen 1.5 (2009-2012),EME,E-machine electronics,,0x6333,22,read,STATUS_ENTLADUNG_HV_BATTERIE,,,1,0,signed long,Ah,EME_04_I410.prg rev 1.1 (2009) | eme_04_alt.prg rev 1.1 (2009),
ActiveHybrid 7 (F04),Hybrid Gen 1.5 (2009-2012),EME,E-machine electronics,,0x6370,22,read,STATUS_HVB_SOC_FAHRB,,,14,0,,,EME_04_I410.prg rev 1.1 (2009) | eme_04_alt.prg rev 1.1 (2009),
ActiveHybrid 7 (F04),Hybrid Gen 1.5 (2009-2012),EME,E-machine electronics,,0x6371,22,read,STATUS_HVBHIST_STARTSOC_0_HUB_0,,,12,0,,,EME_04_I410.prg rev 1.1 (2009) | eme_04_alt.prg rev 1.1 (2009),
ActiveHybrid 7 (F04),Hybrid Gen 1.5 (2009-2012),EME,E-machine electronics,,0x6372,22,read,STATUS_HVBHIST_STARTSOC_0_HUB_5,,,12,0,,,EME_04_I410.prg rev 1.1 (2009) | eme_04_alt.prg rev 1.1 (2009),
ActiveHybrid 7 (F04),Hybrid Gen 1.5 (2009-2012),EME,E-machine electronics,,0x6373,22,read,STATUS_HVBHIST_STARTSOC_0_HUB_10,,,12,0,,,EME_04_I410.prg rev 1.1 (2009) | eme_04_alt.prg rev 1.1 (2009),
ActiveHybrid 7 (F04),Hybrid Gen 1.5 (2009-2012),EME,E-machine electronics,,0x6374,22,read,STATUS_HVBHIST_STARTSOC_0_HUB_15_ L,,,6,0,,,EME_04_I410.prg rev 1.1 (2009) | eme_04_alt.prg rev 1.1 (2009),
ActiveHybrid 7 (F04),Hybrid Gen 1.5 (2009-2012),EME,E-machine electronics,,0x6375,22,read,STATUS_HVBHIST_STARTSOC_0_HUB_25_ L,,,6,0,,,EME_04_I410.prg rev 1.1 (2009) | eme_04_alt.prg rev 1.1 (2009),
ActiveHybrid 7 (F04),Hybrid Gen 1.5 (2009-2012),EME,E-machine electronics,,0x6376,22,read,STATUS_HVBHIST_STARTSOC_0_HUB_35_ L,,,6,0,,,EME_04_I410.prg rev 1.1 (2009) | eme_04_alt.prg rev 1.1 (2009),
ActiveHybrid 7 (F04),Hybrid Gen 1.5 (2009-2012),EME,E-machine electronics,,0x6377,22,read,STATUS_HVBHIST_STARTSOC_0_HUB_50_ L,,,6,0,,,EME_04_I410.prg rev 1.1 (2009) | eme_04_alt.prg rev 1.1 (2009),
ActiveHybrid 7 (F04),Hybrid Gen 1.5 (2009-2012),EME,E-machine electronics,,0x6378,22,read,STATUS_HVBHIST_STARTSOC_20_HUB_0,,,12,0,,,EME_04_I410.prg rev 1.1 (2009) | eme_04_alt.prg rev 1.1 (2009),
ActiveHybrid 7 (F04),Hybrid Gen 1.5 (2009-2012),EME,E-machine electronics,,0x6379,22,read,STATUS_HVBHIST_STARTSOC_20_HUB_5,,,12,0,,,EME_04_I410.prg rev 1.1 (2009) | eme_04_alt.prg rev 1.1 (2009),
ActiveHybrid 7 (F04),Hybrid Gen 1.5 (2009-2012),EME,E-machine electronics,,0x637A,22,read,STATUS_HVBHIST_STARTSOC_20_HUB_10,,,12,0,,,EME_04_I410.prg rev 1.1 (2009) | eme_04_alt.prg rev 1.1 (2009),
ActiveHybrid 7 (F04),Hybrid Gen 1.5 (2009-2012),EME,E-machine electronics,,0x637B,22,read,STATUS_HVBHIST_STARTSOC_20_HUB_15,,,12,0,,,EME_04_I410.prg rev 1.1 (2009) | eme_04_alt.prg rev 1.1 (2009),
ActiveHybrid 7 (F04),Hybrid Gen 1.5 (2009-2012),EME,E-machine electronics,,0x637C,22,read,STATUS_HVBHIST_STARTSOC_20_HUB_25_L,,,6,0,,,EME_04_I410.prg rev 1.1 (2009) | eme_04_alt.prg rev 1.1 (2009),
ActiveHybrid 7 (F04),Hybrid Gen 1.5 (2009-2012),EME,E-machine electronics,,0x637D,22,read,STATUS_HVBHIST_STARTSOC_20_HUB_35_L,,,6,0,,,EME_04_I410.prg rev 1.1 (2009) | eme_04_alt.prg rev 1.1 (2009),
ActiveHybrid 7 (F04),Hybrid Gen 1.5 (2009-2012),EME,E-machine electronics,,0x637E,22,read,STATUS_HVBHIST_STARTSOC_20_HUB_50_L,,,6,0,,,EME_04_I410.prg rev 1.1 (2009) | eme_04_alt.prg rev 1.1 (2009),
ActiveHybrid 7 (F04),Hybrid Gen 1.5 (2009-2012),EME,E-machine electronics,,0x637F,22,read,STATUS_HVBHIST_STARTSOC_25_HUB_0,,,12,0,,,EME_04_I410.prg rev 1.1 (2009) | eme_04_alt.prg rev 1.1 (2009),
ActiveHybrid 7 (F04),Hybrid Gen 1.5 (2009-2012),EME,E-machine electronics,,0x6380,22,read,STATUS_HVBHIST_STARTSOC_25_HUB_5,,,12,0,,,EME_04_I410.prg rev 1.1 (2009) | eme_04_alt.prg rev 1.1 (2009),
ActiveHybrid 7 (F04),Hybrid Gen 1.5 (2009-2012),EME,E-machine electronics,,0x6381,22,read,STATUS_HVBHIST_STARTSOC_25_HUB_10,,,12,0,,,EME_04_I410.prg rev 1.1 (2009) | eme_04_alt.prg rev 1.1 (2009),
ActiveHybrid 7 (F04),Hybrid Gen 1.5 (2009-2012),EME,E-machine electronics,,0x6382,22,read,STATUS_HVBHIST_STARTSOC_25_HUB_15,,,12,0,,,EME_04_I410.prg rev 1.1 (2009) | eme_04_alt.prg rev 1.1 (2009),
ActiveHybrid 7 (F04),Hybrid Gen 1.5 (2009-2012),EME,E-machine electronics,,0x6383,22,read,STATUS_HVBHIST_STARTSOC_25_HUB_25,,,12,0,,,EME_04_I410.prg rev 1.1 (2009) | eme_04_alt.prg rev 1.1 (2009),
ActiveHybrid 7 (F04),Hybrid Gen 1.5 (2009-2012),EME,E-machine electronics,,0x6384,22,read,STATUS_HVBHIST_STARTSOC_25_HUB_35_L,,,6,0,,,EME_04_I410.prg rev 1.1 (2009) | eme_04_alt.prg rev 1.1 (2009),
ActiveHybrid 7 (F04),Hybrid Gen 1.5 (2009-2012),EME,E-machine electronics,,0x6385,22,read,STATUS_HVBHIST_STARTSOC_25_HUB_50_L,,,6,0,,,EME_04_I410.prg rev 1.1 (2009) | eme_04_alt.prg rev 1.1 (2009),
ActiveHybrid 7 (F04),Hybrid Gen 1.5 (2009-2012),EME,E-machine electronics,,0x6386,22,read,STATUS_HVBHIST_STARTSOC_30_HUB_0,,,12,0,,,EME_04_I410.prg rev 1.1 (2009) | eme_04_alt.prg rev 1.1 (2009),
ActiveHybrid 7 (F04),Hybrid Gen 1.5 (2009-2012),EME,E-machine electronics,,0x6387,22,read,STATUS_HVBHIST_STARTSOC_30_HUB_5,,,12,0,,,EME_04_I410.prg rev 1.1 (2009) | eme_04_alt.prg rev 1.1 (2009),
ActiveHybrid 7 (F04),Hybrid Gen 1.5 (2009-2012),EME,E-machine electronics,,0x6388,22,read,STATUS_HVBHIST_STARTSOC_30_HUB_10,,,12,0,,,EME_04_I410.prg rev 1.1 (2009) | eme_04_alt.prg rev 1.1 (2009),
ActiveHybrid 7 (F04),Hybrid Gen 1.5 (2009-2012),EME,E-machine electronics,,0x6389,22,read,STATUS_HVBHIST_STARTSOC_30_HUB_15,,,12,0,,,EME_04_I410.prg rev 1.1 (2009) | eme_04_alt.prg rev 1.1 (2009),
ActiveHybrid 7 (F04),Hybrid Gen 1.5 (2009-2012),EME,E-machine electronics,,0x638A,22,read,STATUS_HVBHIST_STARTSOC_30_HUB_25,,,12,0,,,EME_04_I410.prg rev 1.1 (2009) | eme_04_alt.prg rev 1.1 (2009),
ActiveHybrid 7 (F04),Hybrid Gen 1.5 (2009-2012),EME,E-machine electronics,,0x638B,22,read,STATUS_HVBHIST_STARTSOC_30_HUB_35,,,12,0,,,EME_04_I410.prg rev 1.1 (2009) | eme_04_alt.prg rev 1.1 (2009),
ActiveHybrid 7 (F04),Hybrid Gen 1.5 (2009-2012),EME,E-machine electronics,,0x638C,22,read,STATUS_HVBHIST_STARTSOC_30_HUB_50_L,,,6,0,,,EME_04_I410.prg rev 1.1 (2009) | eme_04_alt.prg rev 1.1 (2009),
ActiveHybrid 7 (F04),Hybrid Gen 1.5 (2009-2012),EME,E-machine electronics,,0x638D,22,read,STATUS_HVBHIST_STARTSOC_50_HUB_0,,,12,0,,,EME_04_I410.prg rev 1.1 (2009) | eme_04_alt.prg rev 1.1 (2009),
ActiveHybrid 7 (F04),Hybrid Gen 1.5 (2009-2012),EME,E-machine electronics,,0x638E,22,read,STATUS_HVBHIST_STARTSOC_50_HUB_5,,,12,0,,,EME_04_I410.prg rev 1.1 (2009) | eme_04_alt.prg rev 1.1 (2009),
ActiveHybrid 7 (F04),Hybrid Gen 1.5 (2009-2012),EME,E-machine electronics,,0x638F,22,read,STATUS_HVBHIST_STARTSOC_50_HUB_10,,,12,0,,,EME_04_I410.prg rev 1.1 (2009) | eme_04_alt.prg rev 1.1 (2009),
ActiveHybrid 7 (F04),Hybrid Gen 1.5 (2009-2012),EME,E-machine electronics,,0x6390,22,read,STATUS_HVBHIST_STARTSOC_50_HUB_15,,,12,0,,,EME_04_I410.prg rev 1.1 (2009) | eme_04_alt.prg rev 1.1 (2009),
ActiveHybrid 7 (F04),Hybrid Gen 1.5 (2009-2012),EME,E-machine electronics,,0x6391,22,read,STATUS_HVBHIST_STARTSOC_50_HUB_25,,,12,0,,,EME_04_I410.prg rev 1.1 (2009) | eme_04_alt.prg rev 1.1 (2009),
ActiveHybrid 7 (F04),Hybrid Gen 1.5 (2009-2012),EME,E-machine electronics,,0x6392,22,read,STATUS_HVBHIST_STARTSOC_50_HUB_35,,,12,0,,,EME_04_I410.prg rev 1.1 (2009) | eme_04_alt.prg rev 1.1 (2009),
ActiveHybrid 7 (F04),Hybrid Gen 1.5 (2009-2012),EME,E-machine electronics,,0x6393,22,read,STATUS_HVBHIST_STARTSOC_50_HUB_50_EL,,,6,0,,,EME_04_I410.prg rev 1.1 (2009) | eme_04_alt.prg rev 1.1 (2009),
ActiveHybrid 7 (F04),Hybrid Gen 1.5 (2009-2012),EME,E-machine electronics,,0x6394,22,read,STATUS_HVBHIST_STARTSOC_70_HUB_0,,,12,0,,,EME_04_I410.prg rev 1.1 (2009) | eme_04_alt.prg rev 1.1 (2009),
ActiveHybrid 7 (F04),Hybrid Gen 1.5 (2009-2012),EME,E-machine electronics,,0x6395,22,read,STATUS_HVBHIST_STARTSOC_70_HUB_5,,,12,0,,,EME_04_I410.prg rev 1.1 (2009) | eme_04_alt.prg rev 1.1 (2009),
ActiveHybrid 7 (F04),Hybrid Gen 1.5 (2009-2012),EME,E-machine electronics,,0x6396,22,read,STATUS_HVBHIST_STARTSOC_70_HUB_10,,,12,0,,,EME_04_I410.prg rev 1.1 (2009) | eme_04_alt.prg rev 1.1 (2009),
ActiveHybrid 7 (F04),Hybrid Gen 1.5 (2009-2012),EME,E-machine electronics,,0x6397,22,read,STATUS_HVBHIST_STARTSOC_70_HUB_15,,,12,0,,,EME_04_I410.prg rev 1.1 (2009) | eme_04_alt.prg rev 1.1 (2009),
ActiveHybrid 7 (F04),Hybrid Gen 1.5 (2009-2012),EME,E-machine electronics,,0x6398,22,read,STATUS_HVBHIST_STARTSOC_70_HUB_25,,,12,0,,,EME_04_I410.prg rev 1.1 (2009) | eme_04_alt.prg rev 1.1 (2009),
ActiveHybrid 7 (F04),Hybrid Gen 1.5 (2009-2012),EME,E-machine electronics,,0x6399,22,read,STATUS_HVBHIST_STARTSOC_70_HUB_35_EL,,,6,0,,,EME_04_I410.prg rev 1.1 (2009) | eme_04_alt.prg rev 1.1 (2009),
ActiveHybrid 7 (F04),Hybrid Gen 1.5 (2009-2012),EME,E-machine electronics,,0x639A,22,read,STATUS_HVBHIST_STARTSOC_70_HUB_50_EL,,,6,0,,,EME_04_I410.prg rev 1.1 (2009) | eme_04_alt.prg rev 1.1 (2009),
ActiveHybrid 7 (F04),Hybrid Gen 1.5 (2009-2012),EME,E-machine electronics,,0x639B,22,read,STATUS_HVBHIST_STARTSOC_80_HUB_0,,,12,0,,,EME_04_I410.prg rev 1.1 (2009) | eme_04_alt.prg rev 1.1 (2009),
ActiveHybrid 7 (F04),Hybrid Gen 1.5 (2009-2012),EME,E-machine electronics,,0x639C,22,read,STATUS_HVBHIST_STARTSOC_80_HUB_5,,,12,0,,,EME_04_I410.prg rev 1.1 (2009) | eme_04_alt.prg rev 1.1 (2009),
ActiveHybrid 7 (F04),Hybrid Gen 1.5 (2009-2012),EME,E-machine electronics,,0x639D,22,read,STATUS_HVBHIST_STARTSOC_80_HUB_10,,,12,0,,,EME_04_I410.prg rev 1.1 (2009) | eme_04_alt.prg rev 1.1 (2009),
ActiveHybrid 7 (F04),Hybrid Gen 1.5 (2009-2012),EME,E-machine electronics,,0x639E,22,read,STATUS_HVBHIST_STARTSOC_80_HUB_15,,,12,0,,,EME_04_I410.prg rev 1.1 (2009) | eme_04_alt.prg rev 1.1 (2009),
ActiveHybrid 7 (F04),Hybrid Gen 1.5 (2009-2012),EME,E-machine electronics,,0x639F,22,read,STATUS_HVBHIST_STARTSOC_80_HUB_25_EL,,,6,0,,,EME_04_I410.prg rev 1.1 (2009) | eme_04_alt.prg rev 1.1 (2009),
ActiveHybrid 7 (F04),Hybrid Gen 1.5 (2009-2012),EME,E-machine electronics,,0x63A0,22,read,STATUS_HVBHIST_STARTSOC_80_HUB_35_EL,,,6,0,,,EME_04_I410.prg rev 1.1 (2009) | eme_04_alt.prg rev 1.1 (2009),
ActiveHybrid 7 (F04),Hybrid Gen 1.5 (2009-2012),EME,E-machine electronics,,0x63A1,22,read,STATUS_HVBHIST_STARTSOC_80_HUB_50_EL,,,6,0,,,EME_04_I410.prg rev 1.1 (2009) | eme_04_alt.prg rev 1.1 (2009),
ActiveHybrid 7 (F04),Hybrid Gen 1.5 (2009-2012),EME,E-machine electronics,,0x6301,22,read,STEUERN_TEMPERATUREN_LESEN,Read temperatures from the e-motor DCB (power stage) control board,Temperaturen lesen vom E-Motor DCB (Endstufen) Control Board,9,0,,,EME_04_nur_I300.prg rev 0.14 (2008) | eme_04_I260.prg rev 0.12 (2008),
ActiveHybrid 7 (F04),Hybrid Gen 1.5 (2009-2012),EME,E-machine electronics,,0x6300,22,read,STEUERN_EPSOFFSET_LESEN,EPS offset -180.00° .. +180.00°,"EPS Offset -180,00° .. +180,00°",1,0,int,°,EME_04_nur_I300.prg rev 0.14 (2008) | eme_04_I260.prg rev 0.12 (2008),
"BMW ActiveE (E82, ""BEV10"")",Gen1 BEV (2011-2013),SME,HV battery management (master),,0xAD61,31,routine,ISOLATION,Isolation test result,Ergebnis Isolationstest,2,0,,,SME_82.prg rev 1.1 (2011),
"BMW ActiveE (E82, ""BEV10"")",Gen1 BEV (2011-2013),SME,HV battery management (master),,0xDD61,22;2E,read/write,SCHUETZ_FREIGABE,Writes or reads the bit to enable or disable the contactor switch. Job is clamp-safe,Schreibt bzw. liest das Bit zur Freigabe oder Sperrung der Schützschalter. Job ist Klemmensicher,1,1,unsigned char,0-n,SME_82.prg rev 1.1 (2011),
"BMW ActiveE (E82, ""BEV10"")",Gen1 BEV (2011-2013),SME,HV battery management (master),,0xDD63,22,read,SCHUETZSCHALTUNGEN_ANZAHL,Number of switchings of the contactor switch (currentless and under load),Anzahl der Schaltungen der Schützschalter (stromlos und unter Last),1,0,unsigned long,,SME_82.prg rev 1.1 (2011),
"BMW ActiveE (E82, ""BEV10"")",Gen1 BEV (2011-2013),SME,HV battery management (master),,0xDD64,22,read,HVIL,HVIL test result,Ergebnis HVIL-Prüfung,1,0,unsigned char,0-n,SME_82.prg rev 1.1 (2011),
"BMW ActiveE (E82, ""BEV10"")",Gen1 BEV (2011-2013),SME,HV battery management (master),,0xDD66,22,read,HV_SPANNUNG,HV voltage of the DC link before the contactors,HV-Spannung des Zwischenkreises vor den Schützen,1,0,unsigned int,V,SME_82.prg rev 1.1 (2011),
"BMW ActiveE (E82, ""BEV10"")",Gen1 BEV (2011-2013),SME,HV battery management (master),,0xDD68,22,read,HV_SPANNUNG_BERECHNET,HV voltage calculated from the individual cells (battery voltage behind the contactors),HV-Spannung berechnet aus den einzelnen Zellen (Batteriespannung hinter den Schützen),1,0,unsigned int,V,SME_82.prg rev 1.1 (2011),
"BMW ActiveE (E82, ""BEV10"")",Gen1 BEV (2011-2013),SME,HV battery management (master),,0xDD69,22,read,HV_STROM,HV electricity,HV-Strom,1,0,long,A,SME_82.prg rev 1.1 (2011),
"BMW ActiveE (E82, ""BEV10"")",Gen1 BEV (2011-2013),SME,HV battery management (master),,0xDD6F,22;2E,read/write,KUEHLKREISLAUF_VENTIL,Status / control coolant valve: Closed or open / close or open,Status / Steuern Kühlmittel-Ventil: Geschlossen oder offen / schliessen oder öffnen,1,1,unsigned char,0-n,SME_82.prg rev 1.1 (2011),
"BMW ActiveE (E82, ""BEV10"")",Gen1 BEV (2011-2013),SME,HV battery management (master),,0xDD73,22,read,CUMULATIVE_LADUNG,Status cumulative charge,Status kumulierte Ladung,1,0,unsigned long,Ah,SME_82.prg rev 1.1 (2011),
"BMW ActiveE (E82, ""BEV10"")",Gen1 BEV (2011-2013),SME,HV battery management (master),,0xDD74,22,read,CUMULATIVE_ENTLADUNG,Status cumulative discharge,Status kumulierte Entladung,1,0,unsigned long,Ah,SME_82.prg rev 1.1 (2011),
"BMW ActiveE (E82, ""BEV10"")",Gen1 BEV (2011-2013),SME,HV battery management (master),,0xDD76,22,read,STATUS_KL30C_SPANNUNG,Voltage terminal 30C,Spannung Klemme 30C,1,0,unsigned char,V,SME_82.prg rev 1.1 (2011),
"BMW ActiveE (E82, ""BEV10"")",Gen1 BEV (2011-2013),SME,HV battery management (master),,0xDD7B,22;2E,read/write,REFERENZ_KAPAZITAET,Read and adjust battery capacity,Auslesen und Justieren Kapazität Batterie,1,1,unsigned long,Ah,SME_82.prg rev 1.1 (2011),
"BMW ActiveE (E82, ""BEV10"")",Gen1 BEV (2011-2013),SME,HV battery management (master),,0xDD7C,22,read,GW_INFO,Warranty data,Gewährleistungsdaten,26,0,,,SME_82.prg rev 1.1 (2011),
"BMW ActiveE (E82, ""BEV10"")",Gen1 BEV (2011-2013),SME,HV battery management (master),,0xDD7D,22,read,STROMGRENZEN,Current limits,Stromgrenzen,2,0,,,SME_82.prg rev 1.1 (2011),
"BMW ActiveE (E82, ""BEV10"")",Gen1 BEV (2011-2013),SME,HV battery management (master),,0xDD7E,22,read,SPANNUNGSGRENZEN,Voltage limits,Spannungsgrenzen,2,0,,,SME_82.prg rev 1.1 (2011),
"BMW ActiveE (E82, ""BEV10"")",Gen1 BEV (2011-2013),SME,HV battery management (master),,0xDD8E,22,read,HVB_HISTORIE_ZYKLEN,Output of the sum of cyclizations in the respective range during charging/discharging and output of the current loads,Ausgabe der Summe von Zyklisierungen im jeweiligen Bereich bei der Ladung / Entladung und Ausgabe der Strombelastungen,28,0,,,SME_82.prg rev 1.1 (2011),
"BMW ActiveE (E82, ""BEV10"")",Gen1 BEV (2011-2013),SME,HV battery management (master),,0xDD90,22,read,ZEIT_TEMP_HISTOGRAMM,Time in various temperature classes and main contactor states,Zeit in verschiedenen Temperaturklasse und Hauptschalterzuständen,20,0,,,SME_82.prg rev 1.1 (2011),
"BMW ActiveE (E82, ""BEV10"")",Gen1 BEV (2011-2013),SME,HV battery management (master),,0xDD91,22,read,ZEIT_SOC_KLASSE,Time since installation in SOC classes,Zeit seit Einbau in SOC-Klassen,10,0,,,SME_82.prg rev 1.1 (2011),
"BMW ActiveE (E82, ""BEV10"")",Gen1 BEV (2011-2013),SME,HV battery management (master),,0xDD94,22,read,HV_BATT_HIST_SOC_T1,Number of cycles at temperature T < 10°C  and at different values of current and SoC,Anzahl der Zyklen bei Temperatur T < 10°C  und bei unterschiedlichen Werten von Strom und SoC,70,0,,,SME_82.prg rev 1.1 (2011),
"BMW ActiveE (E82, ""BEV10"")",Gen1 BEV (2011-2013),SME,HV battery management (master),,0xDD95,22,read,HV_BATT_HIST_SOC_T2,Number of cycles at temperature 10°C < T < 20°C and at different values of current and SoC,Anzahl der Zyklen bei Temperatur 10°C < T < 20°C und bei unterschiedlichen Werten von Strom und SoC,70,0,,,SME_82.prg rev 1.1 (2011),
"BMW ActiveE (E82, ""BEV10"")",Gen1 BEV (2011-2013),SME,HV battery management (master),,0xDD96,22,read,HV_BATT_HIST_SOC_T3,Number of cycles at temperature 20°C < T < 30°C and at different values of current and SoC.,Anzahl der Zyklen bei Temperatur 20°C < T < 30°C und bei unterschiedlichen Werten von Strom und SoC.,70,0,,,SME_82.prg rev 1.1 (2011),
"BMW ActiveE (E82, ""BEV10"")",Gen1 BEV (2011-2013),SME,HV battery management (master),,0xDD97,22,read,HV_BATT_HIST_SOC_T4,Number of cycles at temperature 30°C < T < 35°C and at different values of current and SoC,Anzahl der Zyklen bei Temperatur 30°C < T < 35°C und bei unterschiedlichen Werten von Strom und SoC,70,0,,,SME_82.prg rev 1.1 (2011),
"BMW ActiveE (E82, ""BEV10"")",Gen1 BEV (2011-2013),SME,HV battery management (master),,0xDD98,22,read,HV_BATT_HIST_SOC_T5,Number of cycles at temperature 35°C < T < 40°C and at different values of current and SoC.,Anzahl der Zyklen bei Temperatur 35°C < T < 40°C und bei unterschiedlichen Werten von Strom und SoC.,70,0,,,SME_82.prg rev 1.1 (2011),
"BMW ActiveE (E82, ""BEV10"")",Gen1 BEV (2011-2013),SME,HV battery management (master),,0xDD99,22,read,HV_BATT_HIST_SOC_T6,Number of cycles at temperature 40°C < T < 45°C and at different values of current and SoC,Anzahl der Zyklen bei Temperatur 40°C < T < 45°C und bei unterschiedlichen Werten von Strom und SoC,70,0,,,SME_82.prg rev 1.1 (2011),
"BMW ActiveE (E82, ""BEV10"")",Gen1 BEV (2011-2013),SME,HV battery management (master),,0xDD9A,22,read,HV_BATT_HIST_SOC_T7,Number of cycles at temperature T > 45°C and at different values of current and SoC,Anzahl der Zyklen bei Temperatur T > 45°C und bei unterschiedlichen Werten von Strom und SoC,70,0,,,SME_82.prg rev 1.1 (2011),
"BMW ActiveE (E82, ""BEV10"")",Gen1 BEV (2011-2013),SME,HV battery management (master),,0xDD9B,22,read,ZELLSPANNUNG_MODUL_9,"Currently measured cell voltages, module 9",aktuell gemessene Zellspannungen Modul 9,12,0,,,SME_82.prg rev 1.1 (2011),
"BMW ActiveE (E82, ""BEV10"")",Gen1 BEV (2011-2013),SME,HV battery management (master),,0xDD9C,22,read,ZELLSPANNUNG_MODUL_10,"Currently measured cell voltages, module 10",aktuell gemessene Zellspannungen Modul 10,12,0,,,SME_82.prg rev 1.1 (2011),
"BMW ActiveE (E82, ""BEV10"")",Gen1 BEV (2011-2013),SME,HV battery management (master),,0xDD9D,22,read,ZELLSPANNUNG_MODUL_11,"Currently measured cell voltages, module 11",aktuell gemessene Zellspannungen Modul 11,12,0,,,SME_82.prg rev 1.1 (2011),
"BMW ActiveE (E82, ""BEV10"")",Gen1 BEV (2011-2013),SME,HV battery management (master),,0xDD9E,22,read,ZELLSPANNUNG_MODUL_12,"Currently measured cell voltages, module 12",aktuell gemessene Zellspannungen Modul 12,12,0,,,SME_82.prg rev 1.1 (2011),
"BMW ActiveE (E82, ""BEV10"")",Gen1 BEV (2011-2013),SME,HV battery management (master),,0xDD9F,22,read,FAHRGESTELLNUMMER,Current chassis number (VIN) of the vehicle in which the HV battery (storage) is installed,"aktuelle Fahrgestellnummer des Fahrzeugs, in dem der Hochvoltspeicher verbaut ist",1,0,string[7],,SME_82.prg rev 1.1 (2011),
"BMW ActiveE (E82, ""BEV10"")",Gen1 BEV (2011-2013),SME,HV battery management (master),,0xDDA1,2E;22,read/write,KUEHLMITTELPUMPE,Result values or control of the coolant pump for cooling the HV battery in % (0-100%),Resultwerte oder Steuerung der Kühlmittelpumpe für die Kühlung des Hochvoltspeichers in % (0-100%),1,2,unsigned char,%,SME_82.prg rev 1.1 (2011),
"BMW ActiveE (E82, ""BEV10"")",Gen1 BEV (2011-2013),SME,HV battery management (master),,0xDDA2,22,read,TEMP_SENSOREN_BEV10,Return the temperature values of all CSCs,Rückgabe der Temperaturwerte aller CSCs,52,0,,,SME_82.prg rev 1.1 (2011),
"BMW ActiveE (E82, ""BEV10"")",Gen1 BEV (2011-2013),SME,HV battery management (master),,0xDDA3,22,read,ZELLSPANNUNG_MODUL_13,"Currently measured cell voltages, module 13",aktuell gemessene Zellspannungen Modul 13,12,0,,,SME_82.prg rev 1.1 (2011),
"BMW ActiveE (E82, ""BEV10"")",Gen1 BEV (2011-2013),SME,HV battery management (master),,0xDDA5,2E;22,read/write,FREIGABE_KUEHLMITTELPUMPE,"Enable or read out status of the coolant pump (0 = not enabled, 1 = enabled)","Freigeben oder Auslesen Status der Kühlmittelpumpe (0 = nicht freigegeben, 1 = freigegeben)",1,1,unsigned char,0/1,SME_82.prg rev 1.1 (2011),
"BMW ActiveE (E82, ""BEV10"")",Gen1 BEV (2011-2013),SME,HV battery management (master),,0xDDA6,22,read,SCHUETZ_SCHALTER_BEV10,"Status of the three contactor switches for the 3 HV batteries: transmission tunnel, front section, tank","Status der drei Schützeschalter für die 3 HV-Batterien Getriebetunnel, Vorderbau, Tank",3,0,,,SME_82.prg rev 1.1 (2011),
"BMW ActiveE (E82, ""BEV10"")",Gen1 BEV (2011-2013),SME,HV battery management (master),,0xDDA7,22,read,ISOLATIONSWIDERSTAND_BEV10,Value of all insulation resistances (all HV batteries),Wert aller Isolationswiderstände (alle HV-Batterien),12,0,,,SME_82.prg rev 1.1 (2011),
"BMW ActiveE (E82, ""BEV10"")",Gen1 BEV (2011-2013),SME,HV battery management (master),,0xDDA8,22,read,CSC_IDS_BEV10,HW numbers of all CSCs (Cell Supervisory Circuit) of the BEV2010,HW Nummern aller CSCs (Cell Supervisory Circuit) vom BEV2010,13,0,,,SME_82.prg rev 1.1 (2011),
"BMW ActiveE (E82, ""BEV10"")",Gen1 BEV (2011-2013),SME,HV battery management (master),,0xDDA9,22,read,KUEHLKREISLAUF_TEMP_BEV10,Coolant circuit temperature BEV2010,Temperatur Kühlkreislauf BEV2010,3,0,,,SME_82.prg rev 1.1 (2011),
"BMW ActiveE (E82, ""BEV10"")",Gen1 BEV (2011-2013),SME,HV battery management (master),,0xDDAA,22,read,HV_SPANNUNG_BATT_BEV10,Values for HV voltages for the BEV2010,Werte für HV-Spannungen beim BEV2010,14,0,,,SME_82.prg rev 1.1 (2011),
"BMW ActiveE (E82, ""BEV10"")",Gen1 BEV (2011-2013),SME,HV battery management (master),,0xDDAD,22,read,VARIANTE_CSCS_BEV10,Return the CSC variant of all modules,Rückgabe der CSC Variante aller Module,13,0,,,SME_82.prg rev 1.1 (2011),
"BMW ActiveE (E82, ""BEV10"")",Gen1 BEV (2011-2013),SME,HV battery management (master),,0xDDAE,22,read,ZELLSPANNUNG_MODUL_4,"Currently measured cell voltages, module 4",aktuell gemessene Zellspannungen Modul 4,12,0,,,SME_82.prg rev 1.1 (2011),
"BMW ActiveE (E82, ""BEV10"")",Gen1 BEV (2011-2013),SME,HV battery management (master),,0xDDAF,22,read,ZELLSPANNUNG_MODUL_5,"Currently measured cell voltages, module 5",aktuell gemessene Zellspannungen Modul 5,12,0,,,SME_82.prg rev 1.1 (2011),
"BMW ActiveE (E82, ""BEV10"")",Gen1 BEV (2011-2013),SME,HV battery management (master),,0xDDB0,22,read,ZELLSPANNUNG_MODUL_6,"Currently measured cell voltages, module 6",aktuell gemessene Zellspannungen Modul 6,12,0,,,SME_82.prg rev 1.1 (2011),
"BMW ActiveE (E82, ""BEV10"")",Gen1 BEV (2011-2013),SME,HV battery management (master),,0xDDB1,22,read,ZELLSPANNUNG_MODUL_7,"Currently measured cell voltages, module 7",aktuell gemessene Zellspannungen Modul 7,12,0,,,SME_82.prg rev 1.1 (2011),
"BMW ActiveE (E82, ""BEV10"")",Gen1 BEV (2011-2013),SME,HV battery management (master),,0xDDB2,22,read,ZELLSPANNUNG_MODUL_8,"Currently measured cell voltages, module 8",aktuell gemessene Zellspannungen Modul 8,12,0,,,SME_82.prg rev 1.1 (2011),
"BMW ActiveE (E82, ""BEV10"")",Gen1 BEV (2011-2013),SME,HV battery management (master),,0xDDB6,22,read,ALTERUNG_INNENWIDERSTAND,"Resistance increase: resistance increased by x %, percentage value: (R_akt / R_neu - 1) * 100, 0 = end of life reached, 100 = new condition","Widerstandserhöhung: Widerstand um x % erhöht, prozentualer Wert: (R_akt / R_neu - 1) *100, 0 = Lebensdauerende erreicht, 100 = Neuzustand",1,0,unsigned int,%,SME_82.prg rev 1.1 (2011),
"BMW ActiveE (E82, ""BEV10"")",Gen1 BEV (2011-2013),SME,HV battery management (master),,0xDDB7,22,read,ALTERUNG_KAPAZITAET,"Remaining capacity of the battery (storage), percentage value: ( C_akt/C_nenn(neu) ) * 100, 0 = end of life reached, 100 = new condition","Restkapazität des Speichers, prozentualer Wert: ( C_akt/C_nenn(neu) ) * 100, 0 = Lebensdauerende erreicht, 100 = Neuzustand",1,0,unsigned int,%,SME_82.prg rev 1.1 (2011),
"BMW ActiveE (E82, ""BEV10"")",Gen1 BEV (2011-2013),SME,HV battery management (master),,0xDDB9,22,read,ZELLSPANNUNG_MODUL_1,"Currently measured cell voltages in V, module 1",aktuell gemessene Zellspannungen in V Modul 1,12,0,,,SME_82.prg rev 1.1 (2011),
"BMW ActiveE (E82, ""BEV10"")",Gen1 BEV (2011-2013),SME,HV battery management (master),,0xDDBA,22,read,ZELLSPANNUNG_MODUL_2,"Currently measured cell voltages, module 2",aktuell gemessene Zellspannungen Modul 2,12,0,,,SME_82.prg rev 1.1 (2011),
"BMW ActiveE (E82, ""BEV10"")",Gen1 BEV (2011-2013),SME,HV battery management (master),,0xDDBB,22,read,ZELLSPANNUNG_MODUL_3,"Currently measured cell voltages in V, module 3",aktuell gemessene Zellspannungen in V Modul 3,12,0,,,SME_82.prg rev 1.1 (2011),
"BMW ActiveE (E82, ""BEV10"")",Gen1 BEV (2011-2013),SME,HV battery management (master),,0xDDBC,22,read,ANZEIGE_SOC,current advertisement Soc,aktueller Anzeige Soc,3,0,,,SME_82.prg rev 1.1 (2011),
"BMW ActiveE (E82, ""BEV10"")",Gen1 BEV (2011-2013),SME,HV battery management (master),,0xDDBD,22,read,SERVICE_DISCONNECT,"Status of the service disconnect (0 = open, 1 = closed)","Status des Service Disconnects (0 = offen,1 = geschlossen)",1,0,unsigned char,0/1,SME_82.prg rev 1.1 (2011),
"BMW ActiveE (E82, ""BEV10"")",Gen1 BEV (2011-2013),SME,HV battery management (master),,0xDDBE,22,read,VORLADUNG,"Info about time, current and temperatures during pre-charging","Info über Zeit, Strom und Temperaturen bei Vorladung",15,0,,,SME_82.prg rev 1.1 (2011),
"BMW ActiveE (E82, ""BEV10"")",Gen1 BEV (2011-2013),SME,HV battery management (master),,0xDDBF,22,read,ZELLSPANNUNGEN_MIN_MAX,minimum and maximum single cell voltages are output,minimale und maximale Einzelzellspannungen werden ausgegeben,2,0,,,SME_82.prg rev 1.1 (2011),
"BMW ActiveE (E82, ""BEV10"")",Gen1 BEV (2011-2013),SME,HV battery management (master),,0xDDC0,22,read,TEMPSENSOREN_MIN_MAX,Output of the minimum and maximum temperature values of all individual cells,Ausgabe der minimalen und maximalen Temperaturwerte aller Einzelzellen,2,0,,,SME_82.prg rev 1.1 (2011),
"BMW ActiveE (E82, ""BEV10"")",Gen1 BEV (2011-2013),SME,HV battery management (master),,0xDDC2,22,read,ALTERUNG_PARAMETER,Aging values of the series/parallel ohmic resistance and the parallel capacitance,Alterungswerte des seriellen/parallelen ohmschen Widerstandes und der parallelen Kapazität,6,0,,,SME_82.prg rev 1.1 (2011),
"BMW ActiveE (E82, ""BEV10"")",Gen1 BEV (2011-2013),SME,HV battery management (master),,0xDDC4,22,read,SOC,Read out SOC value (in%) and plausibility or specification of the SOC value (0-100%),Auslesen SOC Wert (in %) und Plausibilität oder Vorgabe des SOC Werts (0-100%),2,0,,,SME_82.prg rev 1.1 (2011),
"BMW ActiveE (E82, ""BEV10"")",Gen1 BEV (2011-2013),SME,HV battery management (master),,0xDDC6,22,read,HISTO_SYM_DAUER,Read the number of cell balancing events in the respective time classes (target time during which the balancing resistors are to be switched active).,Auslesen der Anzahl von Symmetriervorgängen in den jeweiligen Zeitklassen (Soll-Zeit in der die Symmetrierwiderstände aktiv geschaltet werden sollen).,8,0,,,SME_82.prg rev 1.1 (2011),
"BMW ActiveE (E82, ""BEV10"")",Gen1 BEV (2011-2013),SME,HV battery management (master),,0xDDC8,22,read,SYM_DELTASOC,Maximum SoC difference in% over the entire HVS. Ring memory of the last 5 trips,Maximale SoC-Differenz in % über den gesamten HVS. Ringspeicher der letzten 5 Fahrten,5,0,,,SME_82.prg rev 1.1 (2011),
"BMW ActiveE (E82, ""BEV10"")",Gen1 BEV (2011-2013),SME,HV battery management (master),,0xDDCA,22,read,SERIENNUMMER_ECU,Serial number SME ECU,Seriennummer SME Steuergerät,1,0,string[10],,SME_82.prg rev 1.1 (2011),
"BMW ActiveE (E82, ""BEV10"")",Gen1 BEV (2011-2013),SME,HV battery management (master),,0xF190,22,read,VIN,Chassis number,Fahrgestellnummer,1,0,string[17],,SME_82.prg rev 1.1 (2011),
"BMW ActiveE (E82, ""BEV10"")",Gen1 BEV (2011-2013),SME,HV battery management (master),,0x6500,2E,write,_SOC_GRENZEN,State of charge limit values,State of Charge Grenzwerte,0,2,,,SME_82.prg rev 1.1 (2011),
"BMW ActiveE (E82, ""BEV10"")",Gen1 BEV (2011-2013),SME,HV battery management (master),,0x6501,2E,write,_ISOLATION,Insulation monitoring,Isolationsüberwachung,0,2,,,SME_82.prg rev 1.1 (2011),
"BMW ActiveE (E82, ""BEV10"")",Gen1 BEV (2011-2013),SME,HV battery management (master),,0x6502,2E,write,_UEBERLAST_SCHWELLE,Charge and discharge current limits,Lade- und Entladestromgrenzen,0,2,,,SME_82.prg rev 1.1 (2011),
"BMW ActiveE (E82, ""BEV10"")",Gen1 BEV (2011-2013),SME,HV battery management (master),,0x6503,2E,write,_KURZSCHLUSS_STROMGRENZE,Short circuit current limit,Kurzschluss Stromgrenze,0,2,,,SME_82.prg rev 1.1 (2011),
"BMW ActiveE (E82, ""BEV10"")",Gen1 BEV (2011-2013),SME,HV battery management (master),,0x6504,2E,write,_LADE_SPANNUNGSGRENZE,Load voltage limit,Lade Spannungsgrenze,0,2,,,SME_82.prg rev 1.1 (2011),
"BMW ActiveE (E82, ""BEV10"")",Gen1 BEV (2011-2013),SME,HV battery management (master),,0x6506,2E,write,_SCHUETZ_K1,K1 contactor,K1 Schütz,0,2,,,SME_82.prg rev 1.1 (2011),
"BMW ActiveE (E82, ""BEV10"")",Gen1 BEV (2011-2013),SME,HV battery management (master),,0x6507,2E,write,_SCHUETZ_K2,K2 contactor,K2 Schütz,0,2,,,SME_82.prg rev 1.1 (2011),
"BMW ActiveE (E82, ""BEV10"")",Gen1 BEV (2011-2013),SME,HV battery management (master),,0x6508,2E,write,_SCHUETZ_K3,K3 contactor,K3 Schütz,0,2,,,SME_82.prg rev 1.1 (2011),
"BMW ActiveE (E82, ""BEV10"")",Gen1 BEV (2011-2013),SME,HV battery management (master),,0x6509,2E,write,_SERIENNUMMER,HV battery (storage) serial number,Speicherseriennummer,0,2,,,SME_82.prg rev 1.1 (2011),
"BMW ActiveE (E82, ""BEV10"")",Gen1 BEV (2011-2013),SME,HV battery management (master),,0x650B,2E,write,_ENTLADE_SPANNUNGSGRENZE,Discharge voltage limit,Entlade-Spannungsgrenze,0,2,,,SME_82.prg rev 1.1 (2011),
"BMW ActiveE (E82, ""BEV10"")",Gen1 BEV (2011-2013),SME,HV battery management (master),,0x650C,2E,write,_SCHUETZ_K4,K4 contactor,K4 Schütz,0,2,,,SME_82.prg rev 1.1 (2011),
"BMW ActiveE (E82, ""BEV10"")",Gen1 BEV (2011-2013),SME,HV battery management (master),,0x650D,2E,write,_SCHUETZ_K5,K5 contactor,K5 Schütz,0,2,,,SME_82.prg rev 1.1 (2011),
"BMW ActiveE (E82, ""BEV10"")",Gen1 BEV (2011-2013),SME,HV battery management (master),,0x650E,2E,write,_SCHUETZ_K6,K6 contactor,K6 Schütz,0,2,,,SME_82.prg rev 1.1 (2011),
"BMW ActiveE (E82, ""BEV10"")",Gen1 BEV (2011-2013),SME,HV battery management (master),,0x650F,2E,write,_SCHUETZ_K7,K7 contactor,K7 Schütz,0,2,,,SME_82.prg rev 1.1 (2011),
"BMW ActiveE (E82, ""BEV10"")",Gen1 BEV (2011-2013),SME,HV battery management (master),,0x6514,2E,write,_FUSI_ENTPRELLZEITEN,Increase debounce times for FuSi level 2 (functional safety) functions,Entprellzeiten für FuSi-Ebene2-Funktionen hochsetzen,0,2,,,SME_82.prg rev 1.1 (2011),
"BMW ActiveE (E82, ""BEV10"")",Gen1 BEV (2011-2013),SME,HV battery management (master),,0x6518,2E,write,_CSC_INDIZIERUNG_BEV_10,CSC indexing for BEV-10,CSC-Indizierung beim BEV-10,0,2,,,SME_82.prg rev 1.1 (2011),
"BMW ActiveE (E82, ""BEV10"")",Gen1 BEV (2011-2013),SME,HV battery management (master),,0x6519,2E,write,_CSC_STANDBY,Put CSCs in standby mode,CSCs in Standby-Mode setzen,0,2,,,SME_82.prg rev 1.1 (2011),
"BMW ActiveE (E82, ""BEV10"")",Gen1 BEV (2011-2013),SME,HV battery management (master),,0x651B,2E,write,_ANFORDERUNG_SCHUETZE_SCHLIESSEN,Close contactor,Schütze schließen,0,2,,,SME_82.prg rev 1.1 (2011),
"BMW ActiveE (E82, ""BEV10"")",Gen1 BEV (2011-2013),SMES1,HV battery management slave 1,,0x6500,2E,write,_SOC_GRENZEN,State of charge limit values,State of Charge Grenzwerte,0,2,,,SMES1_82.prg rev 1.0 (2011),
"BMW ActiveE (E82, ""BEV10"")",Gen1 BEV (2011-2013),SMES1,HV battery management slave 1,,0x6501,2E,write,_ISOLATION,Insulation monitoring,Isolationsüberwachung,0,2,,,SMES1_82.prg rev 1.0 (2011),
"BMW ActiveE (E82, ""BEV10"")",Gen1 BEV (2011-2013),SMES1,HV battery management slave 1,,0x6502,2E,write,_UEBERLAST_SCHWELLE,Charge and discharge current limits,Lade- und Entladestromgrenzen,0,2,,,SMES1_82.prg rev 1.0 (2011),
"BMW ActiveE (E82, ""BEV10"")",Gen1 BEV (2011-2013),SMES1,HV battery management slave 1,,0x6503,2E,write,_KURZSCHLUSS_STROMGRENZE,Short circuit current limit,Kurzschluss Stromgrenze,0,2,,,SMES1_82.prg rev 1.0 (2011),
"BMW ActiveE (E82, ""BEV10"")",Gen1 BEV (2011-2013),SMES1,HV battery management slave 1,,0x6504,2E,write,_LADE_SPANNUNGSGRENZE,Load voltage limit,Lade Spannungsgrenze,0,2,,,SMES1_82.prg rev 1.0 (2011),
"BMW ActiveE (E82, ""BEV10"")",Gen1 BEV (2011-2013),SMES1,HV battery management slave 1,,0x6506,2E,write,_SCHUETZ_K1,K1 contactor,K1 Schütz,0,2,,,SMES1_82.prg rev 1.0 (2011),
"BMW ActiveE (E82, ""BEV10"")",Gen1 BEV (2011-2013),SMES1,HV battery management slave 1,,0x6507,2E,write,_SCHUETZ_K2,K2 contactor,K2 Schütz,0,2,,,SMES1_82.prg rev 1.0 (2011),
"BMW ActiveE (E82, ""BEV10"")",Gen1 BEV (2011-2013),SMES1,HV battery management slave 1,,0x6508,2E,write,_SCHUETZ_K3,K3 contactor,K3 Schütz,0,2,,,SMES1_82.prg rev 1.0 (2011),
"BMW ActiveE (E82, ""BEV10"")",Gen1 BEV (2011-2013),SMES1,HV battery management slave 1,,0x6509,2E,write,_SERIENNUMMER,HV battery (storage) serial number,Speicherseriennummer,0,2,,,SMES1_82.prg rev 1.0 (2011),
"BMW ActiveE (E82, ""BEV10"")",Gen1 BEV (2011-2013),SMES1,HV battery management slave 1,,0x650B,2E,write,_ENTLADE_SPANNUNGSGRENZE,Discharge voltage limit,Entlade-Spannungsgrenze,0,2,,,SMES1_82.prg rev 1.0 (2011),
"BMW ActiveE (E82, ""BEV10"")",Gen1 BEV (2011-2013),SMES1,HV battery management slave 1,,0x650C,2E,write,_SCHUETZ_K4,K4 contactor,K4 Schütz,0,2,,,SMES1_82.prg rev 1.0 (2011),
"BMW ActiveE (E82, ""BEV10"")",Gen1 BEV (2011-2013),SMES1,HV battery management slave 1,,0x650D,2E,write,_SCHUETZ_K5,K5 contactor,K5 Schütz,0,2,,,SMES1_82.prg rev 1.0 (2011),
"BMW ActiveE (E82, ""BEV10"")",Gen1 BEV (2011-2013),SMES1,HV battery management slave 1,,0x650E,2E,write,_SCHUETZ_K6,K6 contactor,K6 Schütz,0,2,,,SMES1_82.prg rev 1.0 (2011),
"BMW ActiveE (E82, ""BEV10"")",Gen1 BEV (2011-2013),SMES1,HV battery management slave 1,,0x650F,2E,write,_SCHUETZ_K7,K7 contactor,K7 Schütz,0,2,,,SMES1_82.prg rev 1.0 (2011),
"BMW ActiveE (E82, ""BEV10"")",Gen1 BEV (2011-2013),SMES1,HV battery management slave 1,,0x6511,2E,write,_SYM_MODUS,Symmetry mode of the SEM,Symmetriemodus der SEM,0,2,,,SMES1_82.prg rev 1.0 (2011),
"BMW ActiveE (E82, ""BEV10"")",Gen1 BEV (2011-2013),SMES1,HV battery management slave 1,,0x6512,2E,write,_MESSBOTSCHAFTEN,Switch measurement messages on / off,Messbotschaften ein/ausschalten,0,2,,,SMES1_82.prg rev 1.0 (2011),
"BMW ActiveE (E82, ""BEV10"")",Gen1 BEV (2011-2013),SMES1,HV battery management slave 1,,0x6514,2E,write,_FUSI_ENTPRELLZEITEN,Increase debounce times for FuSi level 2 (functional safety) functions,Entprellzeiten für FuSi-Ebene2-Funktionen hochsetzen,0,2,,,SMES1_82.prg rev 1.0 (2011),
"BMW ActiveE (E82, ""BEV10"")",Gen1 BEV (2011-2013),SMES1,HV battery management slave 1,,0x6516,22,read,_ST_SYM_MODUS,Status of the SME cell balancing mode,Status Symmetriermodus der SME,1,0,unsigned char,0-n,SMES1_82.prg rev 1.0 (2011),
"BMW ActiveE (E82, ""BEV10"")",Gen1 BEV (2011-2013),SMES1,HV battery management slave 1,,0x6518,2E,write,_CSC_INDIZIERUNG_BEV_10,CSC indexing for BEV-10,CSC-Indizierung beim BEV-10,0,1,,,SMES1_82.prg rev 1.0 (2011),
"BMW ActiveE (E82, ""BEV10"")",Gen1 BEV (2011-2013),SMES1,HV battery management slave 1,,0x6519,2E,write,_CSC_STANDBY,Put CSCs in standby mode,CSCs in Standby-Mode setzen,0,2,,,SMES1_82.prg rev 1.0 (2011),
"BMW ActiveE (E82, ""BEV10"")",Gen1 BEV (2011-2013),SMES1,HV battery management slave 1,,0x651B,2E,write,_ANFORDERUNG_SCHUETZE_SCHLIESSEN,Close contactor,Schütze schließen,0,2,,,SMES1_82.prg rev 1.0 (2011),
"BMW ActiveE (E82, ""BEV10"")",Gen1 BEV (2011-2013),SMES1,HV battery management slave 1,,0xAD61,31,routine,ISOLATION,Isolation test result,Ergebnis Isolationstest,2,0,,,SMES1_82.prg rev 1.0 (2011),
"BMW ActiveE (E82, ""BEV10"")",Gen1 BEV (2011-2013),SMES1,HV battery management slave 1,,0xDD61,2E;22,read/write,SCHUETZ_FREIGABE,Writes or reads the bit to enable or disable the contactor switch. Job is clamp-safe,Schreibt bzw. liest das Bit zur Freigabe oder Sperrung der Schützschalter. Job ist Klemmensicher,1,1,unsigned char,0-n,SMES1_82.prg rev 1.0 (2011),
"BMW ActiveE (E82, ""BEV10"")",Gen1 BEV (2011-2013),SMES1,HV battery management slave 1,,0xDD62,22,read,HV_STROM_MAX,Maximum HV current,maximaler HV Strom,2,0,,,SMES1_82.prg rev 1.0 (2011),
"BMW ActiveE (E82, ""BEV10"")",Gen1 BEV (2011-2013),SMES1,HV battery management slave 1,,0xDD63,22,read,SCHUETZSCHALTUNGEN_ANZAHL,Number of switchings of the contactor switch (currentless and under load),Anzahl der Schaltungen der Schützschalter (stromlos und unter Last),1,0,unsigned long,,SMES1_82.prg rev 1.0 (2011),
"BMW ActiveE (E82, ""BEV10"")",Gen1 BEV (2011-2013),SMES1,HV battery management slave 1,,0xDD64,22,read,HVIL,Disturb/disable the interlock generator in the BMS / HVIL test result,Stören/Abschalten des Interlockgenerators im BMS / Ergebnis HVIL-Prüfung,1,0,unsigned char,0-n,SMES1_82.prg rev 1.0 (2011),
"BMW ActiveE (E82, ""BEV10"")",Gen1 BEV (2011-2013),SMES1,HV battery management slave 1,,0xDD65,22,read,SOC_MIN_MAX,Min/max values of the SOC,Min-/Maxwerte des SOC,2,0,,,SMES1_82.prg rev 1.0 (2011),
"BMW ActiveE (E82, ""BEV10"")",Gen1 BEV (2011-2013),SMES1,HV battery management slave 1,,0xDD66,22,read,HV_SPANNUNG,HV voltage of the DC link before the contactors,HV-Spannung des Zwischenkreises vor den Schützen,1,0,unsigned int,V,SMES1_82.prg rev 1.0 (2011),
"BMW ActiveE (E82, ""BEV10"")",Gen1 BEV (2011-2013),SMES1,HV battery management slave 1,,0xDD67,22,read,ANZAHL_KUEHLANFORDERUNG_DRINGEND,Counter describing how often a higher temperature state was reached in consecutive terminal cycles. (Maximum value),Zähler beschreibt wie häufig in aufeinanderfolgenden Klemmenzyklen in einen höheren Temperaturzustand gefahren wurde. (Maximalwert),1,0,unsigned char,,SMES1_82.prg rev 1.0 (2011),
"BMW ActiveE (E82, ""BEV10"")",Gen1 BEV (2011-2013),SMES1,HV battery management slave 1,,0xDD68,22,read,HV_SPANNUNG_BERECHNET,HV voltage calculated from the individual cells (battery voltage behind the contactors),HV-Spannung berechnet aus den einzelnen Zellen (Batteriespannung hinter den Schützen),1,0,unsigned int,V,SMES1_82.prg rev 1.0 (2011),
"BMW ActiveE (E82, ""BEV10"")",Gen1 BEV (2011-2013),SMES1,HV battery management slave 1,,0xDD69,22,read,HV_STROM,HV electricity,HV-Strom,1,0,long,A,SMES1_82.prg rev 1.0 (2011),
"BMW ActiveE (E82, ""BEV10"")",Gen1 BEV (2011-2013),SMES1,HV battery management slave 1,,0xDD6F,2E;22,read/write,KUEHLKREISLAUF_VENTIL,Status / control coolant valve: Closed or open / close or open,Status / Steuern Kühlmittel-Ventil: Geschlossen oder offen / schliessen oder öffnen,1,1,unsigned char,0-n,SMES1_82.prg rev 1.0 (2011),
"BMW ActiveE (E82, ""BEV10"")",Gen1 BEV (2011-2013),SMES1,HV battery management slave 1,,0xDD72,22,read,AUFSTART_VERHINDERER,Reason for not starting the HV system,Grund für nicht Aufstarten des HV-Systems,1,0,unsigned char,0-n,SMES1_82.prg rev 1.0 (2011),
"BMW ActiveE (E82, ""BEV10"")",Gen1 BEV (2011-2013),SMES1,HV battery management slave 1,,0xDD73,22,read,CUMULATIVE_LADUNG,Status cumulative charge,Status kumulierte Ladung,1,0,unsigned long,Ah,SMES1_82.prg rev 1.0 (2011),
"BMW ActiveE (E82, ""BEV10"")",Gen1 BEV (2011-2013),SMES1,HV battery management slave 1,,0xDD74,22,read,CUMULATIVE_ENTLADUNG,Status cumulative discharge,Status kumulierte Entladung,1,0,unsigned long,Ah,SMES1_82.prg rev 1.0 (2011),
"BMW ActiveE (E82, ""BEV10"")",Gen1 BEV (2011-2013),SMES1,HV battery management slave 1,,0xDD76,22,read,STATUS_KL30C_SPANNUNG,Voltage terminal 30C,Spannung Klemme 30C,1,0,unsigned char,V,SMES1_82.prg rev 1.0 (2011),
"BMW ActiveE (E82, ""BEV10"")",Gen1 BEV (2011-2013),SMES1,HV battery management slave 1,,0xDD7B,22;2E,read/write,REFERENZ_KAPAZITAET,Read and adjust battery capacity,Auslesen und Justieren Kapazität Batterie,1,1,unsigned long,Ah,SMES1_82.prg rev 1.0 (2011),
"BMW ActiveE (E82, ""BEV10"")",Gen1 BEV (2011-2013),SMES1,HV battery management slave 1,,0xDD7C,22,read,GW_INFO,Warranty data,Gewährleistungsdaten,26,0,,,SMES1_82.prg rev 1.0 (2011),
"BMW ActiveE (E82, ""BEV10"")",Gen1 BEV (2011-2013),SMES1,HV battery management slave 1,,0xDD7D,22,read,STROMGRENZEN,Current limits,Stromgrenzen,2,0,,,SMES1_82.prg rev 1.0 (2011),
"BMW ActiveE (E82, ""BEV10"")",Gen1 BEV (2011-2013),SMES1,HV battery management slave 1,,0xDD7E,22,read,SPANNUNGSGRENZEN,Voltage limits,Spannungsgrenzen,2,0,,,SMES1_82.prg rev 1.0 (2011),
"BMW ActiveE (E82, ""BEV10"")",Gen1 BEV (2011-2013),SMES1,HV battery management slave 1,,0xDD8E,22,read,HVB_HISTORIE_ZYKLEN,Output of the sum of cyclizations in the respective range during charging/discharging and output of the current loads,Ausgabe der Summe von Zyklisierungen im jeweiligen Bereich bei der Ladung / Entladung und Ausgabe der Strombelastungen,28,0,,,SMES1_82.prg rev 1.0 (2011),
"BMW ActiveE (E82, ""BEV10"")",Gen1 BEV (2011-2013),SMES1,HV battery management slave 1,,0xDD90,22,read,ZEIT_TEMP_HISTOGRAMM,Time in various temperature classes and main contactor states,Zeit in verschiedenen Temperaturklasse und Hauptschalterzuständen,20,0,,,SMES1_82.prg rev 1.0 (2011),
"BMW ActiveE (E82, ""BEV10"")",Gen1 BEV (2011-2013),SMES1,HV battery management slave 1,,0xDD91,22,read,ZEIT_SOC_KLASSE,Time since installation in SOC classes,Zeit seit Einbau in SOC-Klassen,10,0,,,SMES1_82.prg rev 1.0 (2011),
"BMW ActiveE (E82, ""BEV10"")",Gen1 BEV (2011-2013),SMES1,HV battery management slave 1,,0xDD92,22,read,HVB_HISTORIE_MIN_SOC,"History, state of charge, minimum value of the last five days",Historie Ladungszustand Minimalwert der letzten fünf Tage,6,0,,,SMES1_82.prg rev 1.0 (2011),
"BMW ActiveE (E82, ""BEV10"")",Gen1 BEV (2011-2013),SMES1,HV battery management slave 1,,0xDD93,22,read,HVB_HISTORIE_MAX_SOC,"History, state of charge, maximum value of the last five days",Historie Ladungszustand Maximalwert der letzten fünf Tage,6,0,,,SMES1_82.prg rev 1.0 (2011),
"BMW ActiveE (E82, ""BEV10"")",Gen1 BEV (2011-2013),SMES1,HV battery management slave 1,,0xDD94,22,read,HV_BATT_HIST_SOC_T1,Number of cycles at temperature < 0°C  and at different values of current and SoC,Anzahl der Zyklen bei Temperatur < 0°C  und bei unterschiedlichen Werten von Strom und SoC,70,0,,,SMES1_82.prg rev 1.0 (2011),
"BMW ActiveE (E82, ""BEV10"")",Gen1 BEV (2011-2013),SMES1,HV battery management slave 1,,0xDD95,22,read,HV_BATT_HIST_SOC_T2,Number of cycles at temperature 0°C < T < 10°C and at different values of current and SoC,Anzahl der Zyklen bei Temperatur 0°C < T < 10°C und bei unterschiedlichen Werten von Strom und SoC,70,0,,,SMES1_82.prg rev 1.0 (2011),
"BMW ActiveE (E82, ""BEV10"")",Gen1 BEV (2011-2013),SMES1,HV battery management slave 1,,0xDD96,22,read,HV_BATT_HIST_SOC_T3,Number of cycles at temperature 10°C < T < 20°C and at different values of current and SoC.,Anzahl der Zyklen bei Temperatur 10°C < T < 20°C und bei unterschiedlichen Werten von Strom und SoC.,70,0,,,SMES1_82.prg rev 1.0 (2011),
"BMW ActiveE (E82, ""BEV10"")",Gen1 BEV (2011-2013),SMES1,HV battery management slave 1,,0xDD97,22,read,HV_BATT_HIST_SOC_T4,Number of cycles at temperature 20°C < T < 30°C and at different values of current and SoC,Anzahl der Zyklen bei Temperatur 20°C < T < 30°C und bei unterschiedlichen Werten von Strom und SoC,70,0,,,SMES1_82.prg rev 1.0 (2011),
"BMW ActiveE (E82, ""BEV10"")",Gen1 BEV (2011-2013),SMES1,HV battery management slave 1,,0xDD98,22,read,HV_BATT_HIST_SOC_T5,Number of cycles at temperature 30°C < T < 40°C and at different values of current and SoC.,Anzahl der Zyklen bei Temperatur 30°C < T < 40°C und bei unterschiedlichen Werten von Strom und SoC.,70,0,,,SMES1_82.prg rev 1.0 (2011),
"BMW ActiveE (E82, ""BEV10"")",Gen1 BEV (2011-2013),SMES1,HV battery management slave 1,,0xDD99,22,read,HV_BATT_HIST_SOC_T6,Number of cycles at temperature 40°C < T < 50°C and at different values of current and SoC,Anzahl der Zyklen bei Temperatur 40°C < T < 50°C und bei unterschiedlichen Werten von Strom und SoC,70,0,,,SMES1_82.prg rev 1.0 (2011),
"BMW ActiveE (E82, ""BEV10"")",Gen1 BEV (2011-2013),SMES1,HV battery management slave 1,,0xDD9A,22,read,HV_BATT_HIST_SOC_T7,Values for histogram of the HV battery in the temperature range above 50°C,Werte für Histogramm der Hochvoltbatterie im Temperaturbereich über 50°C,70,0,,,SMES1_82.prg rev 1.0 (2011),
"BMW ActiveE (E82, ""BEV10"")",Gen1 BEV (2011-2013),SMES1,HV battery management slave 1,,0xDD9B,22,read,ZELLSPANNUNG_MODUL_9,"Currently measured cell voltages, module 9",aktuell gemessene Zellspannungen Modul 9,12,0,,,SMES1_82.prg rev 1.0 (2011),
"BMW ActiveE (E82, ""BEV10"")",Gen1 BEV (2011-2013),SMES1,HV battery management slave 1,,0xDD9C,22,read,ZELLSPANNUNG_MODUL_10,"Currently measured cell voltages, module 10",aktuell gemessene Zellspannungen Modul 10,12,0,,,SMES1_82.prg rev 1.0 (2011),
"BMW ActiveE (E82, ""BEV10"")",Gen1 BEV (2011-2013),SMES1,HV battery management slave 1,,0xDD9D,22,read,ZELLSPANNUNG_MODUL_11,"Currently measured cell voltages, module 11",aktuell gemessene Zellspannungen Modul 11,12,0,,,SMES1_82.prg rev 1.0 (2011),
"BMW ActiveE (E82, ""BEV10"")",Gen1 BEV (2011-2013),SMES1,HV battery management slave 1,,0xDD9E,22,read,ZELLSPANNUNG_MODUL_12,"Currently measured cell voltages, module 12",aktuell gemessene Zellspannungen Modul 12,12,0,,,SMES1_82.prg rev 1.0 (2011),
"BMW ActiveE (E82, ""BEV10"")",Gen1 BEV (2011-2013),SMES1,HV battery management slave 1,,0xDD9F,22,read,FAHRGESTELLNUMMER,Current chassis number (VIN) of the vehicle in which the HV battery (storage) is installed,"aktuelle Fahrgestellnummer des Fahrzeugs, in dem der Hochvoltspeicher verbaut ist",1,0,string[7],,SMES1_82.prg rev 1.0 (2011),
"BMW ActiveE (E82, ""BEV10"")",Gen1 BEV (2011-2013),SMES1,HV battery management slave 1,,0xDDA1,22;2E,read/write,KUEHLMITTELPUMPE,Result values or control of the coolant pump for cooling the HV battery in % (0-100%),Resultwerte oder Steuerung der Kühlmittelpumpe für die Kühlung des Hochvoltspeichers in % (0-100%),1,2,unsigned char,%,SMES1_82.prg rev 1.0 (2011),
"BMW ActiveE (E82, ""BEV10"")",Gen1 BEV (2011-2013),SMES1,HV battery management slave 1,,0xDDA2,22,read,TEMP_SENSOREN_BEV10,Return the temperature values of all CSCs,Rückgabe der Temperaturwerte aller CSCs,52,0,,,SMES1_82.prg rev 1.0 (2011),
"BMW ActiveE (E82, ""BEV10"")",Gen1 BEV (2011-2013),SMES1,HV battery management slave 1,,0xDDA3,22,read,ZELLSPANNUNG_MODUL_13,"Currently measured cell voltages, module 13",aktuell gemessene Zellspannungen Modul 13,12,0,,,SMES1_82.prg rev 1.0 (2011),
"BMW ActiveE (E82, ""BEV10"")",Gen1 BEV (2011-2013),SMES1,HV battery management slave 1,,0xDDA5,2E;22,read/write,FREIGABE_KUEHLMITTELPUMPE,"Enable or read out status of the coolant pump (0 = not enabled, 1 = enabled)","Freigeben oder Auslesen Status der Kühlmittelpumpe (0 = nicht freigegeben, 1 = freigegeben)",1,1,unsigned char,0/1,SMES1_82.prg rev 1.0 (2011),
"BMW ActiveE (E82, ""BEV10"")",Gen1 BEV (2011-2013),SMES1,HV battery management slave 1,,0xDDA6,22,read,SCHUETZ_SCHALTER_BEV10,"Status of the three contactor switches for the 3 HV batteries: transmission tunnel, front section, tank","Status der drei Schützeschalter für die 3 HV-Batterien Getriebetunnel, Vorderbau, Tank",3,0,,,SMES1_82.prg rev 1.0 (2011),
"BMW ActiveE (E82, ""BEV10"")",Gen1 BEV (2011-2013),SMES1,HV battery management slave 1,,0xDDA7,22,read,ISOLATIONSWIDERSTAND_BEV10,Value of all insulation resistances (all HV batteries),Wert aller Isolationswiderstände (alle HV-Batterien),12,0,,,SMES1_82.prg rev 1.0 (2011),
"BMW ActiveE (E82, ""BEV10"")",Gen1 BEV (2011-2013),SMES1,HV battery management slave 1,,0xDDA8,22,read,CSC_IDS_BEV10,HW numbers of all CSCs (Cell Supervisory Circuit) of the BEV2010,HW Nummern aller CSCs (Cell Supervisory Circuit) vom BEV2010,13,0,,,SMES1_82.prg rev 1.0 (2011),
"BMW ActiveE (E82, ""BEV10"")",Gen1 BEV (2011-2013),SMES1,HV battery management slave 1,,0xDDA9,22,read,KUEHLKREISLAUF_TEMP_BEV10,Coolant circuit temperature BEV2010,Temperatur Kühlkreislauf BEV2010,3,0,,,SMES1_82.prg rev 1.0 (2011),
"BMW ActiveE (E82, ""BEV10"")",Gen1 BEV (2011-2013),SMES1,HV battery management slave 1,,0xDDAA,22,read,HV_SPANNUNG_BATT_BEV10,Values for HV voltages for the BEV2010,Werte für HV-Spannungen beim BEV2010,14,0,,,SMES1_82.prg rev 1.0 (2011),
"BMW ActiveE (E82, ""BEV10"")",Gen1 BEV (2011-2013),SMES1,HV battery management slave 1,,0xDDAD,22,read,VARIANTE_CSCS_BEV10,Return the CSC variant of all modules,Rückgabe der CSC Variante aller Module,13,0,,,SMES1_82.prg rev 1.0 (2011),
"BMW ActiveE (E82, ""BEV10"")",Gen1 BEV (2011-2013),SMES1,HV battery management slave 1,,0xDDAE,22,read,ZELLSPANNUNG_MODUL_4,"Currently measured cell voltages, module 4",aktuell gemessene Zellspannungen Modul 4,12,0,,,SMES1_82.prg rev 1.0 (2011),
"BMW ActiveE (E82, ""BEV10"")",Gen1 BEV (2011-2013),SMES1,HV battery management slave 1,,0xDDAF,22,read,ZELLSPANNUNG_MODUL_5,"Currently measured cell voltages, module 5",aktuell gemessene Zellspannungen Modul 5,12,0,,,SMES1_82.prg rev 1.0 (2011),
"BMW ActiveE (E82, ""BEV10"")",Gen1 BEV (2011-2013),SMES1,HV battery management slave 1,,0xDDB0,22,read,ZELLSPANNUNG_MODUL_6,"Currently measured cell voltages, module 6",aktuell gemessene Zellspannungen Modul 6,12,0,,,SMES1_82.prg rev 1.0 (2011),
"BMW ActiveE (E82, ""BEV10"")",Gen1 BEV (2011-2013),SMES1,HV battery management slave 1,,0xDDB1,22,read,ZELLSPANNUNG_MODUL_7,"Currently measured cell voltages, module 7",aktuell gemessene Zellspannungen Modul 7,12,0,,,SMES1_82.prg rev 1.0 (2011),
"BMW ActiveE (E82, ""BEV10"")",Gen1 BEV (2011-2013),SMES1,HV battery management slave 1,,0xDDB2,22,read,ZELLSPANNUNG_MODUL_8,"Currently measured cell voltages, module 8",aktuell gemessene Zellspannungen Modul 8,12,0,,,SMES1_82.prg rev 1.0 (2011),
"BMW ActiveE (E82, ""BEV10"")",Gen1 BEV (2011-2013),SMES1,HV battery management slave 1,,0xDDB6,22,read,ALTERUNG_INNENWIDERSTAND,"Resistance increase: resistance increased by x %, percentage value: (R_akt / R_neu - 1) * 100, 0 = end of life reached, 100 = new condition","Widerstandserhöhung: Widerstand um x % erhöht, prozentualer Wert: (R_akt / R_neu - 1) *100, 0 = Lebensdauerende erreicht, 100 = Neuzustand",1,0,unsigned int,%,SMES1_82.prg rev 1.0 (2011),
"BMW ActiveE (E82, ""BEV10"")",Gen1 BEV (2011-2013),SMES1,HV battery management slave 1,,0xDDB7,22,read,ALTERUNG_KAPAZITAET,"Remaining capacity of the battery (storage), percentage value: ( C_akt/C_nenn(neu) ) * 100, 0 = end of life reached, 100 = new condition","Restkapazität des Speichers, prozentualer Wert: ( C_akt/C_nenn(neu) ) * 100, 0 = Lebensdauerende erreicht, 100 = Neuzustand",1,0,unsigned int,%,SMES1_82.prg rev 1.0 (2011),
"BMW ActiveE (E82, ""BEV10"")",Gen1 BEV (2011-2013),SMES1,HV battery management slave 1,,0xDDB9,22,read,ZELLSPANNUNG_MODUL_1,"Currently measured cell voltages in V, module 1",aktuell gemessene Zellspannungen in V Modul 1,12,0,,,SMES1_82.prg rev 1.0 (2011),
"BMW ActiveE (E82, ""BEV10"")",Gen1 BEV (2011-2013),SMES1,HV battery management slave 1,,0xDDBA,22,read,ZELLSPANNUNG_MODUL_2,"Currently measured cell voltages, module 2",aktuell gemessene Zellspannungen Modul 2,12,0,,,SMES1_82.prg rev 1.0 (2011),
"BMW ActiveE (E82, ""BEV10"")",Gen1 BEV (2011-2013),SMES1,HV battery management slave 1,,0xDDBB,22,read,ZELLSPANNUNG_MODUL_3,"Currently measured cell voltages in V, module 3",aktuell gemessene Zellspannungen in V Modul 3,12,0,,,SMES1_82.prg rev 1.0 (2011),
"BMW ActiveE (E82, ""BEV10"")",Gen1 BEV (2011-2013),SMES1,HV battery management slave 1,,0xDDBC,22,read,ANZEIGE_SOC,current advertisement Soc,aktueller Anzeige Soc,3,0,,,SMES1_82.prg rev 1.0 (2011),
"BMW ActiveE (E82, ""BEV10"")",Gen1 BEV (2011-2013),SMES1,HV battery management slave 1,,0xDDBD,22,read,SERVICE_DISCONNECT,"Status of the service disconnect (0 = open, 1 = closed)","Status des Service Disconnects (0 = offen,1 = geschlossen)",1,0,unsigned char,0/1,SMES1_82.prg rev 1.0 (2011),
"BMW ActiveE (E82, ""BEV10"")",Gen1 BEV (2011-2013),SMES1,HV battery management slave 1,,0xDDBE,22,read,ZEIT_VORLADUNG,Last required precharge time (ring buffer),zuletzt benötigte Vorladezeit (Ringpuffer),15,0,,,SMES1_82.prg rev 1.0 (2011),
"BMW ActiveE (E82, ""BEV10"")",Gen1 BEV (2011-2013),SMES1,HV battery management slave 1,,0xDDBF,22,read,ZELLSPANNUNGEN_MIN_MAX,minimum and maximum single cell voltages are output,minimale und maximale Einzelzellspannungen werden ausgegeben,2,0,,,SMES1_82.prg rev 1.0 (2011),
"BMW ActiveE (E82, ""BEV10"")",Gen1 BEV (2011-2013),SMES1,HV battery management slave 1,,0xDDC0,22,read,TEMPSENSOREN_MIN_MAX,Output of the minimum and maximum temperature values of all individual cells,Ausgabe der minimalen und maximalen Temperaturwerte aller Einzelzellen,2,0,,,SMES1_82.prg rev 1.0 (2011),
"BMW ActiveE (E82, ""BEV10"")",Gen1 BEV (2011-2013),SMES1,HV battery management slave 1,,0xDDC2,22,read,ALTERUNG_PARAMETER,Aging values of the series/parallel ohmic resistance and the parallel capacitance,Alterungswerte des seriellen/parallelen ohmschen Widerstandes und der parallelen Kapazität,6,0,,,SMES1_82.prg rev 1.0 (2011),
"BMW ActiveE (E82, ""BEV10"")",Gen1 BEV (2011-2013),SMES1,HV battery management slave 1,,0xDDC4,22,read,SOC,Return SOC value (in %) and plausibility,Rückgabe SOC Wert (in %) und Plausibilität,2,0,,,SMES1_82.prg rev 1.0 (2011),
"BMW ActiveE (E82, ""BEV10"")",Gen1 BEV (2011-2013),SMES1,HV battery management slave 1,,0xDDC6,22,read,HISTO_SYM_DAUER,Read the number of cell balancing events in the respective time classes (target time during which the balancing resistors are to be switched active).,Auslesen der Anzahl von Symmetriervorgängen in den jeweiligen Zeitklassen (Soll-Zeit in der die Symmetrierwiderstände aktiv geschaltet werden sollen).,8,0,,,SMES1_82.prg rev 1.0 (2011),
"BMW ActiveE (E82, ""BEV10"")",Gen1 BEV (2011-2013),SMES1,HV battery management slave 1,,0xDDC7,22,read,HISTO_SYM_ZELLANZAHL,Read the number of sleep events in which the respective cell count was commanded for cell balancing.,Auslesen der Anzahl der Einschlafvorgänge in denen die jeweiligen Zellzahl zur Symmetrierung angewiesen wurden.,8,0,,,SMES1_82.prg rev 1.0 (2011),
"BMW ActiveE (E82, ""BEV10"")",Gen1 BEV (2011-2013),SMES1,HV battery management slave 1,,0xDDC8,22,read,SYM_DELTASOC,Maximum SoC difference in% over the entire HVS. Ring memory of the last 5 trips,Maximale SoC-Differenz in % über den gesamten HVS. Ringspeicher der letzten 5 Fahrten,5,0,,,SMES1_82.prg rev 1.0 (2011),
"BMW ActiveE (E82, ""BEV10"")",Gen1 BEV (2011-2013),SMES1,HV battery management slave 1,,0xDDC9,22,read,MAX_SYM_DAUER,Maximum cell-balancing duration of the last successful balancing operations,Maximale Symmetrierdauer der zuletzt erfolgreichen Symmetriervorgängen,10,0,,,SMES1_82.prg rev 1.0 (2011),
"BMW ActiveE (E82, ""BEV10"")",Gen1 BEV (2011-2013),SMES1,HV battery management slave 1,,0xDDCA,22,read,SERIENNUMMER_ECU,Serial number SME ECU,Seriennummer SME Steuergerät,1,0,string[10],,SMES1_82.prg rev 1.0 (2011),
"BMW ActiveE (E82, ""BEV10"")",Gen1 BEV (2011-2013),SMES2,HV battery management slave 2,,0x6500,2E,write,_SOC_GRENZEN,State of charge limit values,State of Charge Grenzwerte,0,2,,,SMES2_82.prg rev 1.0 (2011),
"BMW ActiveE (E82, ""BEV10"")",Gen1 BEV (2011-2013),SMES2,HV battery management slave 2,,0x6501,2E,write,_ISOLATION,Insulation monitoring,Isolationsüberwachung,0,2,,,SMES2_82.prg rev 1.0 (2011),
"BMW ActiveE (E82, ""BEV10"")",Gen1 BEV (2011-2013),SMES2,HV battery management slave 2,,0x6502,2E,write,_UEBERLAST_SCHWELLE,Charge and discharge current limits,Lade- und Entladestromgrenzen,0,2,,,SMES2_82.prg rev 1.0 (2011),
"BMW ActiveE (E82, ""BEV10"")",Gen1 BEV (2011-2013),SMES2,HV battery management slave 2,,0x6503,2E,write,_KURZSCHLUSS_STROMGRENZE,Short circuit current limit,Kurzschluss Stromgrenze,0,2,,,SMES2_82.prg rev 1.0 (2011),
"BMW ActiveE (E82, ""BEV10"")",Gen1 BEV (2011-2013),SMES2,HV battery management slave 2,,0x6504,2E,write,_LADE_SPANNUNGSGRENZE,Load voltage limit,Lade Spannungsgrenze,0,2,,,SMES2_82.prg rev 1.0 (2011),
"BMW ActiveE (E82, ""BEV10"")",Gen1 BEV (2011-2013),SMES2,HV battery management slave 2,,0x6506,2E,write,_SCHUETZ_K1,K1 contactor,K1 Schütz,0,2,,,SMES2_82.prg rev 1.0 (2011),
"BMW ActiveE (E82, ""BEV10"")",Gen1 BEV (2011-2013),SMES2,HV battery management slave 2,,0x6507,2E,write,_SCHUETZ_K2,K2 contactor,K2 Schütz,0,2,,,SMES2_82.prg rev 1.0 (2011),
"BMW ActiveE (E82, ""BEV10"")",Gen1 BEV (2011-2013),SMES2,HV battery management slave 2,,0x6508,2E,write,_SCHUETZ_K3,K3 contactor,K3 Schütz,0,2,,,SMES2_82.prg rev 1.0 (2011),
"BMW ActiveE (E82, ""BEV10"")",Gen1 BEV (2011-2013),SMES2,HV battery management slave 2,,0x6509,2E,write,_SERIENNUMMER,HV battery (storage) serial number,Speicherseriennummer,0,2,,,SMES2_82.prg rev 1.0 (2011),
"BMW ActiveE (E82, ""BEV10"")",Gen1 BEV (2011-2013),SMES2,HV battery management slave 2,,0x650B,2E,write,_ENTLADE_SPANNUNGSGRENZE,Discharge voltage limit,Entlade-Spannungsgrenze,0,2,,,SMES2_82.prg rev 1.0 (2011),
"BMW ActiveE (E82, ""BEV10"")",Gen1 BEV (2011-2013),SMES2,HV battery management slave 2,,0x650C,2E,write,_SCHUETZ_K4,K4 contactor,K4 Schütz,0,2,,,SMES2_82.prg rev 1.0 (2011),
"BMW ActiveE (E82, ""BEV10"")",Gen1 BEV (2011-2013),SMES2,HV battery management slave 2,,0x650D,2E,write,_SCHUETZ_K5,K5 contactor,K5 Schütz,0,2,,,SMES2_82.prg rev 1.0 (2011),
"BMW ActiveE (E82, ""BEV10"")",Gen1 BEV (2011-2013),SMES2,HV battery management slave 2,,0x650E,2E,write,_SCHUETZ_K6,K6 contactor,K6 Schütz,0,2,,,SMES2_82.prg rev 1.0 (2011),
"BMW ActiveE (E82, ""BEV10"")",Gen1 BEV (2011-2013),SMES2,HV battery management slave 2,,0x650F,2E,write,_SCHUETZ_K7,K7 contactor,K7 Schütz,0,2,,,SMES2_82.prg rev 1.0 (2011),
"BMW ActiveE (E82, ""BEV10"")",Gen1 BEV (2011-2013),SMES2,HV battery management slave 2,,0x6511,2E,write,_SYM_MODUS,Symmetry mode of the SEM,Symmetriemodus der SEM,0,2,,,SMES2_82.prg rev 1.0 (2011),
"BMW ActiveE (E82, ""BEV10"")",Gen1 BEV (2011-2013),SMES2,HV battery management slave 2,,0x6512,2E,write,_MESSBOTSCHAFTEN,Switch measurement messages on / off,Messbotschaften ein/ausschalten,0,2,,,SMES2_82.prg rev 1.0 (2011),
"BMW ActiveE (E82, ""BEV10"")",Gen1 BEV (2011-2013),SMES2,HV battery management slave 2,,0x6514,2E,write,_FUSI_ENTPRELLZEITEN,Increase debounce times for FuSi level 2 (functional safety) functions,Entprellzeiten für FuSi-Ebene2-Funktionen hochsetzen,0,2,,,SMES2_82.prg rev 1.0 (2011),
"BMW ActiveE (E82, ""BEV10"")",Gen1 BEV (2011-2013),SMES2,HV battery management slave 2,,0x6516,22,read,_ST_SYM_MODUS,Status of the SME cell balancing mode,Status Symmetriermodus der SME,1,0,unsigned char,0-n,SMES2_82.prg rev 1.0 (2011),
"BMW ActiveE (E82, ""BEV10"")",Gen1 BEV (2011-2013),SMES2,HV battery management slave 2,,0x6518,2E,write,_CSC_INDIZIERUNG_BEV_10,CSC indexing for BEV-10,CSC-Indizierung beim BEV-10,0,1,,,SMES2_82.prg rev 1.0 (2011),
"BMW ActiveE (E82, ""BEV10"")",Gen1 BEV (2011-2013),SMES2,HV battery management slave 2,,0x6519,2E,write,_CSC_STANDBY,Put CSCs in standby mode,CSCs in Standby-Mode setzen,0,2,,,SMES2_82.prg rev 1.0 (2011),
"BMW ActiveE (E82, ""BEV10"")",Gen1 BEV (2011-2013),SMES2,HV battery management slave 2,,0x651B,2E,write,_ANFORDERUNG_SCHUETZE_SCHLIESSEN,Close contactor,Schütze schließen,0,2,,,SMES2_82.prg rev 1.0 (2011),
"BMW ActiveE (E82, ""BEV10"")",Gen1 BEV (2011-2013),SMES2,HV battery management slave 2,,0xAD61,31,routine,ISOLATION,Isolation test result,Ergebnis Isolationstest,2,0,,,SMES2_82.prg rev 1.0 (2011),
"BMW ActiveE (E82, ""BEV10"")",Gen1 BEV (2011-2013),SMES2,HV battery management slave 2,,0xDD61,2E;22,read/write,SCHUETZ_FREIGABE,Writes or reads the bit to enable or disable the contactor switch. Job is clamp-safe,Schreibt bzw. liest das Bit zur Freigabe oder Sperrung der Schützschalter. Job ist Klemmensicher,1,1,unsigned char,0-n,SMES2_82.prg rev 1.0 (2011),
"BMW ActiveE (E82, ""BEV10"")",Gen1 BEV (2011-2013),SMES2,HV battery management slave 2,,0xDD62,22,read,HV_STROM_MAX,Maximum HV current,maximaler HV Strom,2,0,,,SMES2_82.prg rev 1.0 (2011),
"BMW ActiveE (E82, ""BEV10"")",Gen1 BEV (2011-2013),SMES2,HV battery management slave 2,,0xDD63,22,read,SCHUETZSCHALTUNGEN_ANZAHL,Number of switchings of the contactor switch (currentless and under load),Anzahl der Schaltungen der Schützschalter (stromlos und unter Last),1,0,unsigned long,,SMES2_82.prg rev 1.0 (2011),
"BMW ActiveE (E82, ""BEV10"")",Gen1 BEV (2011-2013),SMES2,HV battery management slave 2,,0xDD64,22,read,HVIL,Disturb/disable the interlock generator in the BMS / HVIL test result,Stören/Abschalten des Interlockgenerators im BMS / Ergebnis HVIL-Prüfung,1,0,unsigned char,0-n,SMES2_82.prg rev 1.0 (2011),
"BMW ActiveE (E82, ""BEV10"")",Gen1 BEV (2011-2013),SMES2,HV battery management slave 2,,0xDD65,22,read,SOC_MIN_MAX,Min/max values of the SOC,Min-/Maxwerte des SOC,2,0,,,SMES2_82.prg rev 1.0 (2011),
"BMW ActiveE (E82, ""BEV10"")",Gen1 BEV (2011-2013),SMES2,HV battery management slave 2,,0xDD66,22,read,HV_SPANNUNG,HV voltage of the DC link before the contactors,HV-Spannung des Zwischenkreises vor den Schützen,1,0,unsigned int,V,SMES2_82.prg rev 1.0 (2011),
"BMW ActiveE (E82, ""BEV10"")",Gen1 BEV (2011-2013),SMES2,HV battery management slave 2,,0xDD67,22,read,ANZAHL_KUEHLANFORDERUNG_DRINGEND,Counter describing how often a higher temperature state was reached in consecutive terminal cycles. (Maximum value),Zähler beschreibt wie häufig in aufeinanderfolgenden Klemmenzyklen in einen höheren Temperaturzustand gefahren wurde. (Maximalwert),1,0,unsigned char,,SMES2_82.prg rev 1.0 (2011),
"BMW ActiveE (E82, ""BEV10"")",Gen1 BEV (2011-2013),SMES2,HV battery management slave 2,,0xDD68,22,read,HV_SPANNUNG_BERECHNET,HV voltage calculated from the individual cells (battery voltage behind the contactors),HV-Spannung berechnet aus den einzelnen Zellen (Batteriespannung hinter den Schützen),1,0,unsigned int,V,SMES2_82.prg rev 1.0 (2011),
"BMW ActiveE (E82, ""BEV10"")",Gen1 BEV (2011-2013),SMES2,HV battery management slave 2,,0xDD69,22,read,HV_STROM,HV electricity,HV-Strom,1,0,long,A,SMES2_82.prg rev 1.0 (2011),
"BMW ActiveE (E82, ""BEV10"")",Gen1 BEV (2011-2013),SMES2,HV battery management slave 2,,0xDD6F,2E;22,read/write,KUEHLKREISLAUF_VENTIL,Status / control coolant valve: Closed or open / close or open,Status / Steuern Kühlmittel-Ventil: Geschlossen oder offen / schliessen oder öffnen,1,1,unsigned char,0-n,SMES2_82.prg rev 1.0 (2011),
"BMW ActiveE (E82, ""BEV10"")",Gen1 BEV (2011-2013),SMES2,HV battery management slave 2,,0xDD72,22,read,AUFSTART_VERHINDERER,Reason for not starting the HV system,Grund für nicht Aufstarten des HV-Systems,1,0,unsigned char,0-n,SMES2_82.prg rev 1.0 (2011),
"BMW ActiveE (E82, ""BEV10"")",Gen1 BEV (2011-2013),SMES2,HV battery management slave 2,,0xDD73,22,read,CUMULATIVE_LADUNG,Status cumulative charge,Status kumulierte Ladung,1,0,unsigned long,Ah,SMES2_82.prg rev 1.0 (2011),
"BMW ActiveE (E82, ""BEV10"")",Gen1 BEV (2011-2013),SMES2,HV battery management slave 2,,0xDD74,22,read,CUMULATIVE_ENTLADUNG,Status cumulative discharge,Status kumulierte Entladung,1,0,unsigned long,Ah,SMES2_82.prg rev 1.0 (2011),
"BMW ActiveE (E82, ""BEV10"")",Gen1 BEV (2011-2013),SMES2,HV battery management slave 2,,0xDD76,22,read,STATUS_KL30C_SPANNUNG,Voltage terminal 30C,Spannung Klemme 30C,1,0,unsigned char,V,SMES2_82.prg rev 1.0 (2011),
"BMW ActiveE (E82, ""BEV10"")",Gen1 BEV (2011-2013),SMES2,HV battery management slave 2,,0xDD7B,22;2E,read/write,REFERENZ_KAPAZITAET,Read and adjust battery capacity,Auslesen und Justieren Kapazität Batterie,1,1,unsigned long,Ah,SMES2_82.prg rev 1.0 (2011),
"BMW ActiveE (E82, ""BEV10"")",Gen1 BEV (2011-2013),SMES2,HV battery management slave 2,,0xDD7C,22,read,GW_INFO,Warranty data,Gewährleistungsdaten,26,0,,,SMES2_82.prg rev 1.0 (2011),
"BMW ActiveE (E82, ""BEV10"")",Gen1 BEV (2011-2013),SMES2,HV battery management slave 2,,0xDD7D,22,read,STROMGRENZEN,Current limits,Stromgrenzen,2,0,,,SMES2_82.prg rev 1.0 (2011),
"BMW ActiveE (E82, ""BEV10"")",Gen1 BEV (2011-2013),SMES2,HV battery management slave 2,,0xDD7E,22,read,SPANNUNGSGRENZEN,Voltage limits,Spannungsgrenzen,2,0,,,SMES2_82.prg rev 1.0 (2011),
"BMW ActiveE (E82, ""BEV10"")",Gen1 BEV (2011-2013),SMES2,HV battery management slave 2,,0xDD8E,22,read,HVB_HISTORIE_ZYKLEN,Output of the sum of cyclizations in the respective range during charging/discharging and output of the current loads,Ausgabe der Summe von Zyklisierungen im jeweiligen Bereich bei der Ladung / Entladung und Ausgabe der Strombelastungen,28,0,,,SMES2_82.prg rev 1.0 (2011),
"BMW ActiveE (E82, ""BEV10"")",Gen1 BEV (2011-2013),SMES2,HV battery management slave 2,,0xDD90,22,read,ZEIT_TEMP_HISTOGRAMM,Time in various temperature classes and main contactor states,Zeit in verschiedenen Temperaturklasse und Hauptschalterzuständen,20,0,,,SMES2_82.prg rev 1.0 (2011),
"BMW ActiveE (E82, ""BEV10"")",Gen1 BEV (2011-2013),SMES2,HV battery management slave 2,,0xDD91,22,read,ZEIT_SOC_KLASSE,Time since installation in SOC classes,Zeit seit Einbau in SOC-Klassen,10,0,,,SMES2_82.prg rev 1.0 (2011),
"BMW ActiveE (E82, ""BEV10"")",Gen1 BEV (2011-2013),SMES2,HV battery management slave 2,,0xDD92,22,read,HVB_HISTORIE_MIN_SOC,"History, state of charge, minimum value of the last five days",Historie Ladungszustand Minimalwert der letzten fünf Tage,6,0,,,SMES2_82.prg rev 1.0 (2011),
"BMW ActiveE (E82, ""BEV10"")",Gen1 BEV (2011-2013),SMES2,HV battery management slave 2,,0xDD93,22,read,HVB_HISTORIE_MAX_SOC,"History, state of charge, maximum value of the last five days",Historie Ladungszustand Maximalwert der letzten fünf Tage,6,0,,,SMES2_82.prg rev 1.0 (2011),
"BMW ActiveE (E82, ""BEV10"")",Gen1 BEV (2011-2013),SMES2,HV battery management slave 2,,0xDD94,22,read,HV_BATT_HIST_SOC_T1,Number of cycles at temperature < 0°C  and at different values of current and SoC,Anzahl der Zyklen bei Temperatur < 0°C  und bei unterschiedlichen Werten von Strom und SoC,70,0,,,SMES2_82.prg rev 1.0 (2011),
"BMW ActiveE (E82, ""BEV10"")",Gen1 BEV (2011-2013),SMES2,HV battery management slave 2,,0xDD95,22,read,HV_BATT_HIST_SOC_T2,Number of cycles at temperature 0°C < T < 10°C and at different values of current and SoC,Anzahl der Zyklen bei Temperatur 0°C < T < 10°C und bei unterschiedlichen Werten von Strom und SoC,70,0,,,SMES2_82.prg rev 1.0 (2011),
"BMW ActiveE (E82, ""BEV10"")",Gen1 BEV (2011-2013),SMES2,HV battery management slave 2,,0xDD96,22,read,HV_BATT_HIST_SOC_T3,Number of cycles at temperature 10°C < T < 20°C and at different values of current and SoC.,Anzahl der Zyklen bei Temperatur 10°C < T < 20°C und bei unterschiedlichen Werten von Strom und SoC.,70,0,,,SMES2_82.prg rev 1.0 (2011),
"BMW ActiveE (E82, ""BEV10"")",Gen1 BEV (2011-2013),SMES2,HV battery management slave 2,,0xDD97,22,read,HV_BATT_HIST_SOC_T4,Number of cycles at temperature 20°C < T < 30°C and at different values of current and SoC,Anzahl der Zyklen bei Temperatur 20°C < T < 30°C und bei unterschiedlichen Werten von Strom und SoC,70,0,,,SMES2_82.prg rev 1.0 (2011),
"BMW ActiveE (E82, ""BEV10"")",Gen1 BEV (2011-2013),SMES2,HV battery management slave 2,,0xDD98,22,read,HV_BATT_HIST_SOC_T5,Number of cycles at temperature 30°C < T < 40°C and at different values of current and SoC.,Anzahl der Zyklen bei Temperatur 30°C < T < 40°C und bei unterschiedlichen Werten von Strom und SoC.,70,0,,,SMES2_82.prg rev 1.0 (2011),
"BMW ActiveE (E82, ""BEV10"")",Gen1 BEV (2011-2013),SMES2,HV battery management slave 2,,0xDD99,22,read,HV_BATT_HIST_SOC_T6,Number of cycles at temperature 40°C < T < 50°C and at different values of current and SoC,Anzahl der Zyklen bei Temperatur 40°C < T < 50°C und bei unterschiedlichen Werten von Strom und SoC,70,0,,,SMES2_82.prg rev 1.0 (2011),
"BMW ActiveE (E82, ""BEV10"")",Gen1 BEV (2011-2013),SMES2,HV battery management slave 2,,0xDD9A,22,read,HV_BATT_HIST_SOC_T7,Values for histogram of the HV battery in the temperature range above 50°C,Werte für Histogramm der Hochvoltbatterie im Temperaturbereich über 50°C,70,0,,,SMES2_82.prg rev 1.0 (2011),
"BMW ActiveE (E82, ""BEV10"")",Gen1 BEV (2011-2013),SMES2,HV battery management slave 2,,0xDD9B,22,read,ZELLSPANNUNG_MODUL_9,"Currently measured cell voltages, module 9",aktuell gemessene Zellspannungen Modul 9,12,0,,,SMES2_82.prg rev 1.0 (2011),
"BMW ActiveE (E82, ""BEV10"")",Gen1 BEV (2011-2013),SMES2,HV battery management slave 2,,0xDD9C,22,read,ZELLSPANNUNG_MODUL_10,"Currently measured cell voltages, module 10",aktuell gemessene Zellspannungen Modul 10,12,0,,,SMES2_82.prg rev 1.0 (2011),
"BMW ActiveE (E82, ""BEV10"")",Gen1 BEV (2011-2013),SMES2,HV battery management slave 2,,0xDD9D,22,read,ZELLSPANNUNG_MODUL_11,"Currently measured cell voltages, module 11",aktuell gemessene Zellspannungen Modul 11,12,0,,,SMES2_82.prg rev 1.0 (2011),
"BMW ActiveE (E82, ""BEV10"")",Gen1 BEV (2011-2013),SMES2,HV battery management slave 2,,0xDD9E,22,read,ZELLSPANNUNG_MODUL_12,"Currently measured cell voltages, module 12",aktuell gemessene Zellspannungen Modul 12,12,0,,,SMES2_82.prg rev 1.0 (2011),
"BMW ActiveE (E82, ""BEV10"")",Gen1 BEV (2011-2013),SMES2,HV battery management slave 2,,0xDD9F,22,read,FAHRGESTELLNUMMER,Current chassis number (VIN) of the vehicle in which the HV battery (storage) is installed,"aktuelle Fahrgestellnummer des Fahrzeugs, in dem der Hochvoltspeicher verbaut ist",1,0,string[7],,SMES2_82.prg rev 1.0 (2011),
"BMW ActiveE (E82, ""BEV10"")",Gen1 BEV (2011-2013),SMES2,HV battery management slave 2,,0xDDA1,22;2E,read/write,KUEHLMITTELPUMPE,Result values or control of the coolant pump for cooling the HV battery in % (0-100%),Resultwerte oder Steuerung der Kühlmittelpumpe für die Kühlung des Hochvoltspeichers in % (0-100%),1,2,unsigned char,%,SMES2_82.prg rev 1.0 (2011),
"BMW ActiveE (E82, ""BEV10"")",Gen1 BEV (2011-2013),SMES2,HV battery management slave 2,,0xDDA2,22,read,TEMP_SENSOREN_BEV10,Return the temperature values of all CSCs,Rückgabe der Temperaturwerte aller CSCs,52,0,,,SMES2_82.prg rev 1.0 (2011),
"BMW ActiveE (E82, ""BEV10"")",Gen1 BEV (2011-2013),SMES2,HV battery management slave 2,,0xDDA3,22,read,ZELLSPANNUNG_MODUL_13,"Currently measured cell voltages, module 13",aktuell gemessene Zellspannungen Modul 13,12,0,,,SMES2_82.prg rev 1.0 (2011),
"BMW ActiveE (E82, ""BEV10"")",Gen1 BEV (2011-2013),SMES2,HV battery management slave 2,,0xDDA5,2E;22,read/write,FREIGABE_KUEHLMITTELPUMPE,"Enable or read out status of the coolant pump (0 = not enabled, 1 = enabled)","Freigeben oder Auslesen Status der Kühlmittelpumpe (0 = nicht freigegeben, 1 = freigegeben)",1,1,unsigned char,0/1,SMES2_82.prg rev 1.0 (2011),
"BMW ActiveE (E82, ""BEV10"")",Gen1 BEV (2011-2013),SMES2,HV battery management slave 2,,0xDDA6,22,read,SCHUETZ_SCHALTER_BEV10,"Status of the three contactor switches for the 3 HV batteries: transmission tunnel, front section, tank","Status der drei Schützeschalter für die 3 HV-Batterien Getriebetunnel, Vorderbau, Tank",3,0,,,SMES2_82.prg rev 1.0 (2011),
"BMW ActiveE (E82, ""BEV10"")",Gen1 BEV (2011-2013),SMES2,HV battery management slave 2,,0xDDA7,22,read,ISOLATIONSWIDERSTAND_BEV10,Value of all insulation resistances (all HV batteries),Wert aller Isolationswiderstände (alle HV-Batterien),12,0,,,SMES2_82.prg rev 1.0 (2011),
"BMW ActiveE (E82, ""BEV10"")",Gen1 BEV (2011-2013),SMES2,HV battery management slave 2,,0xDDA8,22,read,CSC_IDS_BEV10,HW numbers of all CSCs (Cell Supervisory Circuit) of the BEV2010,HW Nummern aller CSCs (Cell Supervisory Circuit) vom BEV2010,13,0,,,SMES2_82.prg rev 1.0 (2011),
"BMW ActiveE (E82, ""BEV10"")",Gen1 BEV (2011-2013),SMES2,HV battery management slave 2,,0xDDA9,22,read,KUEHLKREISLAUF_TEMP_BEV10,Coolant circuit temperature BEV2010,Temperatur Kühlkreislauf BEV2010,3,0,,,SMES2_82.prg rev 1.0 (2011),
"BMW ActiveE (E82, ""BEV10"")",Gen1 BEV (2011-2013),SMES2,HV battery management slave 2,,0xDDAA,22,read,HV_SPANNUNG_BATT_BEV10,Values for HV voltages for the BEV2010,Werte für HV-Spannungen beim BEV2010,14,0,,,SMES2_82.prg rev 1.0 (2011),
"BMW ActiveE (E82, ""BEV10"")",Gen1 BEV (2011-2013),SMES2,HV battery management slave 2,,0xDDAD,22,read,VARIANTE_CSCS_BEV10,Return the CSC variant of all modules,Rückgabe der CSC Variante aller Module,13,0,,,SMES2_82.prg rev 1.0 (2011),
"BMW ActiveE (E82, ""BEV10"")",Gen1 BEV (2011-2013),SMES2,HV battery management slave 2,,0xDDAE,22,read,ZELLSPANNUNG_MODUL_4,"Currently measured cell voltages, module 4",aktuell gemessene Zellspannungen Modul 4,12,0,,,SMES2_82.prg rev 1.0 (2011),
"BMW ActiveE (E82, ""BEV10"")",Gen1 BEV (2011-2013),SMES2,HV battery management slave 2,,0xDDAF,22,read,ZELLSPANNUNG_MODUL_5,"Currently measured cell voltages, module 5",aktuell gemessene Zellspannungen Modul 5,12,0,,,SMES2_82.prg rev 1.0 (2011),
"BMW ActiveE (E82, ""BEV10"")",Gen1 BEV (2011-2013),SMES2,HV battery management slave 2,,0xDDB0,22,read,ZELLSPANNUNG_MODUL_6,"Currently measured cell voltages, module 6",aktuell gemessene Zellspannungen Modul 6,12,0,,,SMES2_82.prg rev 1.0 (2011),
"BMW ActiveE (E82, ""BEV10"")",Gen1 BEV (2011-2013),SMES2,HV battery management slave 2,,0xDDB1,22,read,ZELLSPANNUNG_MODUL_7,"Currently measured cell voltages, module 7",aktuell gemessene Zellspannungen Modul 7,12,0,,,SMES2_82.prg rev 1.0 (2011),
"BMW ActiveE (E82, ""BEV10"")",Gen1 BEV (2011-2013),SMES2,HV battery management slave 2,,0xDDB2,22,read,ZELLSPANNUNG_MODUL_8,"Currently measured cell voltages, module 8",aktuell gemessene Zellspannungen Modul 8,12,0,,,SMES2_82.prg rev 1.0 (2011),
"BMW ActiveE (E82, ""BEV10"")",Gen1 BEV (2011-2013),SMES2,HV battery management slave 2,,0xDDB6,22,read,ALTERUNG_INNENWIDERSTAND,"Resistance increase: resistance increased by x %, percentage value: (R_akt / R_neu - 1) * 100, 0 = end of life reached, 100 = new condition","Widerstandserhöhung: Widerstand um x % erhöht, prozentualer Wert: (R_akt / R_neu - 1) *100, 0 = Lebensdauerende erreicht, 100 = Neuzustand",1,0,unsigned int,%,SMES2_82.prg rev 1.0 (2011),
"BMW ActiveE (E82, ""BEV10"")",Gen1 BEV (2011-2013),SMES2,HV battery management slave 2,,0xDDB7,22,read,ALTERUNG_KAPAZITAET,"Remaining capacity of the battery (storage), percentage value: ( C_akt/C_nenn(neu) ) * 100, 0 = end of life reached, 100 = new condition","Restkapazität des Speichers, prozentualer Wert: ( C_akt/C_nenn(neu) ) * 100, 0 = Lebensdauerende erreicht, 100 = Neuzustand",1,0,unsigned int,%,SMES2_82.prg rev 1.0 (2011),
"BMW ActiveE (E82, ""BEV10"")",Gen1 BEV (2011-2013),SMES2,HV battery management slave 2,,0xDDB9,22,read,ZELLSPANNUNG_MODUL_1,"Currently measured cell voltages in V, module 1",aktuell gemessene Zellspannungen in V Modul 1,12,0,,,SMES2_82.prg rev 1.0 (2011),
"BMW ActiveE (E82, ""BEV10"")",Gen1 BEV (2011-2013),SMES2,HV battery management slave 2,,0xDDBA,22,read,ZELLSPANNUNG_MODUL_2,"Currently measured cell voltages, module 2",aktuell gemessene Zellspannungen Modul 2,12,0,,,SMES2_82.prg rev 1.0 (2011),
"BMW ActiveE (E82, ""BEV10"")",Gen1 BEV (2011-2013),SMES2,HV battery management slave 2,,0xDDBB,22,read,ZELLSPANNUNG_MODUL_3,"Currently measured cell voltages in V, module 3",aktuell gemessene Zellspannungen in V Modul 3,12,0,,,SMES2_82.prg rev 1.0 (2011),
"BMW ActiveE (E82, ""BEV10"")",Gen1 BEV (2011-2013),SMES2,HV battery management slave 2,,0xDDBC,22,read,ANZEIGE_SOC,current advertisement Soc,aktueller Anzeige Soc,3,0,,,SMES2_82.prg rev 1.0 (2011),
"BMW ActiveE (E82, ""BEV10"")",Gen1 BEV (2011-2013),SMES2,HV battery management slave 2,,0xDDBD,22,read,SERVICE_DISCONNECT,"Status of the service disconnect (0 = open, 1 = closed)","Status des Service Disconnects (0 = offen,1 = geschlossen)",1,0,unsigned char,0/1,SMES2_82.prg rev 1.0 (2011),
"BMW ActiveE (E82, ""BEV10"")",Gen1 BEV (2011-2013),SMES2,HV battery management slave 2,,0xDDBE,22,read,ZEIT_VORLADUNG,Last required precharge time (ring buffer),zuletzt benötigte Vorladezeit (Ringpuffer),15,0,,,SMES2_82.prg rev 1.0 (2011),
"BMW ActiveE (E82, ""BEV10"")",Gen1 BEV (2011-2013),SMES2,HV battery management slave 2,,0xDDBF,22,read,ZELLSPANNUNGEN_MIN_MAX,minimum and maximum single cell voltages are output,minimale und maximale Einzelzellspannungen werden ausgegeben,2,0,,,SMES2_82.prg rev 1.0 (2011),
"BMW ActiveE (E82, ""BEV10"")",Gen1 BEV (2011-2013),SMES2,HV battery management slave 2,,0xDDC0,22,read,TEMPSENSOREN_MIN_MAX,Output of the minimum and maximum temperature values of all individual cells,Ausgabe der minimalen und maximalen Temperaturwerte aller Einzelzellen,2,0,,,SMES2_82.prg rev 1.0 (2011),
"BMW ActiveE (E82, ""BEV10"")",Gen1 BEV (2011-2013),SMES2,HV battery management slave 2,,0xDDC2,22,read,ALTERUNG_PARAMETER,Aging values of the series/parallel ohmic resistance and the parallel capacitance,Alterungswerte des seriellen/parallelen ohmschen Widerstandes und der parallelen Kapazität,6,0,,,SMES2_82.prg rev 1.0 (2011),
"BMW ActiveE (E82, ""BEV10"")",Gen1 BEV (2011-2013),SMES2,HV battery management slave 2,,0xDDC4,22,read,SOC,Return SOC value (in %) and plausibility,Rückgabe SOC Wert (in %) und Plausibilität,2,0,,,SMES2_82.prg rev 1.0 (2011),
"BMW ActiveE (E82, ""BEV10"")",Gen1 BEV (2011-2013),SMES2,HV battery management slave 2,,0xDDC6,22,read,HISTO_SYM_DAUER,Read the number of cell balancing events in the respective time classes (target time during which the balancing resistors are to be switched active).,Auslesen der Anzahl von Symmetriervorgängen in den jeweiligen Zeitklassen (Soll-Zeit in der die Symmetrierwiderstände aktiv geschaltet werden sollen).,8,0,,,SMES2_82.prg rev 1.0 (2011),
"BMW ActiveE (E82, ""BEV10"")",Gen1 BEV (2011-2013),SMES2,HV battery management slave 2,,0xDDC7,22,read,HISTO_SYM_ZELLANZAHL,Read the number of sleep events in which the respective cell count was commanded for cell balancing.,Auslesen der Anzahl der Einschlafvorgänge in denen die jeweiligen Zellzahl zur Symmetrierung angewiesen wurden.,8,0,,,SMES2_82.prg rev 1.0 (2011),
"BMW ActiveE (E82, ""BEV10"")",Gen1 BEV (2011-2013),SMES2,HV battery management slave 2,,0xDDC8,22,read,SYM_DELTASOC,Maximum SoC difference in% over the entire HVS. Ring memory of the last 5 trips,Maximale SoC-Differenz in % über den gesamten HVS. Ringspeicher der letzten 5 Fahrten,5,0,,,SMES2_82.prg rev 1.0 (2011),
"BMW ActiveE (E82, ""BEV10"")",Gen1 BEV (2011-2013),SMES2,HV battery management slave 2,,0xDDC9,22,read,MAX_SYM_DAUER,Maximum cell-balancing duration of the last successful balancing operations,Maximale Symmetrierdauer der zuletzt erfolgreichen Symmetriervorgängen,10,0,,,SMES2_82.prg rev 1.0 (2011),
"BMW ActiveE (E82, ""BEV10"")",Gen1 BEV (2011-2013),SMES2,HV battery management slave 2,,0xDDCA,22,read,SERIENNUMMER_ECU,Serial number SME ECU,Seriennummer SME Steuergerät,1,0,string[10],,SMES2_82.prg rev 1.0 (2011),
"BMW ActiveE (E82, ""BEV10"")",Gen1 BEV (2011-2013),KLE,On-board charger,,0xDF20,22,read,BETRIEBSART_AKTUELL,Status of the current operating mode of the charger electronics,Status aktuelle Betriebsart Ladeelektronik,1,0,unsigned char,0-n,KLE_82E.prg rev 2.0 (2012),
"BMW ActiveE (E82, ""BEV10"")",Gen1 BEV (2011-2013),KLE,On-board charger,,0xDF21,22,read,FEHLERZUSTAENDE,Fault states of the charging electronics,Fehlerzustände der Ladeelektronik,1,0,BITFIELD,bit,KLE_82E.prg rev 2.0 (2012),
"BMW ActiveE (E82, ""BEV10"")",Gen1 BEV (2011-2013),KLE,On-board charger,,0xDF22,22,read,URSACHE_DERATING,Derating status (cause and value of the degradation),Status Derating (Ursache und Wert der Degradierung),1,0,BITFIELD,bit,KLE_82E.prg rev 2.0 (2012),
"BMW ActiveE (E82, ""BEV10"")",Gen1 BEV (2011-2013),KLE,On-board charger,,0xDF23,22,read,WIRKUNGSGRAD,Efficiency status,Status Wirkungsgrad,1,0,unsigned char,%,KLE_82E.prg rev 2.0 (2012),
"BMW ActiveE (E82, ""BEV10"")",Gen1 BEV (2011-2013),KLE,On-board charger,,0xDF24,22,read,WIRKUNGSGRAD_LADEZYKLUS,Charge cycle efficiency status,Status Wirkungsgrad Ladezyklus,1,0,unsigned char,%,KLE_82E.prg rev 2.0 (2012),
"BMW ActiveE (E82, ""BEV10"")",Gen1 BEV (2011-2013),KLE,On-board charger,,0xDF25,22,read,AC_PHASENANZAHL,Status of the number of AC phases,Status AC-Phasenanzahl,1,0,unsigned char,,KLE_82E.prg rev 2.0 (2012),
"BMW ActiveE (E82, ""BEV10"")",Gen1 BEV (2011-2013),KLE,On-board charger,,0xDF26,22,read,NETZFREQUENZ,Mains frequency status per phase,Status Netzfrequenz pro Leiter,1,0,unsigned char,,KLE_82E.prg rev 2.0 (2012),
"BMW ActiveE (E82, ""BEV10"")",Gen1 BEV (2011-2013),KLE,On-board charger,,0xDF27,22,read,LADEDAUER,Charge duration status,Status Ladedauer,1,0,unsigned int,s,KLE_82E.prg rev 2.0 (2012),
"BMW ActiveE (E82, ""BEV10"")",Gen1 BEV (2011-2013),KLE,On-board charger,,0xDF28,22,read,TEMPERATUR_LADEELEKTRONIK,Current temperature of charging electronics,aktuelle Temperatur Ladeelektronik,1,0,unsigned char,°C,KLE_82E.prg rev 2.0 (2012),
"BMW ActiveE (E82, ""BEV10"")",Gen1 BEV (2011-2013),KLE,On-board charger,,0xDF29,22,read,SME_BEGRENZUNGSGROESSEN,Charging power limitation values from SME,Begrenzungsgrößen der Ladeleistung durch SME,2,0,,,KLE_82E.prg rev 2.0 (2012),
"BMW ActiveE (E82, ""BEV10"")",Gen1 BEV (2011-2013),KLE,On-board charger,,0xDF2A,22,read,URSACHE_LADEUNTERBRECHUNG,"Charge inhibitor status, charger electronics",Status Ladeverhinderer Ladeelektronik,1,0,BITFIELD,bit,KLE_82E.prg rev 2.0 (2012),
"BMW ActiveE (E82, ""BEV10"")",Gen1 BEV (2011-2013),KLE,On-board charger,,0xDF2B,22,read,CHARGE_ENABLE_HW,Status charge enable HW line,Status Charge Enable HW-Leitung,1,0,unsigned char,0-n,KLE_82E.prg rev 2.0 (2012),
"BMW ActiveE (E82, ""BEV10"")",Gen1 BEV (2011-2013),KLE,On-board charger,,0xDF2C,22,read,PILOT_SIGNAL,Pilot signal status,Status Pilot Signal,1,0,unsigned char,0-n,KLE_82E.prg rev 2.0 (2012),
"BMW ActiveE (E82, ""BEV10"")",Gen1 BEV (2011-2013),KLE,On-board charger,,0xDF2D,22,read,PROXIMITY_SIGNAL,Proximity status,Status Proximity,2,0,,,KLE_82E.prg rev 2.0 (2012),
"BMW ActiveE (E82, ""BEV10"")",Gen1 BEV (2011-2013),KLE,On-board charger,,0xDF2E,22,read,HVDC_LEISTUNG,Status HV DC power of the charger electronics,Status HV-DC Leistung Ladeelektronik,1,0,unsigned int,W,KLE_82E.prg rev 2.0 (2012),
"BMW ActiveE (E82, ""BEV10"")",Gen1 BEV (2011-2013),KLE,On-board charger,,0xDF2F,22,read,HVDC_LEISTUNG_MAX,Status maximum HV DC power of the charger electronics,Status maximale HV-DC Leistung Ladeelektronik,1,0,unsigned int,W,KLE_82E.prg rev 2.0 (2012),
"BMW ActiveE (E82, ""BEV10"")",Gen1 BEV (2011-2013),KLE,On-board charger,,0xDF30,22,read,AC_WIRKLEISTUNG_LADEZYKLUS,"Status of active power drawn from the mains, current charge cycle",Status aus dem Netz entnommene Wirkleistung aktueller Ladezyklus,1,0,unsigned int,W,KLE_82E.prg rev 2.0 (2012),
"BMW ActiveE (E82, ""BEV10"")",Gen1 BEV (2011-2013),KLE,On-board charger,,0xDF31,22,read,AC_SPANNUNG_EFFEKTIV,Status RMS values of the AC phase voltages per phase,Status Effektivwerte der AC-Leiterspannungen pro Leiter,1,0,unsigned char,V,KLE_82E.prg rev 2.0 (2012),
"BMW ActiveE (E82, ""BEV10"")",Gen1 BEV (2011-2013),KLE,On-board charger,,0xDF32,22,read,HVDC_SPANNUNG,HV DC voltage at the charging electronics,HV-DC Spannung an der Ladeelektronik,1,0,unsigned int,V,KLE_82E.prg rev 2.0 (2012),
"BMW ActiveE (E82, ""BEV10"")",Gen1 BEV (2011-2013),KLE,On-board charger,,0xDF33,22,read,HVDC_SPANNUNG_MAX,Maximum HV DC voltage at the charging electronics,maximale HV-DC Spannung an der Ladeelektronik,1,0,unsigned int,V,KLE_82E.prg rev 2.0 (2012),
"BMW ActiveE (E82, ""BEV10"")",Gen1 BEV (2011-2013),KLE,On-board charger,,0xDF34,22,read,HVDC_STROM,Status HV DC current of the charger electronics,Status HV-DC Strom Ladeelektronik,1,0,unsigned int,A,KLE_82E.prg rev 2.0 (2012),
"BMW ActiveE (E82, ""BEV10"")",Gen1 BEV (2011-2013),KLE,On-board charger,,0xDF35,22,read,HVDC_STROM_MAX,Status maximum HV DC current of the charger electronics,Status maximaler HV-DC Strom Ladeelektronik,1,0,unsigned int,A,KLE_82E.prg rev 2.0 (2012),
"BMW ActiveE (E82, ""BEV10"")",Gen1 BEV (2011-2013),KLE,On-board charger,,0xDF36,22,read,AC_STROM_EFFEKTIV_LEITER,Status RMS values of the AC phase currents per phase,Status Effektivwerte der AC-Leiterströme pro Leiter,1,0,unsigned int,A,KLE_82E.prg rev 2.0 (2012),
"BMW ActiveE (E82, ""BEV10"")",Gen1 BEV (2011-2013),KLE,On-board charger,,0xDF37,22,read,AC_STROM_MAX,Status maximum AC current of the charger electronics,Status maximaler AC-Strom Ladeelektronik,1,0,unsigned int,A,KLE_82E.prg rev 2.0 (2012),
"BMW ActiveE (E82, ""BEV10"")",Gen1 BEV (2011-2013),KLE,On-board charger,,0xDF38,22,read,KL30_SPANNUNG,Current voltage at terminal 30 of the charging electronics,Aktuelle Spannung an KL30 der Ladeelektronik,1,0,unsigned int,V,KLE_82E.prg rev 2.0 (2012),
"BMW ActiveE (E82, ""BEV10"")",Gen1 BEV (2011-2013),KLE,On-board charger,,0xDF39,2E;22,read/write,ABS_MAX_DC_STROM,Absolute measured maximum DC current,Absolut gemessener maximal DC Strom,3,1,,,KLE_82E.prg rev 2.0 (2012),
"BMW ActiveE (E82, ""BEV10"")",Gen1 BEV (2011-2013),KLE,On-board charger,,0xDF3A,22;2E,read/write,ABS_MAX_AC_CURRENT,Absolute measured maximum AC current,Absolut gemessener maximal AC Strom,3,1,,,KLE_82E.prg rev 2.0 (2012),
"BMW ActiveE (E82, ""BEV10"")",Gen1 BEV (2011-2013),KLE,On-board charger,,0xDF3B,22;2E,read/write,ABS_MIN_MAX_TEMPERATUR,Absolute measured maximum and minimum temperature,Absolut gemessene maximal und minimal Temperatur,2,1,,,KLE_82E.prg rev 2.0 (2012),
"BMW ActiveE (E82, ""BEV10"")",Gen1 BEV (2011-2013),KLE,On-board charger,,0xDF3D,22,read,SOFTWAREVERSION_LADEELEKTRONIK,SW version of the charger electronics,SW Version der Ladeelektronik,1,0,string,TEXT,KLE_82E.prg rev 2.0 (2012),
"BMW ActiveE (E82, ""BEV10"")",Gen1 BEV (2011-2013),KLE,On-board charger,,0xDF3F,22,read,DIGITAL_IN_OUT,Values of the digital inputs and outputs of the charger electronics,Werte der digitale In- und Outputs der Ladeelektronik,1,0,BITFIELD,bit,KLE_82E.prg rev 2.0 (2012),
"BMW ActiveE (E82, ""BEV10"")",Gen1 BEV (2011-2013),KLE,On-board charger,,0xDF43,22,read,PROXIMITY_PIN,Voltage and information about the connection of the proximity pin,Spannung und Information über die Verbindung des Proximity Pin,2,0,,,KLE_82E.prg rev 2.0 (2012),
"BMW ActiveE (E82, ""BEV10"")",Gen1 BEV (2011-2013),KLE,On-board charger,,0xDF44,22,read,PILOT_HW,"Information on frequency, duty cycle, and voltage of the pilot pin","Information über Frequenz, Duty Cycle und Spannung des Pilot Pins",4,0,,,KLE_82E.prg rev 2.0 (2012),
